Codigo,Descripcion,Limitada a un Sexo,Limite Inferior de edad,Limite Superior de edad
A000,"Colera debido a Vibrio cholerae 01, biotipo cholerae",,,
A001,"Colera debido a Vibrio cholerae 01, biotipo el Tor",,,
A009,"Colera, no especificado",,,
A010,Fiebre tifoidea,,,
A011,Fiebre paratifoidea A,,,
A012,Fiebre paratifoidea B,,,
A013,Fiebre paratifoidea C,,,
A014,"Fiebre paratifoidea, no especificada",,,
A020,Enteritis debida a Salmonella,,,
A021,Sepsis debida a Salmonella,,,
A022,Infecciones localizadas debidas a Salmonella,,,
A028,Otras infecciones especificadas como debidas a Salmonella,,,
A029,"Infeccion debida a Salmonella, no especificada",,,
A030,Shigelosis debida a Shigella dysenteriae,,,
A031,Shigelosis debida a Shigella flexneri,,,
A032,Shigelosis debida a Shigella boydii,,,
A033,Shigelosis debida a Shigella sonnei,,,
A038,Otras shigelosis,,,
A039,Shigelosis de tipo no especificado,,,
A040,Infeccion debida a Escherichia coli enteropatogena,,,
A041,Infeccion debida a Escherichia coli enterotoxigena,,,
A042,Infeccion debida a Escherichia coli enteroinvasiva,,,
A043,Infeccion debida a Escherichia coli enterohemorragica,,,
A044,Otras infecciones intestinales debidas a Escherichia coli,,,
A045,Enteritis debida a Campylobacter,,,
A046,Enteritis debida a Yersinia enterocolitica,,,
A047,Enterocolitis debida a Clostridium difficile,,,
A048,Otras infecciones intestinales bacterianas especificadas,,,
A049,"Infeccion intestinal bacteriana, no especificada",,,
A050,Intoxicacion alimentaria estafilococica,,,
A051,Botulismo,,,
A052,Intoxicacion alimentaria debida a Clostridium perfringens [Clostridium welchii],,,
A053,Intoxicacion alimentaria debida a Vibrio parahaemolyticus,,,
A054,Intoxicacion alimentaria debida a Bacillus cereus,,,
A058,Otras intoxicaciones alimentarias debidas a bacterias especificadas,,,
A059,"Intoxicacion alimentaria bacteriana, no especificada",,,
A060,Disenteria amebiana aguda,,,
A061,Amebiasis intestinal cronica,,,
A062,Colitis amebiana no disenterica,,,
A063,Ameboma intestinal,,,
A064,Absceso amebiano del higado,,,
A065,Absceso amebiano del pulmon,,,
A066,Absceso amebiano del cerebro,,,
A067,Amebiasis cutanea,,,
A068,Infeccion amebiana de otras localizaciones,,,
A069,"Amebiasis, no especificada",,,
A070,Balantidiasis,,,
A071,Giardiasis [lambliasis],,,
A072,Criptosporidiosis,,,
A073,Isosporiasis,,,
A078,Otras enfermedades intestinales especificadas debidas a protozoarios,,,
A079,"Enfermedad intestinal debida a protozoarios, no especificada",,,
A080,Enteritis debida a rotavirus,,,
A081,Gastroenteropatia aguda debida al agente de Norwalk,,,
A082,Enteritis debida a adenovirus,,,
A083,Otras enteritis virales,,,
A084,"Infeccion intestinal viral, sin otra especificacion",,,
A085,Otras infecciones intestinales especificadas,,,
A090,Otras gastroenteritis y colitis de origen infeccioso,,,
A099,Gastroenteritis y colitis de origen no especificado,,,
A150,"Tuberculosis del pulmon, confirmada por hallazgo microscopico del bacilo tuberculoso en esputo, con o sin cultivo",,028D,120A
A151,"Tuberculosis del pulmon, confirmada unicamente por cultivo",,028D,120A
A152,"Tuberculosis del pulmon, confirmada histologicamente",,028D,120A
A153,"Tuberculosis del pulmon, confirmada por medios no especificados",,028D,120A
A154,"Tuberculosis de ganglios linfaticos intratoracicos, confirmada bacteriologica e histologicamente",,028D,120A
A155,"Tuberculosis de laringe, traquea y bronquios, confirmada bacteriologica e histologicamente",,028D,120A
A156,"Pleuresia tuberculosa, confirmada bacteriologica e histologicamente",,028D,120A
A157,"Tuberculosis respiratoria primaria, confirmada bacteriologica e histologicamente",,028D,120A
A158,"Otras tuberculosis respiratorias, confirmadas bacteriologica e histologicamente",,028D,120A
A159,"Tuberculosis respiratoria no especificada, confirmada bacteriologica e histologicamente",,028D,120A
A160,"Tuberculosis del pulmon, con examen bacteriologico e histologico negativos",,028D,120A
A161,"Tuberculosis de pulmon, sin examen bacteriologico e histologico",,028D,120A
A162,"Tuberculosis de pulmon, sin mencion de confirmacion bacteriologica o histologica",,028D,120A
A163,"Tuberculosis de ganglios linfaticos intratoracicos, sin mencion de confirmacion bacteriologica o histologica",,028D,120A
A164,"Tuberculosis de laringe, traquea y bronquios, sin mencion de confirmacion bacteriologica o histologica",,028D,120A
A165,"Pleuresia tuberculosa, sin mencion de confirmacion bacteriologica o histologica",,028D,120A
A167,"Tuberculosis respiratoria primaria, sin mencion de confirmacion bacteriologica o histologica",,028D,120A
A168,"Otras tuberculosis respiratorias, sin mencion de confirmacion",,028D,120A
A169,"Tuberculosis respiratoria no especificada, sin mencion de confirmacion bacteriologica o histologica",,028D,120A
A170,Meningitis tuberculosa,,028D,120A
A171,Tuberculoma meningeo,,028D,120A
A178,Otras tuberculosis del sistema nervioso,,028D,120A
A179,"Tuberculosis del sistema nervioso, no especificada",,028D,120A
A180,Tuberculosis de huesos y articulaciones,,028D,120A
A181,Tuberculosis del aparato genitourinario,,028D,120A
A182,Linfadenopatia periferica tuberculosa,,028D,120A
A183,"Tuberculosis de los intestinos, el peritoneo y los ganglios mesentericos",,028D,120A
A184,Tuberculosis de la piel y el tejido subcutaneo,,028D,120A
A185,Tuberculosis del ojo,,028D,120A
A186,Tuberculosis del oido,,028D,120A
A187,Tuberculosis de glandulas suprarrenales,,028D,120A
A188,Tuberculosis de otros organos especificados,,028D,120A
A190,Tuberculosis miliar aguda de un solo sitio especificado,,028D,120A
A191,Tuberculosis miliar aguda de sitios multiples,,028D,120A
A192,"Tuberculosis miliar aguda, no especificada",,028D,120A
A198,Otras tuberculosis miliares,,028D,120A
A199,"Tuberculosis miliar, sin otra especificacion",,028D,120A
A200,Peste bubonica,,,
A201,Peste celulocutanea,,,
A202,Peste neumonica,,,
A203,Meningitis por peste,,,
A207,Peste septicemica,,,
A208,Otras formas de peste,,,
A209,"Peste, no especificada",,,
A210,Tularemia ulceroglandular,,,
A211,Tularemia oculoglandular,,,
A212,Tularemia pulmonar,,,
A213,Tularemia gastrointestinal,,,
A217,Tularemia generalizada,,,
A218,Otras formas de tularemia,,,
A219,"Tularemia, no especificada",,,
A220,Carbunco cutaneo,,,
A221,Carbunco pulmonar,,,
A222,Carbunco gastrointestinal,,,
A227,Carbunco septico,,,
A228,Otras formas de carbunco,,,
A229,"Carbunco, no especificado",,,
A230,Brucelosis debida a Brucella melitensis,,,
A231,Brucelosis debida a Brucella abortus,,,
A232,Brucelosis debida a Brucella suis,,,
A233,Brucelosis debida a Brucella canis,,,
A238,Otras brucelosis,,,
A239,"Brucelosis, no especificada",,,
A240,Muermo,,,
A241,Melioidosis aguda y fulminante,,,
A242,Melioidosis subaguda y cronica,,,
A243,Otras melioidosis,,,
A244,"Melioidosis, no especificada",,,
A250,Espirilosis,,,
A251,Estreptobacilosis,,,
A259,"Fiebre por mordedura de rata, no especificada",,,
A260,Erisipeloide cutaneo,,,
A267,Sepsis por Erysipelothrix,,,
A268,Otras formas de erisipeloide,,,
A269,"Erisipeloide, no especificada",,,
A270,Leptospirosis icterohemorragica,,,
A278,Otras formas de leptospirosis,,,
A279,"Leptospirosis, no especificada",,,
A280,Pasteurelosis,,,
A281,Enfermedad por rasguno de gato,,,
A282,Yersiniosis extraintestinal,,,
A288,"Otras enfermedades zoonoticas bacterianas especificadas, no clasificadas en otra parte",,,
A289,"Enfermedad zoonotica bacteriana, sin otra especificacion",,,
A300,Lepra indeterminada,,010A,120A
A301,Lepra tuberculoide,,010A,120A
A302,Lepra tuberculoide limitrofe,,010A,120A
A303,Lepra limitrofe,,010A,120A
A304,Lepra lepromatosa limitrofe,,010A,120A
A305,Lepra lepromatosa,,010A,120A
A308,Otras formas de lepra,,010A,120A
A309,"Lepra, no especificada",,010A,120A
A310,Infecciones por micobacterias pulmonares,,,
A311,Infeccion cutanea por micobacterias,,,
A318,Otras infecciones por micobacterias,,,
A319,"Infeccion por micobacteria, no especificada",,,
A320,Listeriosis cutanea,,028D,120A
A321,Meningitis y meningoencefalitis listeriana,,028D,120A
A327,Sepsis listeriana,,028D,120A
A328,Otras formas de listeriosis,,028D,120A
A329,"Listeriosis, no especificada",,028D,120A
A33X,Tetanos neonatal,,000H,027D
A34X,Tetanos obstetrico,2,010A,054A
A35X,Otros tetanos,,028D,120A
A360,Difteria faringea,,,
A361,Difteria nasofaringea,,,
A362,Difteria laringea,,,
A363,Difteria cutanea,,,
A368,Otras difterias,,,
A369,"Difteria, no especificada",,,
A370,Tos ferina debida a Bordetella pertussis,,,
A371,Tos ferina debida a Bordetella parapertussis,,,
A378,Tos ferina debida a otras especies de Bordetella,,,
A379,"Tos ferina, no especificada",,,
A38X,Escarlatina,,,
A390,Meningitis meningococica,,,
A391,Sindrome de Waterhouse-Friderichsen,,,
A392,Meningococemia aguda,,,
A393,Meningococemia cronica,,,
A394,"Meningococemia, no especificada",,,
A395,Enfermedad cardiaca debida a meningococo,,,
A398,Otras formas de enfermedad meningococica,,,
A399,"Enfermedad meningococica, no especificada",,,
A400,"Sepsis debida a estreptococo, grupo A",,028D,120A
A401,"Sepsis debida a estreptococo, grupo B",,028D,120A
A402,"Sepsis debida a estreptococo, grupo D",,028D,120A
A403,Sepsis debida a Streptococcus pneumoniae,,028D,120A
A408,Otras sepsis estreptococicas,,028D,120A
A409,"Sepsis estreptococica, no especificada",,028D,120A
A410,Sepsis debida a Staphylococcus aureus,,028D,120A
A411,Sepsis debida a otro estafilococo especificado,,028D,120A
A412,Sepsis debida a estafilococo no especificado,,028D,120A
A413,Sepsis debida a Haemophilus influenzae,,028D,120A
A414,Sepsis debida a anaerobios,,028D,120A
A415,Sepsis debida a otros organismos gramnegativos,,028D,120A
A418,Otras sepsis especificadas,,028D,120A
A419,"Sepsis, no especificada",,028D,120A
A420,Actinomicosis pulmonar,,,
A421,Actinomicosis abdominal,,,
A422,Actinomicosis cervicofacial,,,
A427,Sepsis actinomicotica,,,
A428,Otras formas de actinomicosis,,,
A429,"Actinomicosis, sin otra especificacion",,,
A430,Nocardiosis pulmonar,,,
A431,Nocardiosis cutanea,,,
A438,Otras formas de nocardiosis,,,
A439,"Nocardiosis, no especificada",,,
A440,Bartonelosis sistemica,,,
A441,Bartonelosis cutanea y mucocutanea,,,
A448,Otras formas de bartonelosis,,,
A449,"Bartonelosis, no especificada",,,
A46X,Erisipela,,,
A480,Gangrena gaseosa,,,
A481,Enfermedad de los legionarios,,,
A482,Enfermedad de los legionarios no neumonica (fiebre de Pontiac),,,
A483,Sindrome del choque toxico,,,
A484,Fiebre purpurica brasilena,,,
A488,Otras enfermedades bacterianas especificadas,,,
A490,"Infeccion estafilococica, sitio no especificado ",,,
A491,"Infeccion estreptococica, sitio no especificado ",,,
A492,"Infeccion por Haemophilus influenzae, sitio no especificado",,,
A493,"Infeccion por micoplasma, sitio no especificado",,,
A498,Otras infecciones bacterianas de sitio no especificado,,,
A499,"Infeccion bacteriana, no especificada",,,
A500,"Sifilis congenita precoz, sintomatica",,,
A501,"Sifilis congenita precoz, latente",,,
A502,"Sifilis congenita precoz, sin otra especificacion",,,
A503,Oculopatia sifilitica congenita tardia,,,
A504,Neurosifilis congenita tardia [neurosifilis juvenil],,002A,120A
A505,"Otras formas de sifilis congenita tardia, sintomatica",,002A,120A
A506,"Sifilis congenita tardia, latente",,002A,120A
A507,"Sifilis congenita tardia, sin otra especificacion",,002A,120A
A509,"Sifilis congenita, sin otra especificacion",,,
A510,Sifilis genital primaria,,,
A511,Sifilis primaria anal,,,
A512,Sifilis primaria en otros sitios,,,
A513,Sifilis secundaria de piel y membranas mucosas,,,
A514,Otras sifilis secundarias,,,
A515,"Sifilis precoz, latente",,,
A519,"Sifilis precoz, sin otra especificacion",,,
A520,Sifilis cardiovascular,,002A,120A
A521,Neurosifilis sintomatica,,002A,120A
A522,Neurosifilis asintomatica,,002A,120A
A523,Neurosifilis no especificada,,002A,120A
A527,Otras sifilis tardias sintomaticas,,002A,120A
A528,"Sifilis tardia, latente",,002A,120A
A529,"Sifilis tardia, no especificada",,002A,120A
A530,"Sifilis latente, no especificada como precoz o tardia",,002A,120A
A539,"Sifilis, no especificada",,002A,120A
A540,Infeccion gonococica del tracto genitourinario inferior sin absceso periuretral y de glandula accesoria,,,
A541,Infeccion gonococica del tracto genitourinario inferior con absceso periuretral y de glandulas accesorias,,,
A542,Pelviperitonitis gonococica y otras infecciones gonococicas genitourinarias,,,
A543,Infeccion gonococica del ojo,,,
A544,Infeccion gonococica del sistema osteomuscular,,,
A545,Faringitis gonococica,,,
A546,Infeccion gonococica del ano y del recto,,,
A548,Otras infecciones gonococicas,,,
A549,"Infeccion gonococica, no especificada",,,
A55X,Linfogranuloma (venereo) por clamidias,,,
A560,Infeccion del tracto genitourinario inferior debida a clamidias,,,
A561,Infeccion del pelviperitoneo y otros organos genitourinarios debida a clamidias,,,
A562,"Infecciones del tracto genitourinario debidas a clamidias, sin otra especificacion",,,
A563,Infeccion del ano y del recto debida a clamidias,,,
A564,Infeccion de faringe debida a clamidias,,,
A568,Infeccion de transmision sexual de otros sitios debida a clamidias,,,
A57X,Chancro blando,,,
A58X,Granuloma inguinal,,,
A590,Tricomoniasis urogenital,,,
A598,Tricomoniasis de otros sitos,,,
A599,"Tricomoniasis, no especificada",,,
A600,Infeccion de genitales y trayecto urogenital debida a virus del herpes [herpes simple],,,
A601,Infeccion de la piel perianal y recto por virus del herpes simple,,,
A609,"Infeccion anogenital por virus del herpes simple, sin otra especificacion",,,
A630,Verrugas (venereas) anogenitales,,,
A638,"Otras enfermedades de transmision predominantemente sexual, especificadas",,,
A64X,Enfermedad de transmision sexual no especificada,,,
A65X,Sifilis no venerea,,,
A660,Lesiones iniciales de frambesia,,,
A661,Lesiones papilomatosas multiples y frambesia con paso de cangrejo,,,
A662,Otras lesiones precoces de la piel en la frambesia,,,
A663,Hiperqueratosis de frambesia,,,
A664,Goma y ulceras de frambesia,,,
A665,Gangosa,,,
A666,Lesiones frambesicas de los huesos y de las articulaciones,,,
A667,Otras manifestaciones de frambesia,,,
A668,Frambesia latente,,,
A669,"Frambesia, no especificada",,,
A670,Lesiones primarias de la pinta,,,
A671,Lesiones intermedias de la pinta,,,
A672,Lesiones tardias de la pinta,,,
A673,Lesiones mixtas de la pinta,,,
A679,"Pinta, no especificada",,,
A680,Fiebre recurrente transmitida por piojos,,,
A681,Fiebre recurrente transmitida por garrapatas,,,
A689,"Fiebre recurrente, no especificada",,,
A690,Estomatitis ulcerativa necrotizante,,,
A691,Otras infecciones de Vincent,,,
A692,Enfermedad de Lyme,,,
A698,Otras infecciones especificadas por espiroquetas,,,
A699,"Infeccion por espiroqueta, no especificada",,,
A70X,Infeccion debida a Chlamydia psittaci,,,
A710,Estado inicial de tracoma,,,
A711,Estado activo de tracoma,,,
A719,"Tracoma, no especificado",,,
A740,Conjuntivitis por clamidias,,028D,120A
A748,Otras enfermedades por clamidias,,,
A749,"Infeccion por clamidias, no especificada",,,
A750,Tifus epidemico debido a Rickettsia prowazekii transmitido por piojos,,,
A751,Tifus recrudescente [enfermedad de Brill],,,
A752,Tifus debido a Rickettsia typhi,,,
A753,Tifus debido a Rickettsia tsutsugamushi,,,
A759,"Tifus, no especificado",,,
A770,Fiebre maculosa debida a Rickettsia rickettsii,,,
A771,Fiebre maculosa debida a Rickettsia conorii,,,
A772,Fiebre maculosa debida a Rickettsia siberica,,,
A773,Fiebre maculosa debida a Rickettsia australis,,,
A778,Otras fiebres maculosas,,,
A779,"Fiebre maculosa, no especificada",,,
A78X,Fiebre Q,,,
A790,Fiebre de las trincheras,,,
A791,Rickettsiosis pustulosa debida a Rickettsia akari,,,
A798,Otras rickettsiosis especificadas,,,
A799,"Rickettsiosis, no especificada",,,
A800,"Poliomielitis aguda paralitica, asociada a vacuna",,000H,015A
A801,Poliomielitis aguda paralitica debida a virus salvaje importado,,000H,015A
A802,Poliomielitis aguda paralitica debida a virus salvaje autoctono,,000H,015A
A803,Otras poliomielitis agudas paraliticas y las no especificadas,,000H,015A
A804,Poliomielitis aguda no paralitica,,000H,015A
A809,"Poliomielitis aguda, sin otra especificacion",,000H,015A
A810,Enfermedad de Creutzfeldt-Jakob,,,
A811,Panencefalitis esclerosante subaguda,,,
A812,Leucoencefalopatia multifocal progresiva,,,
A818,Otras infecciones del sistema nervioso central por virus atipico,,,
A819,"Infecciones del sistema nervioso central por virus atipico, sin otra especificacion",,,
A820,Rabia selvatica,,,
A821,Rabia urbana,,,
A829,"Rabia, sin otra especificacion",,,
A830,Encefalitis japonesa,,,
A831,Encefalitis equina del oeste,,,
A832,Encefalitis equina del este,,,
A833,Encefalitis de San Luis,,,
A834,Encefalitis australiana,,,
A835,Encefalitis de California,,,
A836,Enfermedad por virus Rocio,,,
A838,Otras encefalitis virales transmitidas por mosquitos,,,
A839,"Encefalitis viral transmitida por mosquitos, sin otra especificacion",,,
A840,Encefalitis del Lejano Oriente transmitida por garrapatas [encefalitis primaveroestival rusa],,,
A841,Encefalitis centroeuropea transmitida por garrapatas,,,
A848,Otras encefalitis virales transmitida por garrapatas,,,
A849,"Encefalitis viral transmitida por garrapatas, sin otra especificacion",,,
A850,Encefalitis enteroviral,,,
A851,Encefalitis por adenovirus,,,
A852,"Encefalitis viral transmitida por artropodos, sin otra especifcacion",,,
A858,Otras encefalitis virales especifcadas,,,
A86X,"Encefalitis viral, no especificada",,,
A870,Meningitis enteroviral,,,
A871,Meningitis debida a adenovirus,,,
A872,Coriomeningitis linfocitica,,,
A878,Otras meningitis virales,,,
A879,"Meningitis viral, sin otra especificacion",,,
A880,Fiebre exantematica enteroviral [exantema de Boston],,,
A881,Vertigo epidemico,,,
A888,Otras infecciones virales especificadas del sistema nervioso central,,,
A89X,"Infeccion viral del sistema nervioso central, no especificada",,,
A90X,Fiebre del dengue [dengue clasico],,,
A91X,Fiebre del dengue hemorragico,,,
A920,Enfermedad por virus Chikungunya,,,
A921,Fiebre de O'nyong-nyong,,,
A922,Fiebre equina venezolana,,,
A923,Infeccion por virus del oeste del Nilo,,,
A924,Fiebre del valle del Rift,,,
A928,Otras fiebres virales especificadas transmitidas por mosquitos,,,
A929,"Fiebre viral transmitida por mosquito, sin otra especificacion",,,
A930,Enfermedad por virus de  Oropouche,,,
A931,Fiebre transmitida por flebotomos,,,
A932,Fiebre de Colorado transmitida por garrapatas,,,
A938,Otras fiebres virales especificadas transmitidas por artropodos,,,
A94X,"Fiebre viral transmitida por artropodos, no especificada",,,
A950,Fiebre amarilla selvatica,,,
A951,Fiebre amarilla urbana,,,
A959,"Fiebre amarilla, no especificada",,,
A960,Fiebre hemorragica de Junin,,,
A961,Fiebre hemorragica de Machupo,,,
A962,Fiebre de Lassa,,,
A968,Otras fiebres hemorragicas por arenavirus,,,
A969,"Fiebre hemorragica por arenavirus, sin otra especificacion",,,
A980,Fiebre hemorragica de Crimea-Congo,,,
A981,Fiebre hemorragica de Omsk,,,
A982,Enfermedad de la selva Kyasanur,,,
A983,Enfermedad por el virus de Marburg,,,
A984,Enfermedad por el virus de Ebola,,,
A985,Fiebres hemorragicas con sindrome renal,,,
A988,Otras fiebres hemorragicas virales especificadas,,,
A99X,"Fiebre viral hemorragica, no especificada",,,
B000,Eczema herpetico,,,
B001,Dermatitis vesicular herpetica,,,
B002,Gingivoestomatitis y faringoamigdalitis herpetica,,,
B003,Meningitis herpetica,,,
B004,Encefalitis herpetica,,,
B005,Oculopatia herpetica,,,
B007,Enfermedad herpetica diseminada,,,
B008,Otras formas de infecciones herpeticas,,,
B009,"Infeccion debida al virus del herpes, no especificada",,,
B010,Meningitis debida a varicela,,,
B011,Encefalitis debida a varicela,,,
B012,Neumonia debida a varicela,,,
B018,Varicela con otras complicaciones,,,
B019,Varicela sin complicaciones,,,
B020,Encefalitis debida a herpes zoster,,,
B021,Meningitis debida a herpes zoster,,,
B022,Herpes zoster con otros compromisos del sistema nervioso,,,
B023,Herpes zoster ocular,,,
B027,Herpes zoster diseminado,,,
B028,Herpes zoster con otras complicaciones,,,
B029,Herpes zoster sin complicaciones,,,
B03X,Viruela,,,
B04X,Viruela de los monos,,,
B050,Sarampion complicado con encefalitis,,,
B051,Sarampion complicado con meningitis,,,
B052,Sarampion complicado con neumonia,,,
B053,Sarampion complicado con otitis media,,,
B054,Sarampion con complicaciones intestinales,,,
B058,Sarampion con otras complicaciones,,,
B059,Sarampion sin complicaciones,,,
B060,Rubeola con complicaciones neurologicas,,028D,120A
B068,Rubeola con otras complicaciones,,028D,120A
B069,Rubeola sin complicaciones,,028D,120A
B07X,Verrugas viricas,,,
B080,Otras infecciones debidas a ortopoxvirus,,,
B081,Molusco contagioso,,,
B082,Exantema subito [sexta enfermedad],,,
B083,Eritema infeccioso [quinta enfermedad],,,
B084,Estomatitis vesicular enteroviral con exantema,,,
B085,Faringitis vesicular enterovirica,,,
B088,"Otras infecciones virales especificadas, caracterizadas por lesiones de la piel y de las membranas mucosas",,,
B09X,"Infeccion viral no especificada, caracterizada por lesiones de la piel y de las membranas mucosas",,,
B150,"Hepatitis aguda tipo A, con coma hepatico",,,
B159,"Hepatitis aguda tipo A, sin coma hepatico",,,
B160,"Hepatitis aguda tipo B, con agente delta (coinfeccion), con coma hepatico",,,
B161,"Hepatitis aguda tipo B, con agente delta (coinfeccion), sin coma hepatico",,,
B162,"Hepatitis aguda tipo B, sin agente delta, con coma hepatico",,,
B169,"Hepatitis aguda tipo B, sin agente delta y sin coma hepatico",,,
B170,Infeccion (superinfeccion) aguda por agente delta en el portador de hepatitis B,,,
B171,Hepatitis aguda tipo C,,,
B172,Hepatitis aguda tipo E,,,
B178,Otras hepatitis virales agudas especificadas,,,
B179,Hepatitis viral aguda no especificada,,,
B180,"Hepatitis viral tipo B cronica, con agente delta",,,
B181,"Hepatitis viral tipo B cronica, sin agente delta",,,
B182,Hepatitis viral tipo C cronica,,,
B188,Otras hepatitis virales cronicas,,,
B189,"Hepatitis viral cronica, sin otra especificacion",,,
B190,Hepatitis viral no especificada con coma hepatico,,028D,120A
B199,Hepatitis viral no especificada sin coma hepatico,,028D,120A
B200,"Enfermedad por VIH, resultante en infeccion por micobacterias",,,
B201,"Enfermedad por VIH, resultante en otras infecciones bacterianas",,,
B202,"Enfermedad por VIH, resultante en enfermedad por citomegalovirus",,,
B203,"Enfermedad por VIH, resultante en otras infecciones virales",,,
B204,"Enfermedad por VIH, resultante en candidiasis",,,
B205,"Enfermedad por VIH, resultante en otras micosis",,,
B206,"Enfermedad por VIH, resultante en neumonia por Pneumocystis carinii",,,
B207,"Enfermedad por VIH, resultante en infecciones multiples",,,
B208,"Enfermedad por VIH, resultante en otras enfermedades infecciosas o parasitarias",,,
B209,"Enfermedad por VIH, resultante en enfermedad infecciosa o parasitaria no especificada",,,
B210,"Enfermedad por VIH, resultante en sarcoma de Kaposi",,,
B211,"Enfermedad por VIH, resultante en linfoma de Burkitt",,,
B212,"Enfermedad por VIH, resultante en otros tipos de linfoma no Hodgkin",,,
B213,"Enfermedad por VIH, resultante en otros tumores malignos del tejido linfoide, hematopoyetico y tejidos relacionados",,,
B217,"Enfermedad por VIH, resultante en tumores malignos multiples",,,
B218,"Enfermedad por VIH, resultante en otros tumores malignos",,,
B219,"Enfermedad por VIH, resultante en tumores malignos no especificados",,,
B220,"Enfermedad por VIH, resultante en encefalopatia",,,
B221,"Enfermedad por VIH, resultante en neumonitis linfoide intersticial",,,
B222,"Enfermedad por VIH, resultante en sindrome caquectico",,,
B227,"Enfermedad por VIH, resultante en enfermedades multiples clasificadas en otra parte",,,
B230,Sindrome de infeccion aguda debida a VIH,,,
B231,"Enfermedad por VIH, resultante en linfadenopatia generalizada (persistente)",,,
B232,"Enfermedad por VIH, resultante en anormalidades inmunologicas y hematologicas, no clasificadas en otra parte",,,
B238,"Enfermedad por VIH, resultante en otras afecciones especificadas",,,
B24X,"Enfermedad por virus de la inmunodeficiencia humana [VIH], sin otra especificacion",,,
B250,Neumonitis debida a virus citomegalico,,,
B251,Hepatitis debida a virus citomegalico,,,
B252,Pancreatitis debida a virus citomegalico,,,
B258,Otras enfermedades debidas a virus citomegalico,,,
B259,"Enfermedad por virus citomegalico, no especificada",,,
B260,Orquitis por parotiditis,1,028D,120A
B261,Meningitis por parotiditis,,,
B262,Encefalitis por parotiditis,,,
B263,Pancreatitis por parotiditis,,,
B268,Parotiditis infecciosa con otras complicaciones,,,
B269,"Parotiditis, sin complicaciones",,,
B270,Mononucleosis debida a herpes virus gamma,,,
B271,Mononucleosis por citomegalovirus,,,
B278,Otras mononucleosis infecciosas,,,
B279,"Mononucleosis infecciosa, no especificada",,,
B300,Queratoconjuntivitis debida a adenovirus,,,
B301,Conjuntivitis debida a adenovirus,,,
B302,Faringoconjuntivitis viral,,,
B303,Conjuntivitis epidemica aguda hemorragica (enterovirica),,,
B308,Otras conjuntivitis virales,,,
B309,"Conjuntivitis viral, sin otra especificacion",,,
B330,Mialgia epidemica,,,
B331,Enfermedad del rio Ross,,,
B332,Carditis viral,,,
B333,"Infecciones debidas a retrovirus, no clasificadas en otra parte",,,
B334,Sindrome (cardio) pulmonar por hantavirus [SPH] [SCPH] ,,,
B338,Otras enfermedades virales especificadas,,,
B340,"Infeccion debida a adenovirus, sin otra especificacion",,,
B341,"Infeccion debida a enterovirus, sin otra especificacion",,,
B342,"Infeccion debida a Coronavirus, sin otra especificacion",,,
B343,"Infeccion debida a Parvovirus, sin otra especificacion",,,
B344,"Infeccion debida a Papovavirus, sin otra especificacion",,,
B348,Otras infecciones virales de sitio no especificado,,,
B349,"Infeccion viral, no especificada",,,
B350,Tina de la barba y del cuero cabelludo,,,
B351,Tina de las unas,,,
B352,Tina de la mano,,,
B353,Tina del pie [Tinea pedis],,,
B354,Tina del cuerpo [Tinea corporis],,,
B355,Tina imbricada [Tinea imbricata],,,
B356,Tina inguinal [Tinea cruris],,,
B358,Otras dermatofitosis,,,
B359,"Dermatofitosis, no especificada",,,
B360,Pitiriasis versicolor,,,
B361,Tina negra,,,
B362,Piedra blanca,,,
B363,Piedra negra,,,
B368,Otras micosis superficiales especificadas,,,
B369,"Micosis superficial, sin otra especificacion",,,
B370,Estomatitis candidiasica,,028D,120A
B371,Candidiasis pulmonar,,028D,120A
B372,Candidiasis de la piel y las unas,,028D,120A
B373,Candidiasis de la vulva y de la vagina,2,028D,120A
B374,Candidiasis de otras localizaciones urogenitales,,028D,120A
B375,Meningitis debida a Candida,,028D,120A
B376,Endocarditis debida a Candida,,028D,120A
B377,Sepsis debida a Candida,,028D,120A
B378,Candidiasis de otros sitios,,028D,120A
B379,"Candidiasis, no especificada",,028D,120A
B380,Coccidioidomicosis pulmonar aguda,,,
B381,Coccidioidomicosis pulmonar cronica,,,
B382,"Coccidioidomicosis pulmonar, sin otra especificacion",,,
B383,Coccidioidomicosis cutanea,,,
B384,Meningitis debida a coccidioidomicosis,,,
B387,Coccidioidomicosis diseminada,,,
B388,Otras formas de coccidioidomicosis,,,
B389,"Coccidioidomicosis, no especificada",,,
B390,Infeccion pulmonar aguda debida a Histoplasma capsulatum,,,
B391,Infeccion pulmonar cronica debida a Histoplasma capsulatum,,,
B392,"Infeccion pulmonar debida a Histoplasma capsulatum, sin otra especificacion",,,
B393,Infeccion diseminada debida a Histoplasma capsulatum,,,
B394,"Histoplasmosis debida a Histoplasma capsulatum, sin otra especificacion",,,
B395,Infeccion debida a Histoplasma duboisii,,,
B399,"Histoplasmosis, no especificada",,,
B400,Blastomicosis pulmonar aguda,,,
B401,Blastomicosis pulmonar cronica,,,
B402,"Blastomicosis pulmonar, sin otra especificacion",,,
B403,Blastomicosis cutanea,,,
B407,Blastomicosis diseminada,,,
B408,Otras formas de blastomicosis,,,
B409,"Blastomicosis, no especificada",,,
B410,Paracoccidioidomicosis pulmonar,,,
B417,Paracoccidioidomicosis diseminada,,,
B418,Otras formas de paracoccidioidomicosis,,,
B419,"Paracoccidioidomicosis, no especificada",,,
B420,Esporotricosis pulmonar,,,
B421,Esporotricosis linfocutanea,,,
B427,Esporotricosis diseminada,,,
B428,Otras formas de esporotricosis,,,
B429,"Esporotricosis, no especificada",,,
B430,Cromomicosis cutanea,,,
B431,Absceso cerebral feomicotico,,,
B432,Absceso y quiste subcutaneo feomicotico,,,
B438,Otras formas de cromomicosis,,,
B439,"Cromomicosis,no especificada",,,
B440,Aspergilosis pulmonar invasiva,,,
B441,Otras aspergilosis pulmonares,,,
B442,Aspergilosis amigdalina,,,
B447,Aspergilosis diseminada,,,
B448,Otras formas de aspergilosis,,,
B449,"Aspergilosis, no especificada",,,
B450,Criptococosis pulmonar,,,
B451,Criptococosis cerebral,,,
B452,Criptococosis cutanea,,,
B453,Criptococosis osea,,,
B457,Criptococosis diseminada,,,
B458,Otras formas de criptococosis,,,
B459,"Criptococosis, no especificada",,,
B460,Mucormicosis pulmonar,,,
B461,Mucormicosis rinocerebral,,,
B462,Mucormicosis gastrointestinal,,,
B463,Mucormicosis cutanea,,,
B464,Mucormicosis diseminada,,,
B465,"Mucormicosis, sin otra especificacion",,,
B468,Otras cigomicosis,,,
B469,"Cigomicosis, no especificada",,,
B470,Eumicetoma,,,
B471,Actinomicetoma,,,
B479,"Micetoma, no especificado",,,
B480,Lobomicosis,,,
B481,Rinosporidiosis,,,
B482,Alesqueriasis,,,
B483,Geotricosis,,,
B484,Penicilosis,,,
B487,Micosis oportunistas,,,
B488,Otras micosis especificadas,,,
B49X,"Micosis, no especificada",,,
B500,Paludismo debido a Plasmodium falciparum con complicaciones cerebrales,,,
B508,Otro paludismo grave y complicado debido a Plasmodium falciparum,,,
B509,"Paludismo debido a Plasmodium falciparum, sin otra especificacion",,,
B510,Paludismo debido a Plasmodium vivax con ruptura esplenica,,,
B518,Paludismo debido a Plasmodium vivax con otras complicaciones,,,
B519,"Paludismo debido a Plasmodium vivax, sin complicaciones",,,
B520,Paludismo debido a Plasmodium malariae con nefropatia,,,
B528,Paludismo debido a Plasmodium malariae con otras complicaciones,,,
B529,"Paludismo debido a Plasmodium malariae, sin complicaciones",,,
B530,Paludismo debido a Plasmodium ovale,,,
B531,Paludismo debido a plasmodios de los simios,,,
B538,"Otro paludismo confirmado parasitologicamente, no clasificado en otra parte",,,
B54X,Paludismo [malaria] no especificado,,,
B550,Leishmaniasis visceral,,,
B551,Leishmaniasis cutanea,,,
B552,Leishmaniasis mucocutanea,,,
B559,"Leishmaniasis, no especificada",,,
B560,Tripanosomiasis gambiense,,,
B561,Tripanosomiasis rhodesiense,,,
B569,"Tripanosomiasis africana, sin otra especificacion",,,
B570,Enfermedad de Chagas aguda que afecta al corazon,,,
B571,Enfermedad de Chagas aguda que no afecta al corazon,,,
B572,Enfermedad de Chagas (cronica) que afecta al corazon,,,
B573,Enfermedad de Chagas (cronica) que afecta al sistema digestivo,,,
B574,Enfermedad de Chagas (cronica) que afecta al sistema nervioso,,,
B575,Enfermedad de Chagas (cronica) que afecta otros organos,,,
B580,Oculopatia debida a toxoplasma,,028D,120A
B581,Hepatitis debida a toxoplasma,,028D,120A
B582,Meningoencefalitis debida a toxoplasma,,028D,120A
B583,Toxoplasmosis pulmonar,,028D,120A
B588,Toxoplasmosis con otro organo afectado,,028D,120A
B589,"Toxoplasmosis, no especificada",,028D,120A
B59X,Neumocistosis,,028D,120A
B600,Babesiosis,,,
B601,Acantamebiasis,,,
B602,Naegleriasis,,,
B608,Otras enfermedades especificadas debidas a protozoarios,,,
B64X,"Enfermedad debida a protozoarios, no especificada",,,
B650,Esquistosomiasis debida a Schistosoma haematobium (esquistosomiasis urinaria),,,
B651,Esquistosomiasis debida a Schistosoma mansoni [esquistosomiasis intestinal],,,
B652,Esquistosomiasis debida a Schistosoma japonicum,,,
B653,Dermatitis por cercarias,,,
B658,Otras esquistosomiasis,,,
B659,"Esquistosomiasis, no especificada",,,
B660,Opistorquiasis,,,
B661,Clonorquiasis,,,
B662,Dicrocoeliasis,,,
B663,Fascioliasis,,,
B664,Paragonimiasis,,,
B665,Fasciolopsiasis,,,
B668,Otras infecciones especificadas debidas a trematodos,,,
B669,"Infeccion debida a trematodos, no especificada",,,
B670,Infeccion del higado debida a Echinococcus granulosus,,,
B671,Infeccion del pulmon debida a Echinococcus granulosus,,,
B672,Infeccion de hueso debida a Echinococcus granulosus,,,
B673,Infeccion de otro organo y de sitios multiples debida a Echinococcus granulosus,,,
B674,"Infeccion debida a Echinococcus granulosus, sin otra especificacion",,,
B675,Infeccion del higado debida a Echinococcus multilocularis,,,
B676,Infeccion de otro organo y de sitios multiples debida a Echinococcus multilocularis,,,
B677,"Infeccion debida a Echinococcus multilocularis, sin otra especificacion",,,
B678,"Equinococosis del higado, no especificada",,,
B679,"Equinococosis, otra y la no especificada",,,
B680,Teniasis debida a Taenia solium,,,
B681,Infeccion debida a Taenia saginata,,,
B689,"Teniasis, no especificada",,,
B690,Cisticercosis del sistema nervioso central,,,
B691,Cisticercosis del ojo,,,
B698,Cisticercosis de otros sitios,,,
B699,"Cisticercosis, no especificada",,,
B700,Difilobotriasis intestinal,,,
B701,Esparganosis,,,
B710,Himenolepiasis,,,
B711,Dipilidiasis,,,
B718,Otras infecciones debidas a cestodos especificadas,,,
B719,"Infecciones debidas a cestodos, no especificada",,,
B72X,Dracontiasis,,,
B73X,Oncocercosis,,,
B740,Filariasis debida a Wuchereria bancrofti,,,
B741,Filariasis debida a Brugia malayi,,,
B742,Filariasis debida a Brugia timori,,,
B743,Loaiasis,,,
B744,Mansoneliasis,,,
B748,Otras filariasis,,,
B749,"Filariasis, no especificada",,,
B75X,Triquinosis,,,
B760,Anquilostomiasis,,,
B761,Necatoriasis,,,
B768,Otras enfermedades debidas a anquilostomas,,,
B769,"Enfermedad debida a anquilostomas, no especificada",,,
B770,Ascariasis con complicaciones intestinales,,,
B778,Ascariasis con otras complicaciones,,,
B779,"Ascariasis, no especificada",,,
B780,Estrongiloidiasis intestinal,,,
B781,Estrongiloidiasis cutanea,,,
B787,Estrongiloidiasis diseminada,,,
B789,"Estrongiloidiasis, no especificada",,,
B79X,Tricuriasis,,,
B80X,Enterobiasis,,,
B810,Anisaquiasis,,,
B811,Capilariasis intestinal,,,
B812,Tricoestrongiliasis,,,
B813,Angioestrongiliasis intestinal,,,
B814,Helmintiasis intestinal mixta,,,
B818,Otras helmintiasis intestinales especificadas,,,
B820,"Helmintiasis intestinal, sin otra especificacion",,,
B829,"Parasitosis intestinal, sin otra especificacion",,,
B830,Larva migrans visceral,,,
B831,Gnatostomiasis,,,
B832,Angioestrongiliasis debida a Parastrongylus cantonensis,,,
B833,Singamiasis,,,
B834,Hirudiniasis interna,,,
B838,Otras helmintiasis especificadas,,,
B839,"Helmintiasis, no especificada",,,
B850,Pediculosis debida a Pediculus humanus capitis,,,
B851,Pediculosis debida a Pediculus humanus corporis,,,
B852,"Pediculosis, sin otra especificacion",,,
B853,Phthiriasis,,,
B854,Pediculosis y phthiriasis mixtas,,,
B86X,Escabiosis,,,
B870,Miasis cutanea,,,
B871,Miasis en heridas,,,
B872,Miasis ocular,,,
B873,Miasis nasofaringea,,,
B874,Miasis aural,,,
B878,Miasis de otros sitios,,,
B879,"Miasis, no especificada",,,
B880,Otras acariasis,,,
B881,Tungiasis [infeccion debida a pulga de arena],,,
B882,Otras infestaciones debidas a artropodos,,,
B883,Hirudiniasis externa,,,
B888,Otras infestaciones especificadas,,,
B889,"Infestacion, no especificada",,,
B89X,"Enfermedad parasitaria, no especificada",,,
B900,Secuelas de tuberculosis del sistema nervioso central,,,
B901,Secuelas de tuberculosis genitourinaria,,,
B902,Secuelas de tuberculosis de huesos y articulaciones,,,
B908,Secuelas de tuberculosis de otros organos especificados,,,
B909,Secuelas de tuberculosis respiratoria y de tuberculosis no especificada,,,
B91X,Secuelas de poliomielitis,,001A,120A
B92X,Secuelas de lepra,,001A,120A
B940,Secuelas de tracoma,,001A,120A
B941,Secuelas de encefalitis viral,,001A,120A
B942,Secuelas de hepatitis viral,,001A,120A
B948,Secuelas de otras enfermedades infecciosas y parasitarias especificadas,,001A,120A
B949,Secuelas de enfermedades infecciosas y parasitarias no especificadas,,001A,120A
B950,"Estreptococo, grupo A, como causa de enfermedades clasificadas en otros capitulos",,,
B951,"Estreptococo, grupo B, como causa de enfermedades clasificadas en otros capitulos",,,
B952,"Estreptococo, grupo D, como causa de enfermedades clasificadas en otros capitulos",,,
B953,Streptococcus pneumoniae como causa de enfermedades clasificadas en otros capitulos,,,
B954,Otros estreptococos como causa de enfermedades clasificadas en otros capitulos,,,
B955,Estreptococo no especificado como causa de enfermedades clasificadas en otros capitulos,,,
B956,Staphylococcus aureus como causa de enfermedades clasificadas en otros capitulos,,,
B957,Otros estafilococos como causa de enfermedades clasificadas en otros capitulos,,,
B958,"Estafilococo no especificado, como causa de enfermedades clasificadas en otros capitulos",,,
B960,Mycoplasma pneumoniae [M. pneumoniae] como causa de enfermedades clasificadas en otros capitulos,,,
B961,Klebsiella pneumoniae [K. pneumoniae] como causa de enfermedades clasificadas en otros capitulos,,,
B962,Escherichia coli [E. coli] como causa de enfermedades clasificadas en otros capitulos,,,
B963,Haemophilus influenzae [H. influenzae] como causa de enfermedades clasificadas en otros capitulos,,,
B964,Proteus (mirabilis) (morganii) como causa de enfermedades clasificadas en otros capitulos,,,
B965,Pseudomonas (aeruginosa) como causa de enfermedades clasificadas en otros capitulos,,,
B966,Bacillus fragilis  [B. fragilis] como causa de enfermedades clasificadas en otros capitulos,,,
B967,Clostridium perfringens [C. perfringens] como causa de enfermedades clasificadas en otros capitulos,,,
B968,Otros agentes bacterianos especificados como causa de enfermedades clasificadas en otros capitulos,,,
B970,Adenovirus como causa de enfermedades clasificadas en otros capitulos,,,
B971,Enterovirus como causa de enfermedades clasificadas en otros capitulos,,,
B972,Coronavirus como causa de enfermedades clasificadas en otros capitulos,,,
B973,Retrovirus como causa de enfermedades clasificadas en otros capitulos,,,
B974,Virus sincicial respiratorio como causa de enfermedades clasificadas en otros capitulos,,,
B975,Reovirus como causa de enfermedades clasificadas en otros capitulos,,,
B976,Parvovirus como causa de enfermedades clasificadas en otros capitulos,,,
B977,Papilomavirus como causa de enfermedades clasificadas en otros capitulos,,,
B978,Otros agentes virales como causa de enfermedades clasificadas en otros capitulos,,,
B980,Helicobacter pylori [H.pylori] como la causa de enfermedades clasificadas en otros capítulos,,,
B981,Vibrio vulnificus como la causa de enfermedades clasificadas en otros capítulos,,,
B99X,Otras enfermedades infecciosas y las no especificadas,,,
C000,"Tumor maligno del labio superior, cara externa",,,
C001,"Tumor maligno del labio inferior, cara externa",,,
C002,"Tumor maligno del labio, cara externa, sin otra especificacion",,,
C003,"Tumor maligno del labio superior, cara interna",,,
C004,"Tumor maligno del labio inferior, cara interna",,,
C005,"Tumor maligno del labio, cara interna, sin otra especificacion",,,
C006,Tumor maligno de la comisura labial,,,
C008,Lesion de sitios contiguos del labio,,,
C009,"Tumor maligno del labio, parte no especificada",,,
C01X,Tumor maligno de la base de la lengua,,,
C020,Tumor maligno de la cara dorsal de la lengua,,,
C021,Tumor maligno del borde de la lengua,,,
C022,Tumor maligno de la cara ventral de la lengua,,,
C023,"Tumor maligno de los dos tercios anteriores de la lengua, parte no especificada",,,
C024,Tumor maligno de la amigdala lingual,,,
C028,Lesion de sitios contiguos de la lengua,,,
C029,"Tumor maligno de la lengua, parte no especificada",,,
C030,Tumor maligno de la encia superior,,,
C031,Tumor maligno de la encia inferior,,,
C039,"Tumor maligno de la encia, parte no especificada",,,
C040,Tumor maligno de la parte anterior del piso de la boca,,,
C041,Tumor maligno de la parte lateral del piso de la boca,,,
C048,Lesion de sitios contiguos del piso de la boca,,,
C049,"Tumor maligno del piso de la boca, parte no especificada",,,
C050,Tumor maligno del paladar duro,,,
C051,Tumor maligno del paladar blando,,,
C052,Tumor maligno de la uvula,,,
C058,Lesion de sitios contiguos del paladar,,,
C059,"Tumor maligno del paladar, parte no especificada",,,
C060,Tumor maligno de la mucosa de la mejilla,,,
C061,Tumor maligno del vestibulo de la boca,,,
C062,Tumor maligno del area retromolar,,,
C068,Lesion de sitios contiguos de otras partes y de las no especificadas de la boca,,,
C069,"Tumor maligno de la boca, parte no especificada",,,
C07X,Tumor maligno de la glandula parotida,,,
C080,Tumor maligno de la glandula submaxilar,,,
C081,Tumor maligno de la glandula sublingual,,,
C088,Lesion de sitios contiguos de las glandulas salivales mayores,,,
C089,"Tumor maligno de glandula salival mayor, no especificada",,,
C090,Tumor maligno de la fosa amigdalina,,,
C091,Tumor maligno del pilar amigdalino (anterior) (posterior),,,
C098,Lesion de sitios contiguos de la amigdala,,,
C099,"Tumor maligno de la amigdala, parte no especificada",,,
C100,Tumor maligno de la valecula,,,
C101,Tumor maligno de la cara anterior de la epiglotis,,,
C102,Tumor maligno de la pared lateral de la orofaringe,,,
C103,Tumor maligno de la pared posterior de la orofaringe,,,
C104,Tumor maligno de la hendidura branquial,,,
C108,Lesion de sitios contiguos de la orofaringe,,,
C109,"Tumor maligno de la orofaringe, parte no especificada",,,
C110,Tumor maligno de la pared superior de la nasofaringe,,,
C111,Tumor maligno de la pared posterior de la nasofaringe,,,
C112,Tumor maligno de la pared lateral de la nasofaringe,,,
C113,Tumor maligno de la pared anterior de la nasofaringe,,,
C118,Lesion de sitios contiguos de la nasofaringe,,,
C119,"Tumor maligno de la nasofaringe, parte no especificada",,,
C12X,Tumor maligno del seno piriforme,,,
C130,Tumor maligno de la region postcricoidea,,,
C131,"Tumor maligno del pliegue aritenoepiglotico, cara hipofaringea",,,
C132,Tumor maligno de la pared posterior de la hipofaringe,,,
C138,Lesion de sitios contiguos de la hipofaringe,,,
C139,"Tumor maligno de la hipofaringe, parte no especificada",,,
C140,"Tumor maligno de la faringe, parte no especificada",,,
C142,Tumor maligno del anillo de Waldeyer,,,
C148,"Lesion de sitios contiguos del labio, de la cavidad bucal y de la faringe",,,
C150,"Tumor maligno del esofago, porcion cervical",,,
C151,"Tumor maligno del esofago, porcion toracica",,,
C152,"Tumor maligno del esofago, porcion abdominal",,,
C153,Tumor maligno del tercio superior del esofago,,,
C154,Tumor maligno del tercio medio del esofago,,,
C155,Tumor maligno del tercio inferior del esofago,,,
C158,Lesion de sitios contiguos del esofago,,,
C159,"Tumor maligno del esofago, parte no especificada",,,
C160,Tumor maligno del cardias,,,
C161,Tumor maligno del fundus gastrico,,,
C162,Tumor maligno del cuerpo del estomago,,,
C163,Tumor maligno del antro pilorico,,,
C164,Tumor maligno del piloro,,,
C165,"Tumor maligno de la curvatura menor del estomago, sin otra especificacion",,,
C166,"Tumor maligno de la curvatura mayor del estomago, sin otra especificacion",,,
C168,Lesion de sitios contiguos del estomago,,,
C169,"Tumor maligno del estomago, parte no especificada",,,
C170,Tumor maligno del duodeno,,,
C171,Tumor maligno del yeyuno,,,
C172,Tumor maligno del ileon,,,
C173,Tumor maligno del diverticulo de Meckel,,,
C178,Lesion de sitios contiguos del intestino delgado,,,
C179,"Tumor maligno del intestino delgado, parte no especificada",,,
C180,Tumor maligno del ciego,,,
C181,Tumor maligno del apendice,,,
C182,Tumor maligno del colon ascendente,,,
C183,Tumor maligno del angulo hepatico,,,
C184,Tumor maligno del colon transverso,,,
C185,Tumor maligno del angulo esplenico,,,
C186,Tumor maligno del colon descendente,,,
C187,Tumor maligno del colon sigmoide,,,
C188,Lesion de sitios contiguos del colon,,,
C189,"Tumor maligno del colon, parte no especificada",,,
C19X,Tumor maligno de la union rectosigmoidea,,,
C20X,Tumor maligno del recto,,,
C210,"Tumor maligno del ano, parte no especificada",,,
C211,Tumor maligno del conducto anal,,,
C212,Tumor maligno de la zona cloacogenica,,,
C218,"Lesion de sitios contiguos del ano, del conducto anal y del recto",,,
C220,Carcinoma de celulas hepaticas,,,
C221,Carcinoma de vias biliares intrahepaticas,,,
C222,Hepatoblastoma,,,
C223,Angiosarcoma del higado,,,
C224,Otros sarcomas del higado,,,
C227,Otros carcinomas especificados del higado,,,
C229,"Tumor maligno del higado, no especificado",,,
C23X,Tumor maligno de la vesicula biliar,,,
C240,Tumor maligno de las vias biliares extrahepaticas,,,
C241,Tumor maligno de la ampolla de Vater,,,
C248,Lesion de sitios contiguos de las vias biliares,,,
C249,"Tumor maligno de las vias biliares, parte no especificada",,,
C250,Tumor maligno de la cabeza del pancreas,,,
C251,Tumor maligno del cuerpo del pancreas,,,
C252,Tumor maligno de la cola del pancreas,,,
C253,Tumor maligno del conducto pancreatico,,,
C254,Tumor maligno del pancreas endocrino,,,
C257,Tumor maligno de otras partes especificadas del pancreas,,,
C258,Lesion de sitios contiguos del pancreas,,,
C259,"Tumor maligno del pancreas, parte no especificada",,,
C260,"Tumor maligno del intestino, parte no especificada",,,
C261,Tumor maligno del bazo,,,
C268,Lesion de sitios contiguos de los organos digestivos,,,
C269,Tumor maligno de sitios mal definidos de los organos digestivos,,,
C300,Tumor maligno de la fosa nasal,,,
C301,Tumor maligno del oido medio,,,
C310,Tumor maligno del seno maxilar,,,
C311,Tumor maligno del seno etmoidal,,,
C312,Tumor maligno del seno frontal,,,
C313,Tumor maligno del seno esfenoidal,,,
C318,Lesion de sitios contiguos de los senos paranasales,,,
C319,Tumor maligno de seno paranasal no especificado,,,
C320,Tumor maligno de la glotis,,,
C321,Tumor maligno de la region supraglotica,,,
C322,Tumor maligno de la region subglotica,,,
C323,Tumor maligno del cartilago laringeo,,,
C328,Lesion de sitios contiguos de la laringe,,,
C329,"Tumor maligno de la laringe, parte no especificada",,,
C33X,Tumor maligno de la traquea,,,
C340,Tumor maligno del bronquio principal,,,
C341,"Tumor maligno del lobulo superior, bronquio o pulmon",,,
C342,"Tumor maligno del lobulo medio, bronquio o pulmon",,,
C343,"Tumor maligno del lobulo inferior, bronquio o pulmon",,,
C348,Lesion de sitios contiguos de los bronquios y del pulmon,,,
C349,"Tumor maligno de los bronquios o del pulmon, parte no especificada",,,
C37X,Tumor maligno del timo,,,
C380,Tumor maligno del corazon,,,
C381,Tumor maligno del mediastino anterior,,,
C382,Tumor maligno del mediastino posterior,,,
C383,"Tumor maligno del mediastino, parte no especificada",,,
C384,Tumor maligno de la pleura,,,
C388,"Lesion de sitos contiguos del corazon, del mediastino y de la pleura",,,
C390,"Tumor maligno de la vias respiratoria superiores, parte no especificada",,,
C398,Lesion de sitios contiguos de los organos respiratorios e intratoracicos,,,
C399,Tumor maligno de sitios mal definidos del sistema respiratorio,,,
C400,Tumor maligno del omoplato y de los huesos largos del miembro superior,,,
C401,Tumor maligno de los huesos cortos del miembro superior,,,
C402,Tumor maligno de los huesos largos del miembro inferior,,,
C403,Tumor maligno de los huesos cortos del miembro inferior,,,
C408,Lesion de sitios contiguos de los huesos y de los cartilagos articulares de los miembros,,,
C409,"Tumor maligno de los huesos y de los cartilagos articulares de los miembros, sin otra especificacion",,,
C410,Tumor maligno de los huesos del craneo y de la cara,,,
C411,Tumor maligno del hueso del maxilar inferior,,,
C412,Tumor maligno de la columna vertebral,,,
C413,"Tumor maligno de la costilla, esternon y clavicula",,,
C414,"Tumor maligno de los huesos de la pelvis, sacro y coccix",,,
C418,Lesion de sitios contiguos del hueso y del cartilago articular,,,
C419,"Tumor maligno del hueso y del cartilago articular, no especificado",,,
C430,Melanoma maligno del labio,,,
C431,"Melanoma maligno del parpado, incluida la comisura palpebral",,,
C432,Melanoma maligno de la oreja y del conducto auditivo externo,,,
C433,Melanoma maligno de las otras partes y las no especificadas de la cara,,,
C434,Melanoma maligno del cuero cabelludo y del cuello,,,
C435,Melanoma maligno del tronco,,,
C436,"Melanoma maligno del miembro superior, incluido el hombro",,,
C437,"Melanoma maligno del miembro inferior, incluida la cadera",,,
C438,Melanoma maligno de sitios contiguos de la piel,,,
C439,"Melanoma maligno de piel, sitio no especificado",,,
C440,Tumor maligno de la piel del labio,,,
C441,"Tumor maligno de la piel del parpado, incluida la comisura palpebral",,,
C442,Tumor maligno de la piel de la oreja y del conducto auditivo externo,,,
C443,Tumor maligno de la piel de otras partes y de las no especificadas de la cara,,,
C444,Tumor maligno de la piel del cuero cabelludo y del cuello,,,
C445,Tumor maligno de la piel del tronco,,,
C446,"Tumor maligno de la piel del miembro superior, incluido el hombro",,,
C447,"Tumor maligno de la piel miembro inferior, incluida la cadera",,,
C448,Lesion de sitios contiguos de la piel,,,
C449,"Tumor maligno de la piel, sitio no especificado",,,
C450,Mesotelioma de la pleura,,,
C451,Mesotelioma del peritoneo,,,
C452,Mesotelioma del pericardio,,,
C457,Mesotelioma de otros sitios especificados,,,
C459,"Mesotelioma, de sitio no especificado",,,
C460,Sarcoma de Kaposi de la piel,,,
C461,Sarcoma de Kaposi del tejido blando,,,
C462,Sarcoma de Kaposi del paladar,,,
C463,Sarcoma de Kaposi de los ganglios linfaticos,,,
C467,Sarcoma de Kaposi de otros sitios especificados,,,
C468,Sarcoma de Kaposi de multiples organos,,,
C469,Sarcoma de Kaposi de sitio no especificado,,,
C470,"Tumor maligno de los nervios perifericos de la cabeza, cara y cuello",,,
C471,"Tumor maligno de los nervios perifericos del miembro superior, incluido el hombro",,,
C472,"Tumor maligno de los nervios perifericos del miembro inferior, incluida la cadera",,,
C473,Tumor maligno de los nervios perifericos del torax,,,
C474,Tumor maligno de los nervios perifericos del abdomen,,,
C475,Tumor maligno de los nervios perifericos de la pelvis,,,
C476,"Tumor maligno de los nervios perifericos del tronco, sin otra especificacion",,,
C478,Lesion de sitios contiguos de los nervios perifericos y del sistema nervioso autonomo,,,
C479,"Tumor maligno de los nervios perifericos y del sistema nervioso autonomo, parte no especificada",,,
C480,Tumor maligno del retroperitoneo,,,
C481,Tumor maligno de parte especificada del peritoneo,,,
C482,"Tumor maligno del peritoneo, sin otra especificacion",,,
C488,Lesion de sitios contiguos del peritoneo y del retroperitoneo,,,
C490,"Tumor maligno del tejido conjuntivo y tejido blando de la cabeza, cara y cuello",,,
C491,"Tumor maligno del tejido conjuntivo y tejido blando del miembro superior, incluido el hombro",,,
C492,"Tumor maligno del tejido conjuntivo y tejido blando del miembro inferior, incluida la cadera",,,
C493,Tumor maligno del tejido conjuntivo y tejido blando del torax,,,
C494,Tumor maligno del tejido conjuntivo y tejido blando del abdomen,,,
C495,Tumor maligno del tejido conjuntivo y tejido blando de la pelvis,,,
C496,"Tumor maligno del tejido conjuntivo y tejido blando del tronco, sin otra especificacion",,,
C498,Lesion de sitios contiguos  del tejido conjuntivo y del tejido blando,,,
C499,"Tumor maligno del tejido conjuntivo y tejido blando, de sitio no especificado",,,
C500,Tumor maligno del pezon y areola mamaria,,,
C501,Tumor maligno de la porcion central de la mama,,,
C502,Tumor maligno del cuadrante superior interno de la mama,,,
C503,Tumor maligno del cuadrante inferior interno de la mama,,,
C504,Tumor maligno del cuadrante superior externo de la mama,,,
C505,Tumor maligno del cuadrante inferior externo de la mama,,,
C506,Tumor maligno de la prolongacion axilar de la mama,,,
C508,Lesion de sitios contiguos de la mama,,,
C509,"Tumor maligno de la mama, parte no especificada",,,
C510,Tumor maligno del labio mayor,2,,
C511,Tumor maligno del labio menor,2,,
C512,Tumor maligno del clitoris,2,,
C518,Lesion de sitios contiguos de la vulva,2,,
C519,"Tumor maligno de la vulva, parte no especificada",2,,
C52X,Tumor maligno de la vagina,2,,
C530,Tumor maligno del endocervix,2,010A,120A
C531,Tumor maligno del exocervix,2,010A,120A
C538,Lesion de sitios contiguos del cuello del utero,2,010A,120A
C539,"Tumor maligno del cuello del utero, sin otra especificacion",2,010A,120A
C540,Tumor maligno del istmo uterino,2,,
C541,Tumor maligno del endometrio,2,,
C542,Tumor maligno del miometrio,2,,
C543,Tumor maligno del fondo del utero,2,,
C548,Lesion de sitios contiguos del cuerpo del utero,2,,
C549,"Tumor maligno del cuerpo del utero, parte no especificada",2,,
C55X,"Tumor maligno del utero, parte no especificada",2,,
C56X,Tumor maligno del ovario,2,,
C570,Tumor maligno de la trompa de Falopio,2,,
C571,Tumor maligno del ligamento ancho,2,,
C572,Tumor maligno del ligamento redondo,2,,
C573,Tumor maligno del parametrio,2,,
C574,"Tumor maligno de los anexos uterinos, sin otra especificacion",2,,
C577,Tumor maligno de otras partes especificadas de los organos genitales femeninos,2,,
C578,Lesion de sitios contiguos de los organos genitales femeninos,2,,
C579,"Tumor maligno de organo genital femenino, parte no especificada",2,,
C58X,Tumor maligno de la placenta,2,010A,054A
C600,Tumor maligno del prepucio,1,,
C601,Tumor maligno del glande,1,,
C602,Tumor maligno del cuerpo del pene,1,,
C608,Lesion de sitios contiguos del pene,1,,
C609,"Tumor maligno del pene, parte no especificada",1,,
C61X,Tumor maligno de la prostata,1,010A,120A
C620,Tumor maligno del testiculo no descendido,1,,
C621,Tumor maligno del testiculo descendido,1,,
C629,"Tumor maligno del testiculo, no especificado",1,,
C630,Tumor maligno del epididimo,1,,
C631,Tumor maligno del cordon espermatico,1,,
C632,Tumor maligno del escroto,1,,
C637,Tumor maligno de otras partes especificadas de los organos genitales masculinos,1,,
C638,Lesion de sitios contiguos de los organos genitales masculinos,1,,
C639,"Tumor maligno de organo genital masculino, parte no especificada",1,,
C64X,"Tumor maligno del rinon, excepto de la pelvis renal",,,
C65X,Tumor maligno de la pelvis renal,,,
C66X,Tumor maligno del ureter,,,
C670,Tumor maligno del trigono vesical,,,
C671,Tumor maligno de la cupula vesical,,,
C672,Tumor maligno de la pared lateral de la vejiga,,,
C673,Tumor maligno de la pared anterior de la vejiga,,,
C674,Tumor maligno de la pared posterior de la vejiga,,,
C675,Tumor maligno del cuello de la vejiga,,,
C676,Tumor maligno del orificio ureteral,,,
C677,Tumor maligno del uraco,,,
C678,Lesion de sitios contiguos de la vejiga,,,
C679,"Tumor maligno de la vejiga urinaria, parte no especificada",,,
C680,Tumor maligno de la uretra,,,
C681,Tumor maligno de las glandulas parauretrales,,,
C688,Lesion de sitios contiguos de los organos urinarios,,,
C689,Tumor maligno de organo urinario no especificado,,,
C690,Tumor maligno de la conjuntiva,,,
C691,Tumor maligno de la cornea,,,
C692,Tumor maligno de la retina,,,
C693,Tumor maligno de la coroides,,,
C694,Tumor maligno del cuerpo ciliar,,,
C695,Tumor maligno de la glandula y conducto lagrimales,,,
C696,Tumor maligno de la orbita,,,
C698,Lesion de sitios contiguos del ojo y sus anexos,,,
C699,"Tumor maligno del ojo, parte no especificada",,,
C700,Tumor maligno de las meninges cerebrales,,,
C701,Tumor maligno de las meninges raquideas,,,
C709,"Tumor maligno de las meninges, parte no especificada",,,
C710,"Tumor maligno del cerebro, excepto lobulos y ventriculos",,,
C711,Tumor maligno del lobulo frontal,,,
C712,Tumor maligno del lobulo temporal,,,
C713,Tumor maligno del lobulo parietal,,,
C714,Tumor maligno del lobulo occipital,,,
C715,Tumor maligno del ventriculo cerebral,,,
C716,Tumor maligno del cerebelo,,,
C717,Tumor maligno del pedunculo cerebral,,,
C718,Lesion de sitios contiguos del encefalo,,,
C719,"Tumor maligno del encefalo, parte no especificada",,,
C720,Tumor maligno de la medula espinal,,,
C721,Tumor maligno de la cola de caballo,,,
C722,Tumor maligno del nervio olfatorio,,,
C723,Tumor maligno del nervio optico,,,
C724,Tumor maligno del nervio acustico,,,
C725,Tumor maligno de otros nervios craneales y los no especificados,,,
C728,Lesion de sitios contiguos del encefalo y otras partes del sistema nervioso central,,,
C729,"Tumor maligno del sistema nervioso central, sin otra especificacion",,,
C73X,Tumor maligno de la glandula tiroides,,,
C740,Tumor maligno de la corteza de la glandula suprarrenal,,,
C741,Tumor maligno de la medula de la glandula suprarrenal,,,
C749,"Tumor maligno de la glandula suprarrenal, parte no especificada",,,
C750,Tumor maligno de la glandula paratiroides,,,
C751,Tumor maligno de la hipofisis,,,
C752,Tumor maligno del conducto craneofaringeo,,,
C753,Tumor maligno de la glandula pineal,,,
C754,Tumor maligno del cuerpo carotideo,,,
C755,Tumor maligno del cuerpo aortico y otros cuerpos cromafines,,,
C758,"Tumor maligno pluriglandular, no especificado",,,
C759,Tumor maligno de glandula endocrina no especificada,,,
C760,"Tumor maligno de la cabeza, cara y cuello",,,
C761,Tumor maligno del torax,,,
C762,Tumor maligno del abdomen,,,
C763,Tumor maligno de la pelvis,,,
C764,Tumor maligno del miembro superior,,,
C765,Tumor maligno del miembro inferior,,,
C767,Tumor maligno de otros sitios mal definidos,,,
C768,Lesion de sitios contiguos mal definidos,,,
C770,"Tumor maligno de los ganglios linfaticos de la cabeza, cara y cuello",,,
C771,Tumor maligno de los ganglios linfaticos intratoracicos,,,
C772,Tumor maligno de los ganglios linfaticos intraabdominales,,,
C773,Tumor maligno de los ganglios linfaticos de la axila y del miembro superior,,,
C774,Tumor maligno de los ganglios linfaticos de la region inguinal y del miembro inferior,,,
C775,Tumor maligno de los ganglios linfaticos de la pelvis,,,
C778,Tumor maligno de los ganglios linfaticos de regiones multiples,,,
C779,"Tumor maligno del ganglio linfatico, sitio no especificado",,,
C780,Tumor maligno secundario del pulmon,,,
C781,Tumor maligno secundario del mediastino,,,
C782,Tumor maligno secundario de la pleura,,,
C783,Tumor maligno secundario de otros organos respiratorios y de los no especificados,,,
C784,Tumor maligno secundario del intestino delgado,,,
C785,Tumor maligno secundario del intestino grueso y del recto,,,
C786,Tumor maligno secundario del peritoneo y del retroperitoneo,,,
C787,Tumor maligno secundario del higado y de los conductos biliares intrahepaticos,,,
C788,Tumor maligno secundario de otros organos digestivos y de los no especificados,,,
C790,Tumor maligno secundario del rinon y de la pelvis renal,,,
C791,"Tumor maligno secundario de la vejiga, y de otros organos y los no especificados de las vias urinarias",,,
C792,Tumor maligno secundario de la piel,,,
C793,Tumor maligno secundario del encefalo y de las meninges cerebrales,,,
C794,Tumor maligno secundario de otras partes del sistema nervioso y de las no especificadas,,,
C795,Tumor maligno secundario de los huesos y de la medula osea,,,
C796,Tumor maligno secundario del ovario,2,,
C797,Tumor maligno secundario de la glandula suprarrenal,,,
C798,Tumor maligno secundario de otros sitios especificados,,,
C799,"Tumor maligno secundario, sitio no especificado",,,
C800,"Tumor maligno, de sitio primario desconocido, así descrito",,,
C809,"Tumor maligno, sitio primario no especificado",,,
C810,Linfoma de Hodgkin con predominio linfocitico nodular,,,
C811,Linfoma de Hodgkin clasico con esclerosis nodular,,,
C812,Linfoma de Hodgkin clasico con celularidad mixta,,,
C813,Linfoma de Hodgkin clasico con deplecion linfocitica,,,
C814,Linfoma de Hodgkin clásico rico en linfocitos,,,
C817,Otros tipos de linfomas de Hodgkin clásicos,,,
C819,"Linfoma de Hodgkin, no especificado",,,
C820,Linfoma folicular grado I,,,
C821,Linfoma folicular grado II,,,
C822,Linfoma folicular grado III no especificado,,,
C823,Linfoma folicular grado IIIa,,,
C824,Linfoma folicular grado IIIb,,,
C825,Linfoma centro folicular difuso,,,
C826,Linfoma centro folicular cutáneo,,,
C827,Otros tipos especificados de linfoma folicular,,,
C829,"Linfoma folicular, sin otra especificacion",,,
C830,Linfoma de celulas B pequenas,,,
C831,Linfoma de celulas del manto,,,
C833,Linfoma de celulas grandes B difuso,,,
C835,Linfoma linfoblastico (difuso),,,
C837,Linfoma de Burkitt,,,
C838,Otros tipos especificados de linfoma no folicular,,,
C839,"Linfoma no folicular (difuso), sin otra especificacion",,,
C840,Micosis fungoide,,,
C841,Enfermedad de Sezary,,,
C844,"Linfoma periferico de celulas T, no clasificado en otra parte",,,
C845,Otros linfomas de celulas T/NK maduras,,,
C846,Linfoma anaplásico de células grandes ALK-positivo,,,
C847,Linfoma anaplásico de células grandes ALK-negativo,,,
C848,"Linfoma cutáneo de células T, no especificado",,,
C849,"Linfoma de células T/NK maduras, no especificado",,,
C851,"Linfoma de celulas B, sin otra especificacion",,,
C852,Linfoma mediastinal de células B grandes (del timo),,,
C857,Otros tipos especificados de linfoma no Hodgkin,,,
C859,"Linfoma no Hodgkin, no especificado",,,
C860,"Linfoma extranodal de células T/NK, tipo nasal",,,
C861,Linfoma hepatoesplénico de células T,,,
C862,Linfoma de células T tipo enteropatía (intestinal),,,
C863,Linfoma de células T tipo paniculitis subcutánea,,,
C864,Linfoma blástico de células NK,,,
C865,Linfoma angioinmunoblástico de células T,,,
C866,Trastornos linfoproliferativos primario cutáneos de células T CD30-positivo,,,
C880,Macroglobulinemia de Waldenstr”m,,,
C882,Otras enfermedades de cadena pesada,,,
C883,Enfermedad inmunoproliferativa del intestino delgado,,,
C884,Linfoma de células B extranodal de zona marginal de tejido linfoide asociado a mucosas [Linfoma TLAM],,,
C887,Otras enfermedades inmunoproliferativas malignas,,,
C889,"Enfermedad inmunoproliferativa maligna, sin otra especificacion",,,
C900,Mieloma multiple,,,
C901,Leucemia de celulas plasmaticas,,,
C902,Plasmocitoma extramedular,,,
C903,Plasmocitoma solitario,,,
C910,Leucemia linfoblastica aguda [LLA],,,
C911,Leucemia linfocitica cronica de celula tipo B,,,
C913,Leucemia prolinfocitica de celula tipo B,,,
C914,Leucemia de celulas vellosas,,,
C915,Leucemia/linfoma de celulas T adultas [HTLV-1-asociado],,,
C916,Leucemia prolinfocítica de células tipo T,,,
C917,Otras leucemias linfoides,,,
C918,Leucemia tipo Burkitt de células B maduras,,,
C919,"Leucemia linfoide, sin otra especificacion",,,
C920,Leucemia mieloblastica aguda [LMA],,,
C921,"Leucemia mieloide cronica [LMC], BCR/ABL-positivo",,,
C922,"Leucemia mieloide cronica atipica, BCR/ABL-negativo",,,
C923,Sarcoma mieloide,,,
C924,Leucemia promielocitica aguda [LPA],,,
C925,Leucemia mielomonocitica aguda,,,
C926,Leucemia mieloide aguda con anormalidad 11q23,,,
C927,Otras leucemias mieloides,,,
C928,Leucemia mieloide aguda con displasia multilinaje,,,
C929,"Leucemia mieloide, sin otra especificacion",,,
C930,Leucemia monocitica/monoblastica aguda,,,
C931,Leucemia mielomonocitica cronica,,,
C933,Leucemia mielomonocítica juvenil,,,
C937,Otras leucemias monociticas,,,
C939,"Leucemia monocitica, sin otra especificacion",,,
C940,Leucemia eritroide aguda,,,
C942,Leucemia megacarioblastica aguda,,,
C943,Leucemia de mastocitos,,,
C944,Panmielosis aguda con mielofibrosis,,,
C946,"Enfermedad mielodisplásica y mieloproliferativa, no clasificada en otra parte",,,
C947,Otras leucemias especificadas,,,
C950,"Leucemia aguda, celulas de tipo no especificado",,,
C951,"Leucemia cronica, celulas de tipo no especificado",,,
C957,Otras leucemias de celulas de tipo no especificado,,,
C959,"Leucemia, no especificada",,,
C960, Histiocitosis de celulas de Langerhans multifocal y multisistemica (diseminada) [Enfermedad de Letterer-Siwe],,,
C962,Tumor maligno de mastocitos,,,
C964,Sarcoma de células dendríticas (células accesorias),,,
C965,Histiocitosis de células de Langerhans multifocal y unisistémica,,,
C966,Histiocitosis de células de Langerhans unifocal,,,
C967,"Otros tumores malignos especificados del tejido linfatico, hematopoyetico y tejidos afines",,,
C968,Sarcoma histiocítico,,,
C969,"Tumor maligno del tejido linfatico, hematopoyetico y tejidos afines, sin otra especificacion",,,
C97X,Tumores malignos (primarios) de sitios multiples independientes,,,
D000,"Carcinoma in situ del labio, de la cavidad bucal y de la faringe",,,
D001,Carcinoma in situ del esofago,,,
D002,Carcinoma in situ del estomago,,,
D010,Carcinoma in situ del colon,,,
D011,Carcinoma in situ de la union rectosigmoidea,,,
D012,Carcinoma in situ del recto,,,
D013,Carcinoma in situ del ano y del conducto anal,,,
D014,Carcinoma in situ de otras partes y de las no especificadas del intestino,,,
D015,"Carcinoma in situ del higado, de la vesicula biliar y del conducto biliar",,,
D017,Carcinoma in situ de otras partes especificadas de organos digestivos,,,
D019,Carcinoma in situ de organos digestivos no especificados,,,
D020,Carcinoma in situ de la laringe,,,
D021,Carcinoma in situ de la traquea,,,
D022,Carcinoma in situ del bronquio y del pulmon,,,
D023,Carcinoma in situ de otras partes del sistema respiratorio,,,
D024,Carcinoma in situ de organos respiratorios no especificados,,,
D030,Melanoma in situ del labio,,,
D031,Melanoma in situ del parpado y de la comisura palpebral,,,
D032,Melanoma in situ de la oreja y del conducto auditivo externo,,,
D033,Melanoma in situ de otras partes y de las no especificadas de la cara,,,
D034,Melanoma in situ del cuero cabelludo y del cuello,,,
D035,Melanoma in situ del tronco,,,
D036,"Melanoma in situ del miembro superior, incluido el hombro",,,
D037,"Melanoma in situ del miembro inferior, incluida la cadera",,,
D038,Melanoma in situ de otros sitios,,,
D039,"Melanoma in situ, sitio no especificado",,,
D040,Carcinoma in situ de la piel del labio,,,
D041,Carcinoma in situ de la piel del parpado y de la comisura palpebral,,,
D042,Carcinoma in situ de la piel de la oreja y del conducto auditivo externo,,,
D043,Carcinoma in situ de la piel de otras partes y de las no especificadas de la cara,,,
D044,Carcinoma in situ de la piel del cuero cabelludo y cuello,,,
D045,Carcinoma in situ de la piel del tronco,,,
D046,"Carcinoma in situ de la piel del miembro superior, incluido el hombro",,,
D047,"Carcinoma in situ de la piel del miembro inferior, incluida la cadera",,,
D048,Carcinoma in situ de la piel de otros sitios especificados,,,
D049,"Carcinoma in situ de la piel, sitio no especificado",,,
D050,Carcinoma in situ lobular,,,
D051,Carcinoma in situ intracanalicular,,,
D057,Otros carcinomas in situ de la mama,,,
D059,"Carcinoma in situ de la mama, parte no especificada",,,
D060,Carcinoma in situ del endocervix,2,,
D061,Carcinoma in situ del exocervix,2,,
D067,Carcinoma in situ de otras partes especificadas del cuello del utero,2,,
D069,"Carcinoma in situ del cuello del utero, parte no especificada",2,,
D070,Carcinoma in situ del endometrio,2,,
D071,Carcinoma in situ de la vulva,2,,
D072,Carcinoma in situ de la vagina,2,,
D073,Carcinoma in situ de otros sitios de organos genitales femeninos y de los no especificados,2,,
D074,Carcinoma in situ del pene,1,,
D075,Carcinoma in situ de la prostata,1,,
D076,Carcinoma in situ de otros organos genitales masculinos y de los no especificados,1,,
D090,Carcinoma in situ de la vejiga,,,
D091,Carcinoma in situ de otros organos urinarios y de los no especificados,,,
D092,Carcinoma in situ del ojo,,,
D093,Carcinoma in situ de la glandula tiroides y de otras glandulas endocrinas,,,
D097,Carcinoma in situ de otros sitios especificados,,,
D099,"Carcinoma in situ, sitio no especificado",,,
D100,Tumor benigno del labio,,,
D101,Tumor benigno de la lengua,,,
D102,Tumor benigno del piso de la boca,,,
D103,Tumor benigno de otras partes y de las no especificadas de la boca,,,
D104,Tumor benigno de la amigdala,,,
D105,Tumor benigno de otras partes de la orofaringe,,,
D106,Tumor benigno de la nasofaringe,,,
D107,Tumor benigno de la hipofaringe,,,
D109,"Tumor benigno de la faringe, parte no especificada",,,
D110,Tumor benigno de la glandula parotida,,,
D117,Tumor benigno de otras glandulas salivales mayores especificadas,,,
D119,"Tumor benigno de la glandula salival mayor, sin otra especificacion",,,
D120,Tumor benigno del ciego,,,
D121,Tumor benigno del apendice,,,
D122,Tumor benigno del colon ascendente,,,
D123,Tumor benigno del colon transverso,,,
D124,Tumor benigno del colon descendente,,,
D125,Tumor benigno del colon sigmoide,,,
D126,"Tumor benigno del colon, parte no especificada",,,
D127,Tumor benigno de la union rectosigmoidea,,,
D128,Tumor benigno del recto,,,
D129,Tumor benigno del conducto anal y del ano,,,
D130,Tumor benigno del esofago,,,
D131,Tumor benigno del estomago,,,
D132,Tumor benigno del duodeno,,,
D133,Tumor benigno de otras partes y de las no especificadas del intestino delgado,,,
D134,Tumor benigno del higado,,,
D135,Tumor benigno de las vias biliares extrahepaticas,,,
D136,Tumor benigno del pancreas,,,
D137,Tumor benigno del pancreas endocrino,,,
D139,Tumor benigno de sitios mal definidos del sistema digestivo,,,
D140,"Tumor benigno del oido medio, de la cavidad nasal y de los senos paranasales",,,
D141,Tumor benigno de la laringe,,,
D142,Tumor benigno de la traquea,,,
D143,Tumor benigno de los bronquios y del pulmon,,,
D144,"Tumor benigno del sistema respiratorio, sitio no especificado",,,
D150,Tumor benigno del timo,,,
D151,Tumor benigno del corazon,,,
D152,Tumor benigno del mediastino,,,
D157,Tumor benigno de otros organos intratoracicos especificados,,,
D159,Tumor benigno de organo intratoracico no especificado,,,
D160,Tumor benigno del omoplato y huesos largos del miembro superior,,,
D161,Tumor benigno de los huesos cortos del miembro superior,,,
D162,Tumor benigno de los huesos largos del miembro inferior,,,
D163,Tumor benigno de los huesos cortos del miembro inferior,,,
D164,Tumor benigno de los huesos del craneo y de la cara,,,
D165,Tumor benigno del maxilar inferior,,,
D166,Tumor benigno de la columna vertebral,,,
D167,"Tumor benigno de las costillas, esternon y clavicula",,,
D168,"Tumor benigno de los huesos pelvicos, sacro y coccix",,,
D169,"Tumor benigno del hueso y del cartilago articular, sitio no especificado",,,
D170,"Tumor benigno lipomatoso de piel y de tejido subcutaneo de cabeza, cara y cuello",,,
D171,Tumor benigno lipomatoso de piel y de tejido subcutaneo del tronco,,,
D172,Tumor benigno lipomatoso de piel y de tejido subcutaneo de miembros,,,
D173,Tumor benigno lipomatoso de piel y de tejido subcutaneo de otros sitios y de los no especificados,,,
D174,Tumor benigno lipomatoso de los organos intratoracicos,,,
D175,Tumor benigno lipomatoso de los organos intraabdominales,,,
D176,Tumor benigno lipomatoso del cordon espermatico,1,,
D177,Tumor benigno lipomatoso de otros sitios especificados,,,
D179,"Tumor benigno lipomatoso, de sitio no especificado",,,
D180,"Hemangioma, de cualquier sitio",,,
D181,"Linfangioma, de cualquier sitio",,,
D190,Tumor benigno del tejido mesotelial de la pleura,,,
D191,Tumor benigno del tejido mesotelial del peritoneo,,,
D197,Tumor benigno del tejido mesotelial de otros sitios especificados,,,
D199,"Tumor benigno del tejido mesotelial, de sitio no especificado",,,
D200,Tumor benigno del retroperitoneo,,,
D201,Tumor benigno del peritoneo,,,
D210,"Tumor benigno del tejido conjuntivo y de otros tejidos blandos de cabeza, cara y cuello",,,
D211,"Tumor benigno del tejido conjuntivo y de otros tejidos blandos del miembro superior, incluido el hombro",,,
D212,"Tumor benigno del tejido conjuntivo y de otros tejidos blandos del miembro inferior, incluida la cadera",,,
D213,Tumor benigno del tejido conjuntivo y de otros tejidos blandos del torax,,,
D214,Tumor benigno del tejido conjuntivo y otros tejidos blandos del abdomen,,,
D215,Tumor benigno del tejido conjuntivo y otros tejidos blandos de la pelvis,,,
D216,"Tumor benigno del tejido conjuntivo y otros tejidos blandos del tronco, sin otra especificacion",,,
D219,"Tumor benigno del tejido conjuntivo y otros tejidos blandos, de sitio no especificado",,,
D220,Nevo melanocitico del labio,,,
D221,"Nevo melanocitico del parpado, incluida la comisura palpebral",,,
D222,Nevo melanocitico de la oreja y del conducto auditivo externo,,,
D223,Nevo melanocitico de otras partes y de las no especificadas de la cara,,,
D224,Nevo melanocitico del cuero cabelludo y del cuello,,,
D225,Nevo melanocitico del tronco,,,
D226,"Nevo melanocitico del miembro superior, incluido el hombro",,,
D227,"Nevo melanocitico del miembro inferior, incluida la cadera",,,
D229,"Nevo melanocitico, sitio no especificado",,,
D230,Tumor benigno de la piel del labio,,,
D231,"Tumor benigno de la piel del parpado, incluida la comisura palpebral",,,
D232,Tumor benigno de la piel de la oreja y del conducto auditivo externo,,,
D233,Tumor benigno de la piel de otras partes y de las no especificadas de la cara,,,
D234,Tumor benigno de la piel del cuero cabelludo y del cuello,,,
D235,Tumor benigno de la piel del tronco,,,
D236,"Tumor benigno de la piel del miembro superior, incluido el hombro",,,
D237,"Tumor benigno de la piel del miembro inferior, incluida la cadera",,,
D239,"Tumor benigno de la piel, sitio no especificado",,,
D24X,Tumor benigno de la mama,,,
D250,Leiomioma submucoso del utero,2,,
D251,Leiomioma intramural del utero,2,,
D252,Leiomioma subseroso del utero,2,,
D259,"Leiomioma del utero, sin otra especificacion",2,,
D260,Tumor benigno del cuello del utero,2,,
D261,Tumor benigno del cuerpo del utero,2,,
D267,Tumor benigno de otras partes especificadas del utero,2,,
D269,"Tumor benigno del utero, parte no especificada",2,,
D27X,Tumor benigno del ovario,2,,
D280,Tumor benigno de la vulva,2,,
D281,Tumor benigno de la vagina,2,,
D282,Tumor benigno de la trompa de Falopio y de los ligamentos uterinos,2,,
D287,Tumor benigno de otros sitios especificados de los organos genitales femeninos,2,,
D289,"Tumor benigno de organo genital femenino, sitio no especificado",2,,
D290,Tumor benigno del pene,1,,
D291,Tumor benigno de la prostata,1,,
D292,Tumor benigno de los testiculos,1,,
D293,Tumor benigno del epididimo,1,,
D294,Tumor benigno del escroto,1,,
D297,Tumor benigno de otros organos genitales masculinos,1,,
D299,"Tumor benigno de organo genital masculino, sitio no especificado",1,,
D300,Tumor benigno del rinon,,,
D301,Tumor benigno de la pelvis renal,,,
D302,Tumor benigno del ureter,,,
D303,Tumor benigno de la vejiga,,,
D304,Tumor benigno de la uretra,,,
D307,Tumor benigno de otros organos urinarios,,,
D309,Tumor benigno de organo urinario no especificado,,,
D310,Tumor benigno de la conjuntiva,,,
D311,Tumor benigno de la cornea,,,
D312,Tumor benigno de la retina,,,
D313,Tumor benigno de la coroides,,,
D314,Tumor benigno del cuerpo ciliar,,,
D315,Tumor benigno de las glandulas y de los conductos lagrimales,,,
D316,"Tumor benigno de la orbita, parte no especificada",,,
D319,"Tumor benigno del ojo, parte no especificada",,,
D320,Tumor benigno de las meninges cerebrales,,,
D321,Tumor benigno de las meninges raquideas,,,
D329,"Tumor benigno de las meninges, parte no especificada",,,
D330,"Tumor benigno del encefalo, supratentorial",,,
D331,"Tumor benigno del encefalo, infratentorial",,,
D332,"Tumor benigno del encefalo, parte no especificada",,,
D333,Tumor benigno de los nervios craneales,,,
D334,Tumor benigno de la medula espinal,,,
D337,Tumor benigno de otras partes especificadas del sistema nervioso central,,,
D339,"Tumor benigno del sistema nervioso central, sitio no especificado",,,
D34X,Tumor benigno de la glandula tiroides,,,
D350,Tumor benigno de la glandula suprarrenal,,,
D351,Tumor benigno de la glandula paratiroides,,,
D352,Tumor benigno de la hipofisis,,,
D353,Tumor benigno del conducto craneofaringeo,,,
D354,Tumor benigno de la glandula pineal,,,
D355,Tumor benigno del cuerpo carotideo,,,
D356,Tumor benigno del cuerpo aortico y de otros cuerpos cromafines,,,
D357,Tumor benigno de otras glandulas endocrinas especificadas,,,
D358,Tumor benigno pluriglandular,,,
D359,Tumor benigno de glandula endocrina no especificada,,,
D360,Tumor benigno de los ganglios linfaticos,,,
D361,Tumor benigno de los nervios perifericos y del sistema nervioso autonomo,,,
D367,Tumor benigno de otros sitios especificados,,,
D369,Tumor benigno de sitio no especificado,,,
D370,"Tumor de comportamiento incierto o desconocido del labio, de la cavidad bucal y de la faringe",,,
D371,Tumor de comportamiento incierto o desconocido del estomago,,,
D372,Tumor de comportamiento incierto o desconocido del intestino delgado,,,
D373,Tumor de comportamiento incierto o desconocido del apendice,,,
D374,Tumor de comportamiento incierto o desconocido del colon,,,
D375,Tumor de comportamiento incierto o desconocido del recto,,,
D376,"Tumor de comportamiento incierto o desconocido del higado, de la vesicula biliar y del conducto biliar",,,
D377,Tumor de comportamiento incierto o desconocido de otros organos digestivos especificados,,,
D379,"Tumor de comportamiento incierto o desconocido de organos digestivos, sitio no especificado",,,
D380,Tumor de comportamiento incierto o desconocido de laringe,,,
D381,"Tumor de comportamiento incierto o desconocido de la traquea, de los bronquios y del pulmon",,,
D382,Tumor de comportamiento incierto o desconocido de la pleura,,,
D383,Tumor de comportamiento incierto o desconocido del mediastino,,,
D384,Tumor de comportamiento incierto o desconocido del timo,,,
D385,Tumor de comportamiento incierto o desconocido de otros organos respiratorios y del oido medio,,,
D386,"Tumor de comportamiento incierto o desconocido de organos respiratorios, sitio no especificado",,,
D390,Tumor de comportamiento incierto o desconocido del utero,2,,
D391,Tumor de comportamiento incierto o desconocido del ovario,2,,
D392,Tumor de comportamiento incierto o desconocido de la placenta,2,010A,054A
D397,Tumor de comportamiento incierto o desconocido de otros organos genitales femeninos,2,,
D399,Tumor de comportamiento incierto o desconocido de organo genital femenino no especificado,2,,
D400,Tumor de comportamiento incierto o desconocido de la prostata,1,010A,120A
D401,Tumor de comportamiento incierto o desconocido del testiculo,1,,
D407,Tumor de comportamiento incierto o desconocido de otros organos genitales masculinos,1,,
D409,Tumor de comportamiento incierto o desconocido de organo genital masculino no especificado,1,,
D410,Tumor de comportamiento incierto o desconocido del rinon,,,
D411,Tumor de comportamiento incierto o desconocido de la pelvis renal,,,
D412,Tumor de comportamiento incierto o desconocido del ureter,,,
D413,Tumor de comportamiento incierto o desconocido de la uretra,,,
D414,Tumor de comportamiento incierto o desconocido de la vejiga,,,
D417,Tumor de comportamiento incierto o desconocido de otros organos urinarios,,,
D419,Tumor de comportamiento incierto o desconocido de organo urinario no especificado,,,
D420,Tumor de comportamiento incierto o desconocido de las meninges cerebrales,,,
D421,Tumor de comportamiento incierto o desconocido de las meninges raquideas,,,
D429,"Tumor de comportamiento incierto o desconocido de las meninges, parte no especificada",,,
D430,"Tumor de comportamiento incierto o desconocido del encefalo, supratentorial",,,
D431,"Tumor de comportamiento incierto o desconocido del encefalo, infratentorial",,,
D432,"Tumor de comportamiento incierto o desconocido del encefalo, parte no especificada",,,
D433,Tumor de comportamiento incierto o desconocido de los nervios craneales,,,
D434,Tumor de comportamiento incierto o desconocido de la medula espinal,,,
D437,Tumor de comportamiento incierto o desconocido de otras partes especificadas del sistema nervioso central,,,
D439,"Tumor de comportamiento incierto o desconocido del sistema nervioso central, sitio no especificado",,,
D440,Tumor de comportamiento incierto o desconocido de la glandula tiroides,,,
D441,Tumor de comportamiento incierto o desconocido de la glandula suprarrenal,,,
D442,Tumor de comportamiento incierto o desconocido de la glandula paratiroides,,,
D443,Tumor de comportamiento incierto o desconocido de la glandula hipofisis,,,
D444,Tumor de comportamiento incierto o desconocido del conducto craneofaringeo,,,
D445,Tumor de comportamiento incierto o desconocido de la glandula pineal,,,
D446,Tumor de comportamiento incierto o desconocido del cuerpo carotideo,,,
D447,Tumor de comportamiento incierto o desconocido del cuerpo aortico y otros cuerpos cromafines,,,
D448,Tumor de comportamiento incierto o desconocido con afectacion pluriglandular,,,
D449,Tumor de comportamiento incierto o desconocido de glandula endocrina no especificada,,,
D45X,Policitemia vera,,028D,120A
D460,"Anemia refractaria sin sideroblastos, asi descrita",,,
D461,Anemia refractaria con sideroblastos en forma de anillo,,,
D462,Anemia refractaria con exceso de blastos [AREB],,,
D464,"Anemia refractaria, sin otra especificacion",,,
D465,Anemia refractaria con displasia multilinaje,,,
D466,Síndrome mielodisplásico con anormalidad cromosómica aislada del (5q),,,
D467,Otros sindromes mielodisplasicos,,,
D469,"Sindrome mielodisplasico, sin otra especificacion",,,
D470,Tumor de comportamiento incierto o desconocido de los mastocitos e histiocitos,,,
D471,Enfermedad mieloproliferativa cronica,,,
D472,Gammopatia monoclonal de significado incierto [GMSI],,,
D473,Trombocitopenia (hemorragica) esencial,,,
D474,Osteomielofibrosis,,,
D475,Leucemia eosinofílica crónica [síndrome hipereosinofílico],,,
D477,"Otros tumores especificados de comportamiento incierto o desconocido del tejido linfatico, de los organos hematopoyeticos y de tejidos afines",,,
D479,"Tumores de comportamiento incierto o desconocido del tejido linfatico, de los organos hematopoyeticos y de tejidos afines, no especificados",,,
D480,Tumor de comportamiento incierto o desconocido del hueso y cartilago articular,,,
D481,Tumor de comportamiento incierto o desconocido del tejido conjuntivo y otro tejido blando,,,
D482,Tumor de comportamiento incierto o desconocido de los nervios perifericos y del sistema nervioso autonomo,,,
D483,Tumor de comportamiento incierto o desconocido del retroperitoneo,,,
D484,Tumor de comportamiento incierto o desconocido del peritoneo,,,
D485,Tumor de comportamiento incierto o desconocido de la piel,,,
D486,Tumor de comportamiento incierto o desconocido de la mama,,,
D487,Tumor de comportamiento incierto o desconocido de otros sitios especificados,,,
D489,"Tumor de comportamiento incierto o desconocido, de sitio no especificado",,,
D500,Anemia por deficiencia de hierro secundaria a perdida de sangre (cronica),,,
D501,Disfagia sideropenica,,,
D508,Otras anemias por deficiencia de hierro,,,
D509,Anemia por deficiencia de hierro sin otra especificacion,,,
D510,Anemia por deficiencia de vitamina B12 debida a deficiencia del factor intrinseco,,,
D511,Anemia por deficiencia de vitamina B12 debida a mala absorcion selectiva de vitamina B12 con proteinuria,,,
D512,Deficiencia de trascobalamina II,,,
D513,Otras anemias por deficiencia dietetica de vitamina B12,,,
D518,Otras anemias por deficiencia de vitamina B12,,,
D519,"Anemia por deficiencia de vitamina B12, sin otra especificacion",,,
D520,Anemia por deficiencia dietetica de folatos,,,
D521,Anemia por deficiencia de folatos inducida por drogas,,,
D528,Otras anemias por deficiencia de folatos,,,
D529,"Anemia por deficiencia de folatos, sin otra especificacion",,,
D530,Anemia por deficiencia de proteinas,,,
D531,"Otras anemias megaloblasticas, no clasificadas en otra parte",,,
D532,Anemia escorbutica,,,
D538,Otras anemias nutricionales especificadas,,,
D539,"Anemia nutricional, no especificada",,,
D550,Anemia debida a deficiencia de glucosa-6-fosfato deshidrogenasa [G6FD],,,
D551,Anemia debida a otros trastornos del metabolismo del glutation,,,
D552,Anemia debida a trastornos de las enzimas glucoliticas,,,
D553,Anemia debida a trastornos del metabolismo de los nucleotidos,,,
D558,Otras anemias debidas a trastornos enzimaticos,,,
D559,"Anemia debida a trastornos enzimaticos, sin otra especificacion",,,
D560,Alfa talasemia,,,
D561,Beta talasemia,,,
D562,Delta-beta talasemia,,,
D563,Rasgo talasemico,,,
D564,Persistencia hereditaria de la hemoglobina fetal [PHHF],,,
D568,Otras talasemias,,,
D569,"Talasemia, no especificada",,,
D570,Anemia falciforme con crisis,,,
D571,Anemia falciforme  sin crisis,,,
D572,Trastornos falciformes heterocigotos dobles,,,
D573,Rasgo drepanocitico,,,
D578,Otros trastornos falciformes,,,
D580,Esferocitosis hereditaria,,,
D581,Eliptocitosis hereditaria,,,
D582,Otras hemoglobinopatias,,,
D588,Otras anemias hemoliticas hereditarias especificadas,,,
D589,"Anemia hemolitica hereditaria, sin otra especificacion",,,
D590,Anemia hemolitica autoinmune inducida por drogas,,,
D591,Otras anemias hemoliticas autoinmunes,,,
D592,Anemia hemolitica no autoinmune inducida por drogas,,,
D593,Sindrome hemolitico-uremico,,,
D594,Otras anemias hemoliticas no autoinmunes,,,
D595,Hemoglobinuria paroxistica nocturna [Marchiafava- Micheli],,,
D596,Hemoglobinuria debida a hemolisis por otras causas externas,,,
D598,Otras anemias hemoliticas adquiridas,,,
D599,"Anemia hemolitica adquirida, sin otra especificacion",,,
D600,"Aplasia cronica adquirida, exclusiva de la serie roja",,,
D601,"Aplasia transitoria adquirida, exclusiva de la serie roja",,,
D608,"Otras aplasias adquiridas, exclusivas de la serie roja",,,
D609,"Aplasia adquirida, exclusiva de la serie roja, no especificada",,,
D610,Anemia aplastica constitucional,,,
D611,Anemia aplastica inducida por drogas,,,
D612,Anemia aplastica debida a otros agentes externos,,,
D613,Anemia aplastica idiopatica,,,
D618,Otras anemias aplasticas especificadas,,,
D619,"Anemia aplastica, sin otra especificacion",,,
D62X,Anemia posthemorragica aguda,,,
D630,Anemia en enfermedad neoplasica,,,
D638,Anemia en otras enfermedades cronicas clasificadas en otra parte,,,
D640,Anemia sideroblastica hereditaria,,,
D641,Anemia sideroblastica secundaria a otra enfermedad,,,
D642,"Anemia sideroblastica secundaria, debida a drogas y toxinas",,,
D643,Otras anemias sideroblasticas,,,
D644,Anemia diseritropoyetica congenita,,,
D648,Otras anemias especificadas,,,
D649,Anemia de tipo no especificado,,028D,120A
D65X,Coagulacion intravascular diseminada [sindrome de desfibrinacion],,028D,120A
D66X,Deficiencia hereditaria del factor VIII,,,
D67X,Deficiencia hereditaria del factor IX,,,
D680,Enfermedad de von Willebrand,,,
D681,Deficiencia hereditaria del factor XI,,,
D682,Deficiencia hereditaria de otros factores de la coagulacion,,,
D683,Trastorno hemorragico debido a anticoagulantes circulantes,,,
D684,Deficiencia adquirida de factores de la coagulacion,,028D,120A
D685,Trombofilia primaria,,,
D686,Otra trombofilia,,,
D688,Otros defectos especificados de la coagulacion,,,
D689,"Defecto de la coagulacion, no especificado",,,
D690,Purpura alergica,,,
D691,Defecto cualitativos de las plaquetas,,,
D692,Otras purpuras no trombocitopenicas,,028D,120A
D693,Purpura trombocitopenica idiopatica,,,
D694,Otras trombocitopenias primarias,,028D,120A
D695,Trombocitopenia secundaria,,,
D696,Trombocitopenia no especificada,,028D,120A
D698,Otras afecciones hemorragicas especificadas,,,
D699,"Afeccion hemorragica, no especificada",,028D,120A
D70X,Agranulocitosis,,,
D71X,Trastornos funcionales de los polimorfonucleares neutrofilos,,,
D720,Anomalias geneticas de los leucocitos,,,
D721,Eosinofilia,,,
D728,Otros trastornos especificados de los leucocitos,,,
D729,"Trastorno de los leucocitos, no especificado",,,
D730,Hipoesplenismo,,,
D731,Hiperesplenismo,,,
D732,Esplenomegalia congestiva cronica,,,
D733,Absceso del bazo,,,
D734,Quiste del bazo,,,
D735,Infarto del bazo,,,
D738,Otras enfermedades del bazo,,,
D739,"Enfermedad del bazo, no especificada",,,
D740,Metahemoglobinemia congenita,,,
D748,Otras metahemoglobinemias,,,
D749,"Metahemoglobinemia, no especificada",,,
D750,Eritrocitosis familiar,,,
D751,Policitemia secundaria,,028D,120A
D758,Otras enfermedades especificadas de la sangre y de los organos hematopoyeticos,,,
D759,"Enfermedad de la sangre y de los organos hematopoyeticos, no especificada",,,
D761,Linfohistiocitosis hemofagocitica,,,
D762,Sindrome hemofagocitico asociado a infeccion,,,
D763,Otros sindromes histiociticos,,,
D77X,Otros trastornos de la sangre y de los organos hematopoyeticos en enfermedades clasificadas en otra parte,,,
D800,Hipogammaglobulinemia hereditaria,,,
D801,Hipogammaglobulinemia no familiar,,,
D802,Deficiencia selectiva de inmunoglobulina A [IgA],,,
D803,Deficiencia selectiva de subclases de la inmunoglobulina G [IgG],,,
D804,Deficiencia selectiva de inmunoglobulina M [IgM],,,
D805,Inmunodeficiencia con incremento de inmunoglobulina M [IgM],,,
D806,Deficiencia de anticuerpos con inmunoglobulinas casi normales o con hiperinmunoglobulinemia,,,
D807,Hipogammaglobulinemia transitoria de la infancia,,,
D808,Otras inmunodeficiencias con predominio de defectos de los anticuerpos,,,
D809,"Inmunodeficiencia con predominio de defectos de los anticuerpos, no especificada",,,
D810,Inmunodeficiencia combinada severa [IDCS] con disgenesia reticular,,,
D811,Inmunodeficiencia combinada severa [IDCS] con linfocitopenia T y B,,,
D812,Inmunodeficiencia combinada severa [IDCS] con cifra baja o normal de linfocitos B,,,
D813,Deficiencia de la adenosina deaminasa [ADA],,,
D814,Sindrome de Nezelof,,,
D815,Deficiencia de la fosforilasa purinonucleosida [FPN],,,
D816,Deficiencia de la clase I del complejo de histocompatibilidad mayor,,,
D817,Deficiencia de la clase II del complejo de histocompatibilidad mayor,,,
D818,Otras inmunodeficiencias combinadas,,,
D819,"Inmunodeficiencia combinada, no especificada",,,
D820,Sindrome de Wiskott-Aldrich,,,
D821,Sindrome de Di George,,,
D822,Inmunodeficiencia con enanismo micromelico [miembros cortos],,,
D823,Inmunodeficiencia consecutiva a respuesta defectuosa hereditaria contra el virus de Epstein-Barr,,,
D824,Sindrome de hiperinmunoglobulina E [IgE],,,
D828,Inmunodeficiencia asociada con otros defectos mayores especificados,,,
D829,Inmunodeficiencia asociada con defectos mayores no especificados,,,
D830,Inmunodeficiencia variable comun con predominio de anormalidades en el numero y la funcion de los linfocitos B,,,
D831,Inmunodeficiencia variable comun con predominio de trastornos inmunorreguladores de los linfocitos T,,,
D832,Inmunodeficiencia variable comun con autoanticuerpos anti-B o anti-T,,,
D838,Otras inmunodeficiencias variables comunes,,,
D839,"Inmunodeficiencia variable comun, no especificada",,,
D840,Defecto de la funcion del antigeno-1 del linfocito [LFA-1],,,
D841,Defecto del sistema del complemento,,,
D848,Otras inmunodeficiencias especificadas,,,
D849,"Inmunodeficiencia, no especificada",,,
D860,Sarcoidosis del pulmon,,,
D861,Sarcoidosis de los ganglios linfaticos,,,
D862,Sarcoidosis del pulmon y de los ganglios linfaticos,,,
D863,Sarcoidosis de la piel,,,
D868,Sarcoidosis de otros sitios especificados o de sitios combinados,,,
D869,Sarcoidosis de sitio no especificado,,,
D890,Hipergammaglobulinemia policlonal,,,
D891,Crioglobulinemia,,,
D892,"Hipergammaglobulinemia, no especificada",,,
D893,Síndrome de reconstitución inmune,,,
D898,"Otros trastornos especificados que afectan el mecanismo de la inmunidad, no clasificados en otra parte",,,
D899,"Trastorno que afecta al mecanismo de la inmunidad, no especificado",,,
E000,"Sindrome congenito de deficiencia de yodo, tipo neurologico",,,
E001,"Sindrome de deficiencia congenita de yodo, tipo mixedematoso",,,
E002,"Sindrome congenito de deficiencia de yodo, tipo mixto",,,
E009,"Sindrome congenito de deficiencia de yodo, no especificado",,,
E010,Bocio difuso (endemico) relacionado con deficiencia de yodo,,,
E011,Bocio multinodular (endemico) relacionado con deficiencia de yodo,,,
E012,"Bocio (endemico) relacionado con deficiencia de yodo, no especificado",,,
E018,Otros trastornos de la tiroides relacionados con deficiencia de yodo y afecciones similares,,,
E02X,Hipotiroidismo subclinico por deficiencia de yodo,,,
E030,Hipotiroidismo congenito con bocio difuso,,,
E031,Hipotiroidismo congenito sin bocio,,,
E032,Hipotiroidismo debido a medicamentos y a otras sustancias exogenas,,,
E033,Hipotiroidismo postinfeccioso,,,
E034,Atrofia de tiroides (adquirida),,,
E035,Coma mixedematoso,,,
E038,Otros hipotiroidismos especificados,,,
E039,"Hipotiroidismo, no especificado",,,
E040,Bocio difuso no toxico,,,
E041,Nodulo tiroideo solitario no toxico,,,
E042,Bocio multinodular no toxico,,,
E048,Otros bocios no toxicos especificados,,,
E049,"Bocio no toxico, no especificado",,,
E050,Tirotoxicosis con bocio difuso,,028D,120A
E051,Tirotoxicosis con nodulo solitario tiroideo toxico,,028D,120A
E052,Tirotoxicosis con bocio multinodular toxico,,028D,120A
E053,Tirotoxicosis por tejido tiroideo ectopico,,028D,120A
E054,Tirotoxicosis facticia,,028D,120A
E055,Crisis o tormenta tirotoxica,,028D,120A
E058,Otras tirotoxicosis,,028D,120A
E059,"Tirotoxicosis, no especificada",,028D,120A
E060,Tiroiditis aguda,,,
E061,Tiroiditis subaguda,,,
E062,Tiroiditis cronica con tirotoxicosis transitoria,,,
E063,Tiroiditis autoinmune,,,
E064,Tiroiditis inducida por drogas,,,
E065,Otras tiroiditis cronicas,,,
E069,"Tiroiditis, no especificada",,,
E070,Hipersecrecion de calcitonina,,,
E071,Bocio dishormogenetico,,,
E078,Otros trastornos especificados de la glandula tiroides,,,
E079,"Trastorno de la glandula tiroides, no especificado",,,
E100,"Diabetes mellitus insulinodependiente, con coma",,028D,120A
E101,"Diabetes mellitus insulinodependiente, con cetoacidosis",,028D,120A
E102,"Diabetes mellitus insulinodependiente, con complicaciones renales",,028D,120A
E103,"Diabetes mellitus insulinodependiente, con complicaciones oftalmicas",,028D,120A
E104,"Diabetes mellitus insulinodependiente, con complicaciones neurologicas",,028D,120A
E105,"Diabetes mellitus insulinodependiente, con complicaciones circulatorias perifericas",,028D,120A
E106,"Diabetes mellitus insulinodependiente, con otras complicaciones especificadas",,028D,120A
E107,"Diabetes mellitus insulinodependiente, con complicaciones multiples",,028D,120A
E108,"Diabetes mellitus insulinodependiente, con complicaciones no especificadas",,028D,120A
E109,"Diabetes mellitus insulinodependiente, sin mencion de complicacion",,028D,120A
E110,"Diabetes mellitus no insulinodependiente, con coma",,028D,120A
E111,"Diabetes mellitus no insulinodependiente, con cetoacidosis",,028D,120A
E112,"Diabetes mellitus no insulinodependiente, con complicaciones renales",,028D,120A
E113,"Diabetes mellitus no insulinodependiente, con complicaciones oftalmicas",,028D,120A
E114,"Diabetes mellitus no insulinodependiente, con complicaciones neurologicas",,028D,120A
E115,"Diabetes mellitus no insulinodependiente, con complicaciones circulatorias perifericas",,028D,120A
E116,"Diabetes mellitus no insulinodependiente, con otras complicaciones especificadas",,028D,120A
E117,"Diabetes mellitus no insulinodependiente, con complicaciones multiples",,028D,120A
E118,"Diabetes mellitus no insulinodependiente, con complicaciones no especificadas",,028D,120A
E119,"Diabetes mellitus no insulinodependiente, sin mencion de complicacion",,028D,120A
E120,"Diabetes mellitus asociada con desnutricion, con coma",,028D,120A
E121,"Diabetes mellitus asociada con desnutricion, con cetoacidosis",,028D,120A
E122,"Diabetes mellitus asociada con desnutricion, con complicaciones renales",,028D,120A
E123,"Diabetes mellitus asociada con desnutricion, con complicaciones oftalmicas",,028D,120A
E124,"Diabetes mellitus asociada con desnutricion, con complicaciones neurologicas",,028D,120A
E125,"Diabetes mellitus asociada con desnutricion, con complicaciones circulatorias perifericas",,028D,120A
E126,"Diabetes mellitus asociada con desnutricion, con otras complicaciones especificadas",,028D,120A
E127,"Diabetes mellitus asociada con desnutricion, con complicaciones multiples",,028D,120A
E128,"Diabetes mellitus asociada con desnutricion, con complicaciones no especificadas",,028D,120A
E129,"Diabetes mellitus asociada con desnutricion, sin mencion de complicacion",,028D,120A
E130,"Otras diabetes mellitus especificadas, con coma",,028D,120A
E131,"Otras Diabetes mellitus especificadas, con cetoacidosis",,028D,120A
E132,"Otras diabetes mellitus especificadas, con complicaciones renales",,028D,120A
E133,"Otras diabetes mellitus especificadas, con complicaciones oftalmicas",,028D,120A
E134,"Otras diabetes mellitus especificadas, con complicaciones neurologicas",,028D,120A
E135,"Otras diabetes mellitus especificadas, con complicaciones circulatorias perifericas",,028D,120A
E136,"Otras diabetes mellitus especificadas, con otras complicaciones especificadas",,028D,120A
E137,"Otras diabetes mellitus especificadas, con complicaciones multiples",,028D,120A
E138,"Otras diabetes mellitus especificadas, con complicaciones no especificadas",,028D,120A
E139,"Otras diabetes mellitus especificadas, sin mencion de complicacion",,028D,120A
E140,"Diabetes mellitus no especificada, con coma",,028D,120A
E141,"Diabetes mellitus no especificada, con cetoacidosis",,028D,120A
E142,"Diabetes mellitus no especificada, con complicaciones renales",,028D,120A
E143,"Diabetes mellitus no especificada, con complicaciones oftalmicas",,028D,120A
E144,"Diabetes mellitus no especificada, con complicaciones neurologicas",,028D,120A
E145,"Diabetes mellitus no especificada, con complicaciones circulatorias perifericas",,028D,120A
E146,"Diabetes mellitus no especificada, con otras complicaciones especificadas",,028D,120A
E147,"Diabetes mellitus no especificada, con complicaciones multiples",,028D,120A
E148,"Diabetes mellitus no especificada, con complicaciones no especificadas",,028D,120A
E149,"Diabetes mellitus no especificada, sin mencion de complicacion",,028D,120A
E15X,Coma hipoglicemico no diabetico,,,
E160,"Hipoglicemia sin coma, inducida por drogas",,028D,120A
E161,Otras hipoglicemias,,028D,120A
E162,"Hipoglicemia, no especificada",,028D,120A
E163,Secrecion exagerada del glucagon,,028D,120A
E164,Secrecion anormal de gastrina,,028D,120A
E168,Otros trastornos especificados de la secrecion interna del pancreas,,028D,120A
E169,"Trastornos de la secrecion interna del pancreas, sin otra especificacion",,028D,120A
E200,Hipoparatiroidismo idiopatico,,028D,120A
E201,Pseudohipoparatiroidismo,,028D,120A
E208,Otros tipos de hipoparatiroidismo,,028D,120A
E209,"Hipoparatiroidismo, no especificado",,028D,120A
E210,Hiperparatiroidismo primario,,,
E211,Hiperparatiroidismo secundario no clasificado en otra parte,,,
E212,Otros tipos de hiperparatiroidismo,,,
E213,"Hiperparatiroidismo, sin otra especificacion",,,
E214,Otros trastornos especificados de la glandula paratiroides,,,
E215,"Trastorno de la glandula paratiroides, no especificado",,,
E220,Acromegalia y gigantismo hipofisario,,,
E221,Hiperprolactinemia,,,
E222,Sindrome de secrecion inapropiada de hormona anitidiuretica,,,
E228,Otras hiperfunciones de la glandula hipofisis,,,
E229,"Hiperfuncion de la glandula hipofisis, no especificada",,,
E230,Hipopituitarismo,,,
E231,Hipopituitarismo inducido por drogas,,,
E232,Diabetes insipida,,,
E233,"Disfuncion hipotalamica, no clasificada en otra parte",,,
E236,Otros trastornos de la glandula hipofisis,,,
E237,"Trastorno de la glandula hipofisis, no especificado",,,
E240,Enfermedad de Cushing dependiente de la hipofisis,,,
E241,Sindrome de Nelson,,,
E242,Sindrome de Cushing inducido por drogas,,,
E243,Sindrome de ACTH ectopico,,,
E244,Sindrome de seudo-Cushing inducido por alcohol,,,
E248,Otros tipos de sindrome de Cushing,,,
E249,"Sindrome de Cushing, no especificado",,,
E250,Trastornos adrenogenitales congenitos con deficiencia enzimatica,,,
E258,Otros trastornos adrenogenitales,,,
E259,"Trastorno adrenogenital, no especificado",,,
E260,Hiperaldosteronismo primario,,,
E261,Hiperaldosteronismo secundario,,,
E268,Otros tipos de hiperaldosteronismo,,,
E269,"Hiperaldosteronismo, no especificado",,,
E270,Otra hiperactividad corticosuprarrenal,,,
E271,Insuficiencia corticosuprarrenal primaria,,,
E272,Crisis addisoniana,,,
E273,Insuficiencia corticosuprarrenal inducida por drogas,,,
E274,Otras insuficiencias corticosuprarrenales y las no especificadas,,,
E275,Hiperfuncion de la medula suprarrenal,,,
E278,Otros trastornos especificados de la glandula suprarrenal,,,
E279,"Trastorno de la glandula suprarrenal, no especificado",,,
E280,Exceso de estrogenos,2,010A,054A
E281,Exceso de androgenos,2,010A,054A
E282,Sindrome de ovario poliquistico,2,010A,054A
E283,Insuficiencia ovarica primaria,2,010A,054A
E288,Otras disfunciones ovaricas,2,010A,054A
E289,"Disfuncion ovarica, no especificada",2,010A,054A
E290,Hiperfuncion testicular,1,010A,120A
E291,Hipofuncion testicular,1,010A,120A
E298,Otras disfunciones testiculares,1,010A,120A
E299,"Disfuncion testicular, no especificada",1,010A,120A
E300,Pubertad retardada,,016A,018A
E301,Pubertad precoz,,006A,008A
E308,Otros trastornos de la pubertad,,010A,014A
E309,"Trastorno de la pubertad, no especificado",,010A,014A
E310,Insuficiencia poliglandular autoinmune,,,
E311,Hiperfuncion poliglandular,,,
E318,Otras disfunciones poliglandulares,,,
E319,"Disfuncion poliglandular, no especificada",,,
E320,Hiperplasia persistente del timo,,,
E321,Absceso del timo,,,
E328,Otras enfermedades del timo,,,
E329,"Enfermedad del timo, no especificada",,,
E340,Sindrome carcinoide,,,
E341,Otras hipersecreciones de hormonas intestinales,,,
E342,"Secrecion hormonal ectopica, no clasificada en otra parte",,,
E343,"Enanismo, no clasificado en otra parte",,,
E344,Estatura alta constitucional,,,
E345,Sindrome de resistencia androgenica,,,
E348,Otros trastornos endocrinos especificados,,,
E349,"Trastorno endocrino, no especificado",,,
E350,Trastornos de la glandula tiroides en enfermedades clasificadas en otra parte,,,
E351,Trastornos de las glandulas suprarrenales en enfermedades clasificadas en otra parte,,,
E358,Trastornos de otras glandulas endocrinas en enfermedades clasificadas en otra parte,,,
E40X,Kwashiorkor,,,
E41X,Marasmo nutricional,,,
E42X,Kwashiorkor marasmatico,,,
E43X,"Desnutricion proteicocalorica severa, no especificada",,,
E440,Desnutricion proteicocalorica moderada,,,
E441,Desnutricion proteicocalorica leve,,,
E45X,Retardo del desarrollo debido a desnutricion proteicocalorica,,,
E46X,"Desnutricion proteicocalorica, no especificada",,,
E500,Deficiencia de vitamina A con xerosis conjuntival,,,
E501,Deficiencia de vitamina A con mancha de Bitot y xerosis conjuntival,,,
E502,Deficiencia de vitamina A con xerosis corneal,,,
E503,Deficiencia de vitamina A con ulceracion corneal y xerosis,,,
E504,Deficiencia de vitamina A con queratomalacia,,,
E505,Deficiencia de vitamina A con ceguera nocturna,,,
E506,Deficiencia de vitamina A con cicatrices xeroftalmicas de la cornea,,,
E507,Otras manifestaciones oculares de deficiencia de vitamina A,,,
E508,Otras manifestaciones de deficiencia de vitamina A,,,
E509,"Deficiencia de vitamina A, no especificada",,,
E511,Beriberi,,,
E512,Encefalopatia de Wernicke,,,
E518,Otras manifestaciones de la deficiencia de tiamina,,,
E519,"Deficiencia de tiamina, no especificada",,,
E52X,Deficiencia de niacina [pelagra],,,
E530,Deficiencia de riboflavina,,,
E531,Deficiencia de piridoxina,,,
E538,Deficiencia de otras vitaminas del grupo B,,,
E539,"Deficiencia de vitamina B, no especificada",,,
E54X,Deficiencia de acido ascorbico,,,
E550,Raquitismo activo,,,
E559,"Deficiencia de vitamina D, no especificada",,,
E560,Deficiencia de vitamina E,,,
E561,Deficiencia de vitamina K,,028D,120A
E568,Deficiencia de otras vitaminas,,,
E569,"Deficiencia de vitamina, no especificada",,,
E58X,Deficiencia dietetica de calcio,,,
E59X,Deficiencia dietetica de selenio,,,
E60X,Deficiencia dietetica de zinc,,,
E610,Deficiencia de cobre,,,
E611,Deficiencia de hierro,,,
E612,Deficiencia de magnesio,,,
E613,Deficiencia de manganeso,,,
E614,Deficiencia de cromo,,,
E615,Deficiencia de molibdeno,,,
E616,Deficiencia de vanadio,,,
E617,Deficiencia de multiples elementos nutricionales,,,
E618,Deficiencia de otros elementos nutricionales especificados,,,
E619,"Deficiencia de otro elemento nutricional, no especificado",,,
E630,Deficiencia de acidos grasos esenciales [AGE],,028D,120A
E631,Desequilibrio de los constituyentes en la dieta,,028D,120A
E638,Otras deficiencias nutricionales especificadas,,028D,120A
E639,"Deficiencia nutricional, no especificada",,028D,120A
E640,Secuelas de la desnutricion proteicocalorica,,,
E641,Secuelas de la deficiencia de vitamina A,,,
E642,Secuelas de la deficiencia de vitamina C,,,
E643,Secuelas del raquitismo,,001A,120A
E648,Secuelas de otras deficiencias nutricionales,,,
E649,Secuelas de la deficiencia nutricional no especificada,,,
E65X,Adiposidad localizada,,,
E660,Obesidad debida a exceso de calorias,,,
E661,Obesidad inducida por drogas,,,
E662,Obesidad extrema con hipoventilacion alveolar,,,
E668,Otros tipos de obesidad,,,
E669,"Obesidad, no especificada",,,
E670,Hipervitaminosis A,,,
E671,Hipercarotinemia,,,
E672,Sindrome de megavitamina B6,,,
E673,Hipervitaminosis D,,,
E678,Otros tipos de hiperalimentacion especificados,,,
E68X,Secuelas de hiperalimentacion,,,
E700,Fenilcetonuria clasica,,,
E701,Otras hiperfenilalaninemias,,,
E702,Trastornos del metabolismo de la tirosina,,,
E703,Albinismo,,,
E708,Otros trastornos del metabolismo de los aminoacidos aromaticos,,,
E709,"Trastorno del metabolismo de los aminoacidos aromaticos, no especificado",,,
E710,Enfermedad de la orina en jarabe de arce,,,
E711,Otros trastornos del metabolismo de los aminoacidos de cadena ramificada,,,
E712,"Otros trastornos del metabolismo de los aminoacidos de cadena ramificada, no especificados",,,
E713,Trastornos del metabolismo de los acidos grasos,,,
E720,Trastornos del transporte de los aminoacidos,,,
E721,Trastornos del metabolismo de los aminoacidos azufrados,,,
E722,Trastornos del metabolismo del ciclo de la urea,,,
E723,Trastornos del metabolismo de la lisina y la hidroxilisina,,,
E724,Trastornos del metabolismo de la ornitina,,,
E725,Trastornos del metabolismo de la glicina,,,
E728,Otros trastornos especificados del metabolismo de los aminoacidos,,,
E729,"Trastorno del metabolismo de los aminoacidos, no especificado",,,
E730,Deficiencia congenita de lactasa,,,
E731,Deficiencia secundaria de lactasa,,,
E738,Otros tipos de intolerancia a la lactosa,,,
E739,"Intolerancia a la lactosa, no especificada",,,
E740,Enfermedad del almacenamiento de glucogeno,,,
E741,Trastornos del metabolismo de la fructosa,,,
E742,Trastorno del metabolismo de la galactosa,,,
E743,Otros trastornos de la absorcion intestinal de carbohidratos,,,
E744,Trastornos del metabolismo del piruvato y de la gluconeogenesis,,,
E748,Otros trastornos especificados del metabolismo de los carbohidratos,,,
E749,"Trastorno del metabolismo de los carbohidratos, no especificado",,,
E750,Gangliosidosis GM2,,,
E751,Otras gangliosidosis,,,
E752,Otras esfingolipidosis,,,
E753,"Esfingolipidosis, no especificada",,,
E754,Lipofuscinosis ceroide neuronal,,,
E755,Otros trastornos del almacenamiento de lipidos,,,
E756,"Trastorno del almacenamiento de lipidos, no especificado",,,
E760,Mucopolisacaridosis tipo I,,,
E761,Mucopolisacaridosis tipo II,,,
E762,Otras mucopolisacaridosis,,,
E763,Mucopolisacaridosis no especificada,,,
E768,Otros trastornos del metabolismo de los glucosaminoglicanos,,,
E769,"Trastorno del metabolismo de los glucosaminoglicanos, no especificado",,,
E770,Defectos en la modificacion postraslacional de enzimas lisosomales,,,
E771,Defectos de la degradacion de glucoproteinas,,,
E778,Otros trastornos del metabolismo de las glucoproteinas,,,
E779,"Trastornos del metabolismo de las glucoproteinas, no especificado",,,
E780,Hipercolesterolemia pura,,,
E781,Hipergliceridemia pura,,,
E782,Hiperlipidemia mixta,,,
E783,Hiperquilomicronemia,,,
E784,Otra hiperlipidemia,,,
E785,Hiperlipidemia no especificada,,,
E786,Deficiencia de lipoproteinas,,,
E788,Otros trastornos del metabolismo de las lipoproteinas,,,
E789,"Trastorno del metabolismo de las lipoproteinas, no especificado",,,
E790,Hiperuricemia sin signos de artritis inflamatoria y enfermedad tofacea,,,
E791,Sindrome de Lesch-Nyhan,,,
E798,Otros trastornos del metabolismo de las purinas y de las pirimidinas,,,
E799,"Trastorno del metabolismo de las purinas y de las pirimidinas, no especificado",,,
E800,Porfiria eritropoyetica hereditaria,,,
E801,Porfiria cutanea tardia,,,
E802,Otras porfirias,,,
E803,Defectos de catalasa y peroxidasa,,,
E804,Sindrome de Gilbert,,,
E805,Sindrome de Crigler-Najjar,,,
E806,Otros trastornos del metabolismo de la bilirrubina,,,
E807,"Trastorno del metabolismo de la bilirrubina, no especificado",,,
E830,Trastornos del metabolismo del cobre,,,
E831,Trastornos del metabolismo del hierro,,,
E832,Trastornos del metabolismo del zinc,,,
E833,Trastornos del metabolismo del fosforo y fosfatasa,,,
E834,Trastornos del metabolismo del magnesio,,028D,120A
E835,Trastornos del metabolismo del calcio,,028D,120A
E838,Otros trastornos del metabolismo de los minerales,,,
E839,"Trastorno del metabolismo de los minerales, no especificado",,,
E840,Fibrosis quistica con manifestaciones pulmonares,,,
E841,Fibrosis quistica con manifestaciones intestinales,,,
E848,Fibrosis quistica con otras manifestaciones,,,
E849,"Fibrosis quistica, sin otra especificacion",,,
E850,Amiloidosis heredofamiliar no neuropatica,,,
E851,Amiloidosis heredofamiliar neuropatica,,,
E852,Amiloidosis heredofamiliar no especificada,,,
E853,Amiloidosis sistemica secundaria,,,
E854,Amiloidosis limitada a un organo,,,
E858,Otras amiloidosis,,,
E859,"Amiloidosis, no especificada",,,
E86X,Deplecion del volumen,,028D,120A
E870,Hiperosmolaridad e hipernatremia,,,
E871,Hiposmolaridad e hiponatremia,,,
E872,Acidosis,,,
E873,Alcalosis,,,
E874,Trastornos mixtos del balance acido-basico,,,
E875,Hiperpotasemia,,,
E876,Hipopotasmia,,,
E877,Sobrecarga de liquidos,,,
E878,"Otros trastornos del equilibrio de los electrolitos y de los liquidos, no clasificados en otra parte",,,
E880,"Trastornos del metabolismo de las proteinas plasmaticas, no clasificados en otra parte",,,
E881,"Lipodistrofia, no clasificada en otra parte",,,
E882,"Lipomatosis, no clasificada en otra parte",,,
E883,Síndrome de lisis tumoral,,,
E888,Otros trastornos especificados del metabolismo,,,
E889,"Trastorno metabolico, no especificado",,,
E890,Hipotiroidismo consecutivo a procedimientos,,,
E891,Hipoinsulinemia consecutiva a procedimientos,,,
E892,Hipoparatiroidismo consecutivo a procedimientos,,,
E893,Hipopituitarismo consecutivo a procedimientos,,,
E894,Insuficiencia ovarica consecutiva a procedimientos,2,,
E895,Hipofuncion testicular consecutiva a procedimientos,1,,
E896,Hipofuncion adrenocortical [medula suprarrenal] consecutiva a procedimientos,,,
E898,Otros trastornos metabolicos y endocrinos consecutivos a procedimientos,,,
E899,"Trastorno endocrino y metabolico consecutivo a procedimientos, no especificado",,,
E90X,Trastornos nutricionales y metabolicos en enfermedades clasificadas en otra parte,,,
F000,"Demencia  en la enfermedad de Alzheimer, de comienzo temprano",,,
F001,"Demencia  en la enfermedad de Alzheimer, de comienzo tardio",,,
F002,"Demencia  en la enfermedad de Alzheimer, atipica o de tipo mixto",,,
F009,"Demencia  en la enfermedad de Alzheimer, no especificada",,,
F010,Demencia  vascular de comienzo agudo,,025A,120A
F011,Demencia  vascular por infartos multiples,,025A,120A
F012,Demencia  vascular subcortical,,025A,120A
F013,"Demencia  vascular mixta, cortical y subcortical",,025A,120A
F018,Otras demencia vasculares,,025A,120A
F019,"Demencia  vascular, no especificada",,025A,120A
F020,Demencia  en la enfermedad de Pick,,,
F021,Demencia  en la enfermedad de Creutzfeldt-Jakob,,,
F022,Demencia  en la enfermedad de Huntington,,,
F023,Demencia  en la enfermedad de Parkinson,,,
F024,Demencia  en la enfermedad por virus de la inmunodeficiencia humana [VIH],,,
F028,Demencia  en otras enfermedades especificadas clasificadas en otra parte,,,
F03X,"Demencia , no especificada",,050A,120A
F04X,"Sindrome amnesico organico, no inducido por alcohol o por otras sustancias psicoactivas",,,
F050,"Delirio no superpuesto a un cuadro de demencia, asi descrito",,,
F051,Delirio superpuesto a un cuadro de demencia,,025A,120A
F058,Otros delirios,,,
F059,"Delirio, no especificado",,,
F060,Alucinosis organica,,,
F061,"Trastorno catatonico, organico",,,
F062,"Trastorno delirante [esquizofreniforme], organico",,,
F063,"Trastornos del humor [afectivos], organicos",,,
F064,"Trastorno de ansiedad, organico",,,
F065,"Trastorno disociativo, organico",,,
F066,"Trastorno de labilidad emocional [astenico], organico",,,
F067,Trastorno cognoscitivo leve,,,
F068,Otros trastornos mentales especificados debidos a lesion y disfuncion cerebral y a enfermedad fisica,,,
F069,Trastorno mental no especificado debido a lesion y disfuncion cerebral y a enfermedad fisica,,,
F070,"Trastorno de la personalidad, organico",,,
F071,Sindrome postencefalitico,,,
F072,Sindrome postconcusional,,,
F078,"Otros trastornos organicos de la personalidad y del comportamiento debidos a enfermedad, lesion y  disfuncion cerebrales",,,
F079,"Trastorno organico de la personalidad y del comportamiento, no especificado, debido a enfermedad, lesion y disfuncion cerebral",,,
F09X,"Trastorno mental organico o sintomatico, no especificado",,,
F100,"Trastornos mentales y del comportamiento debidos al uso de alcohol, intoxicacion aguda",,,
F101,"Trastornos mentales y del comportamiento debidos al uso de alcohol, uso nocivo",,001A,120A
F102,"Trastornos mentales y del comportamiento debidos al uso de alcohol, sindrome de dependencia",,005A,120A
F103,"Trastornos mentales y del comportamiento debidos al uso de alcohol, estado de abstinencia",,010A,120A
F104,"Trastornos mentales y del comportamiento debidos al uso de alcohol, estado de abstinencia con delirio",,010A,120A
F105,"Trastornos mentales y del comportamiento debidos al uso de alcohol, trastorno psicotico",,010A,120A
F106,"Trastornos mentales y del comportamiento debidos al uso de alcohol, sindrome amnesico",,010A,120A
F107,"Trastornos mentales y del comportamiento debidos al uso de alcohol, trastorno psicotico residual y de comienzo tardio",,010A,120A
F108,"Trastornos mentales y del comportamiento debidos al uso de alcohol, otros trastornos mentales y del comportamiento",,010A,120A
F109,"Trastornos mentales y del comportamiento debidos al uso de alcohol, trastorno mental y del comportamiento, no especificado",,010A,120A
F110,"Trastornos mentales y del comportamiento debidos al uso de opiaceos, intoxicacion aguda",,001A,120A
F111,"Trastornos mentales y del comportamiento debidos al uso de opiaceos, uso nocivo",,010A,120A
F112,"Trastornos mentales y del comportamiento debidos al uso de opiaceos, sindrome de dependencia",,010A,120A
F113,"Trastornos mentales y del comportamiento debidos al uso de opiaceos, estado de abstinencia",,001A,120A
F114,"Trastornos mentales y del comportamiento debidos al uso de opiaceos, estado de abstinencia con delirio",,010A,120A
F115,"Trastornos mentales y del comportamiento debidos al uso de opiaceos, trastorno psicotico",,010A,120A
F116,"Trastornos mentales y del comportamiento debidos al uso de opiaceos, sindrome amnesico",,010A,120A
F117,"Trastornos mentales y del comportamiento debidos al uso de opiaceos, trastorno psicotico residual y de comienzo tardio",,010A,120A
F118,"Trastornos mentales y del comportamiento debidos al uso de opiaceos, otros trastornos mentales y del comportamiento",,010A,120A
F119,"Trastornos mentales y del comportamiento debidos al uso de opiaceos, trastorno mental y del comportamiento, no especificado",,010A,120A
F120,"Trastornos mentales y del comportamiento debidos al uso de cannabinoides, intoxicacion aguda",,,
F121,"Trastornos mentales y del comportamiento debidos al uso de cannabinoides, uso nocivo",,005A,120A
F122,"Trastornos mentales y del comportamiento debidos al uso de cannabinoides, sindrome de dependencia",,010A,120A
F123,"Trastornos mentales y del comportamiento debidos al uso de cannabinoides, estado de abstinencia",,001A,120A
F124,"Trastornos mentales y del comportamiento debidos al uso de cannabinoides, estado de abstinencia con delirio",,010A,120A
F125,"Trastornos mentales y del comportamiento debidos al uso de cannabinoides, trastorno psicotico",,010A,120A
F126,"Trastornos mentales y del comportamiento debidos al uso de cannabinoides, sindrome amnesico",,010A,120A
F127,"Trastornos mentales y del comportamiento debidos al uso de cannabinoides, trastorno psicotico residual y de comienzo tardio",,010A,120A
F128,"Trastornos mentales y del comportamiento debidos al uso de cannabinoides, otros trastornos mentales y del comportamiento",,010A,120A
F129,"Trastornos mentales y del comportamiento debidos al uso de cannabinoides, trastorno mental y del comportamiento, no especificado",,010A,120A
F130,"Trastornos mentales y del comportamiento debidos al uso de sedantes o hipnoticos, intoxicacion aguda",,005A,120A
F131,"Trastornos mentales y del comportamiento debidos al uso de sedantes o hipnoticos, uso nocivo",,005A,120A
F132,"Trastornos mentales y del comportamiento debidos al uso de sedantes o hipnoticos, sindrome de dependencia",,010A,120A
F133,"Trastornos mentales y del comportamiento debidos al uso de sedantes o hipnoticos, estado de abstinencia",,010A,120A
F134,"Trastornos mentales y del comportamiento debidos al uso de sedantes o hipnoticos, estado de abstinencia con delirio",,010A,120A
F135,"Trastornos mentales y del comportamiento debidos al uso de sedantes o hipnoticos, trastorno psicotico",,010A,120A
F136,"Trastornos mentales y del comportamiento debidos al uso de sedantes o hipnoticos, sindrome amnesico",,010A,120A
F137,"Trastornos mentales y del comportamiento debidos al uso de sedantes o hipnoticos, trastorno psicotico residual y de comienzo  tardio",,010A,120A
F138,"Trastornos mentales y del comportamiento debidos al uso de sedantes o hipnoticos, otros trastornos mentales y del comportamiento",,010A,120A
F139,"Trastornos mentales y del comportamiento debidos al uso de sedantes o hipnoticos, trastornos mental y del comportamiento, no especificados",,010A,120A
F140,"Trastornos mentales y del comportamiento debidos al uso de cocaina, intoxicacion aguda",,010A,120A
F141,"Trastornos mentales y del comportamiento debidos al uso de cocaina, uso nocivo",,010A,120A
F142,"Trastornos mentales y del comportamiento debidos al uso de cocaina, sindrome de dependencia",,010A,120A
F143,"Trastornos mentales y del comportamiento debidos al uso de cocaina, estado de abstinencia",,001A,120A
F144,"Trastornos mentales y del comportamiento debidos al uso de cocaina, estado de abstinencia con delirio",,010A,120A
F145,"Trastornos mentales y del comportamiento debidos al uso de cocaina, trastorno psicotico",,010A,120A
F146,"Trastornos mentales y del comportamiento debidos al uso de cocaina, sindrome amnesico",,010A,120A
F147,"Trastornos mentales y del comportamiento debidos al uso de cocaina, trastorno psicotico residual y de comienzo tardio",,010A,120A
F148,"Trastornos mentales y del comportamiento debidos al uso de cocaina, otros trastornos mentales y del comportamiento",,010A,120A
F149,"Trastornos mentales y del comportamiento debidos al uso de cocaina, trastorno mental y del comportamiento, no especificado",,010A,120A
F150,"Trastornos mentales y del comportamiento debidos al uso de otros estimulantes, incluida la cafeina, intoxicacion  aguda",,010A,120A
F151,"Trastornos mentales y del comportamiento debidos al uso de otros estimulantes, incluida la cafeina, uso nocivo",,010A,120A
F152,"Trastornos mentales y del comportamiento  debidos al uso de otros estimulantes, incluida la cafeina, sindrome de dependencia",,010A,120A
F153,"Trastornos mentales y del comportamiento  debidos al uso de otros estimulantes, incluida la cafeina, estado de abstinencia",,001A,120A
F154,"Trastornos mentales y del comportamiento  debidos al uso de otros estimulantes, incluida la cafeina, estado de abstinencia con delirio",,010A,120A
F155,"Trastornos mentales y del comportamiento debidos al uso de otros estimulantes, incluida la cafeina, trastorno psicotico",,010A,120A
F156,"Trastornos mentales y del comportamiento debidos al uso de otros estimulantes, incluida la cafeina, sindrome amnesico",,010A,120A
F157,"Trastornos mentales y del comportamiento debidos al uso de otros estimulantes, incluida la cafeina, trastorno psicotico residual y de comienzo tardio",,010A,120A
F158,"Trastornos mentales y del comportamiento debidos al uso de otros estimulantes, incluida la cafeina, otros trastornos mentales y del comportamiento",,010A,120A
F159,"Trastornos mentales y del comportamiento debidos al uso de otros estimulantes, incluida la cafeina, trastorno mental y del comportamiento, no especificado",,010A,120A
F160,"Trastornos mentales y del comportamiento debidos al uso de alucinogenos, intoxicacion aguda",,005A,120A
F161,"Trastornos mentales y del comportamiento debidos al uso de alucinogenos, uso nocivo",,010A,120A
F162,"Trastornos mentales y del comportamiento debidos al uso de alucinogenos, sindrome de dependencia",,010A,120A
F163,"Trastornos mentales y del comportamiento debidos al uso de alucinogenos, estado de abstinencia",,001A,120A
F164,"Trastornos mentales y del comportamiento debidos al uso de alucinogenos, estado de abstinencia con delirio",,010A,120A
F165,"Trastornos mentales y del comportamiento debidos al uso de alucinogenos, trastorno psicotico",,010A,120A
F166,"Trastornos mentales y del comportamiento debidos al uso de alucinogenos, sindrome amnesico",,010A,120A
F167,"Trastornos mentales y del comportamiento debidos al uso de alucinogenos, trastorno psicotico residual y de comienzo tardio",,010A,120A
F168,"Trastornos mentales y del comportamiento debidos al uso de alucinogenos, otros trastorno mentales y del comportamiento",,010A,120A
F169,"Trastornos mentales y del comportamiento debidos al uso de alucinogenos, trastorno mental y del comportamiento, no especificado",,010A,120A
F170,"Trastornos mentales y del comportamiento debidos al uso de tabaco, intoxicacion aguda",,005A,120A
F171,"Trastornos mentales y del comportamiento debidos al uso de tabaco, uso nocivo",,010A,120A
F172,"Trastornos mentales y del comportamiento debidos al uso de tabaco, sindrome de dependencia",,010A,120A
F173,"Trastornos mentales y del comportamiento debidos al uso de tabaco, estado de abstinencia",,001A,120A
F174,"Trastornos mentales y del comportamiento debidos al uso de tabaco, estado de abstinencia con delirio",,010A,120A
F175,"Trastornos mentales y del comportamiento debidos al uso de tabaco, trastorno psicotico",,010A,120A
F176,"Trastornos mentales y del comportamiento debidos al uso de tabaco, sindrome amnesico",,010A,120A
F177,"Trastornos mentales y del comportamiento debidos al uso de tabaco, trastorno psicotico residual y de comienzo tardio",,010A,120A
F178,"Trastornos mentales y del comportamiento debidos al uso de tabaco, otros trastornos mentales y del comportamiento",,010A,120A
F179,"Trastornos mentales y del comportamiento debidos al uso de tabaco, trastorno mental y del comportamiento, no especificado",,010A,120A
F180,"Trastornos mentales y del comportamiento debidos al uso de disolventes volatiles, intoxicacion aguda",,,
F181,"Trastornos mentales y del comportamiento debidos al uso de disolventes volatiles, uso nocivo",,,
F182,"Trastornos mentales y del comportamiento debidos al uso de disolventes volatiles, sindrome de dependencia",,,
F183,"Trastornos mentales y del comportamiento debidos al uso de disolventes volatiles, estado de abstinencia",,001A,120A
F184,"Trastornos mentales y del comportamiento debidos al uso de disolventes volatiles, estado de abstinencia con delirio",,,
F185,"Trastornos mentales y del comportamiento debidos al uso de disolventes volatiles, trastorno psicotico",,,
F186,"Trastornos mentales y del comportamiento debidos al uso de disolventes volatiles,  sindrome amnesico",,,
F187,"Trastornos mentales y del comportamiento debidos al uso de disolventes volatiles, trastorno psicotico residual y de comienzo tardio",,,
F188,"Trastornos mentales y del comportamiento debidos al uso de disolventes volatiles, otros trastornos mentales y del comportamiento",,,
F189,"Trastornos mentales y del comportamiento debidos al uso de disolventes volatiles, trastorno mental y del comportamiento, no especificado",,,
F190,"Trastornos mentales y del comportamiento debidos al uso de multiples drogas y al uso de otras sustancias psicoactivas, intoxicacion aguda",,,
F191,"Trastornos mentales y del comportamiento debidos al uso de multiples drogas y al uso de otras sustancias  psicoactivas, uso nocivo",,,
F192,"Trastornos mentales y del comportamiento debidos al uso de multiples drogas y al uso de otras sustancias psicoactivas, sindrome de dependendencia",,,
F193,"Trastornos mentales y del comportamiento debidos al uso de multiples drogas y al uso de otras sustancias psicoactivas, estado de abstinencia",,001A,120A
F194,"Trastornos mentales y del comportamiento debidos al uso de multiples drogas y al uso de otras sustancias psicoactivas, estado de abstinencia con delirio",,,
F195,"Trastornos mentales y del comportamiento debidos al uso de multiples drogas y al uso de otras sustancias psicoactivas, trastorno psicotico",,,
F196,"Trastornos mentales y del comportamiento debidos al uso de multiples drogas y al uso de otras sustancias psicoactivas, sindrome amnesico",,,
F197,"Trastornos mentales y del comportamiento debidos al uso de multiples drogas y al uso de otras sustancias psicoactivas, trastorno psicotico residual y de comienzo tardio",,,
F198,"Trastornos mentales y del comportamiento debidos al uso de multiples drogas  y al uso de otras sustancias psicoactivas, otros trastornos mentales y del comportamiento",,,
F199,"Trastornos mentales y del comportamiento debidos al uso de multiples drogas y al uso de otras sustancias psicoactivas, trastorno mental y del comportamiento, no especificado",,,
F200,Esquizofrenia paranoide,,010A,120A
F201,Esquizofrenia hebefrenica,,010A,120A
F202,Esquizofrenia catatonica,,010A,120A
F203,Esquizofrenia indiferenciada,,010A,120A
F204,Depresion postesquizofrenica,,010A,120A
F205,Esquizofrenia residual,,010A,120A
F206,Esquizofrenia simple,,010A,120A
F208,Otras esquizofrenias,,010A,120A
F209,"Esquizofrenia, no especificada",,010A,120A
F21X,Trastorno esquizotipico,,010A,120A
F220,Trastorno delirante,,,
F228,Otros trastornos delirantes persistentes,,,
F229,"Trastornos delirante persistente, no especificado",,,
F230,"Trastorno psicotico agudo polimorfo, sin sintomas de esquizofrenia",,,
F231,"Trastorno psicotico agudo polimorfo, con sintomas de esquizofrenia",,,
F232,Trastorno psicotico agudo de tipo esquizofrenico,,,
F233,"Otro trastorno psicotico agudo, con predominio de ideas delirantes",,,
F238,Otros trastornos psicoticos agudos y transitorios,,,
F239,"Trastorno psicotico agudo y transitorio, no especificado",,,
F24X,Trastorno delirante inducido,,,
F250,Trastorno esquizoafectivo de tipo maniaco,,,
F251,Trastorno esquizoafectivo de tipo depresivo,,,
F252,Trastorno esquizoafectivo de tipo mixto,,,
F258,Otros trastornos esquizoafectivos,,,
F259,"Trastorno esquizoafectivo, no especificado",,,
F28X,Otros trastornos psicoticos  de origen no organico,,,
F29X,"Psicosis de origen no organico, no especificada",,,
F300,Hipomania,,,
F301,Mania sin sintomas psicoticos,,,
F302,Mania con sintomas psicoticos,,,
F308,Otros episodios maniacos,,,
F309,"Episodio maniaco, no especificado",,,
F310,"Trastorno afectivo bipolar, episodio hipomaniaco presente",,,
F311,"Trastorno afectivo bipolar, episodio maniaco presente sin sintomas psicoticos",,,
F312,"Trastorno afectivo bipolar, episodio maniaco presente con sintomas psicoticos",,,
F313,"Trastorno afectivo bipolar, episodio depresivo presente leve o moderado",,,
F314,"Trastorno afectivo bipolar, episodio depresivo grave presente sin sintomas psicoticos",,,
F315,"Trastorno afectivo bipolar, episodio depresivo grave presente con sintomas psicoticos",,,
F316,"Trastorno afectivo bipolar, episodio mixto presente",,,
F317,"Trastorno afectivo bipolar, actualmente en remision",,,
F318,Otros trastornos afectivos bipolares,,,
F319,"Trastorno afectivo bipolar, no especificado",,,
F320,Episodio depresivo leve,,,
F321,Episodio depresivo moderado,,,
F322,Episodio depresivo grave sin sintomas psicoticos,,,
F323,Episodio depresivo grave con sintomas psicoticos,,,
F328,Otros episodios depresivos,,,
F329,"Episodio depresivo, no especificado",,,
F330,"Trastorno depresivo recurrente, episodio leve presente",,,
F331,"Trastorno depresivo recurrente, episodio moderado presente",,,
F332,"Trastorno depresivo recurrente, episodio depresivo grave presente sin sintomas psicoticos",,,
F333,"Trastorno depresivo recurrente, episodio depresivo grave presente, con sintomas psicoticos",,,
F334,Trastorno depresivo recurrente actualmente en remision,,,
F338,Otros trastornos depresivos recurrentes,,,
F339,"Trastorno depresivo recurrente, no especificado",,,
F340,Ciclotimia,,,
F341,Distimia,,,
F348,Otros trastornos del humor [afectivos] persistentes,,,
F349,"Trastorno persistente del humor [afectivo], no especificado",,,
F380,"Otros trastornos del humor [afectivos], aislados",,,
F381,"Otros trastornos del humor [afectivos], recurrentes",,,
F388,"Otros trastornos del humor [afectivos], especificados",,,
F39X,"Trastorno del humor [afectivo], no especificado",,,
F400,Agorafobia,,,
F401,Fobias sociales,,,
F402,Fobias especificas (aisladas),,,
F408,Otros trastornos fobicos de ansiedad,,,
F409,"Trastorno fobico de ansiedad, no especificado",,,
F410,Trastorno de panico [ansiedad paroxistica episodica],,,
F411,Trastorno de ansiedad generalizada,,,
F412,Trastorno mixto de ansiedad y depresion,,,
F413,Otros trastornos de ansiedad mixtos,,,
F418,Otros trastornos de ansiedad especificados,,,
F419,"Trastorno de ansiedad, no especificado",,,
F420,Predominio de pensamientos o rumiaciones obsesivas,,,
F421,Predominio de actos compulsivos [rituales obsesivos],,,
F422,Actos e ideas obsesivas mixtos,,,
F428,Otros trastornos obsesivo-compulsivos,,,
F429,"Trastorno obsesivo-compulsivo, no especificado",,,
F430,Reaccion al estres agudo,,,
F431,Trastorno de estres postraumatico,,,
F432,Trastornos de adaptacion,,,
F438,Otras reacciones al estres grave,,,
F439,"Reaccion al estres grave, no especificada",,,
F440,Amnesia disociativa,,,
F441,Fuga disociativa,,,
F442,Estupor disociativo,,,
F443,Trastornos de trance y de posesion,,,
F444,Trastornos disociativos del movimiento,,,
F445,Convulsiones disociativas,,,
F446,Anestesia disociativa y perdida sensorial,,,
F447,Trastornos disociativos mixtos [y de conversion],,,
F448,Otros trastornos disociativos [de conversion],,,
F449,"Trastorno disociativo [de conversion], no especificado",,,
F450,Trastorno de somatizacion,,,
F451,Trastorno somatomorfo indiferenciado,,,
F452,Trastorno hipocondriaco,,,
F453,Disfuncion autonomica somatomorfa,,,
F454,Trastorno de dolor persistente somatomorfo,,,
F458,Otros trastornos somatomorfos,,,
F459,"Trastorno somatomorfo, no especificado",,,
F480,Neurastenia,,,
F481,Sindrome de despersonalizacion y desvinculacion de la realidad,,,
F488,Otros trastornos neuroticos especificados,,,
F489,"Trastorno neurotico, no especificado",,,
F500,Anorexia nerviosa,,,
F501,Anorexia nerviosa atipica,,,
F502,Bulimia nerviosa,,,
F503,Bulimia nerviosa atipica,,,
F504,Hiperfagia asociada con otras alteraciones psicologicas,,,
F505,Vomitos asociados con otras alteraciones psicologicas,,,
F508,Otros trastornos de la ingestion de alimentos,,,
F509,"Trastorno de la ingestion de alimentos, no especificado",,,
F510,Insomnio no organico,,,
F511,hipersomnio no organico,,,
F512,Trastorno no organico del ciclo sueno-vigilia,,,
F513,Sonambulismo,,,
F514,Terrores del sueno [terrores nocturnos],,,
F515,Pesadillas,,,
F518,Otros trastornos no organicos del sueno,,,
F519,"Trastorno no organico del sueno, no especificado",,,
F520,Falta o perdida del deseo sexual,,012A,085A
F521,Aversion al sexo y falta de goce sexual,,012A,085A
F522,Falla de la respuesta genital,,012A,085A
F523,Disfuncion orgasmica,,012A,085A
F524,Eyaculacion precoz,1,015A,080A
F525,Vaginismo no organico,2,010A,080A
F526,Dispareunia no organica,,012A,085A
F527,Impulso sexual excesivo,,012A,085A
F528,"Otras disfunciones sexuales, no ocasionadas por trastorno ni por enfermedad organicos",,012A,085A
F529,"Disfuncion sexual no ocasionada por trastorno ni por enfermedad organicos, no especificada",,012A,085A
F530,"Trastornos mentales y del comportamiento leves, asociados con el puerperio, no clasificados en otra parte",2,010A,054A
F531,"Trastornos mentales y del comportamiento graves, asociados con el puerperio, no clasificados en otra parte",2,010A,054A
F538,"Otros trastornos mentales y del comportamiento asociados con el puerperio, no clasificados en otra parte",2,010A,054A
F539,"Trastorno mental puerperal, no especificado",2,010A,054A
F54X,Factores psicologicos y del comportamiento asociados con trastornos o enfermedades clasificados en otra parte,,,
F55X,Abuso de sustancias que no producen dependencia,,,
F59X,"Sindromes del comportamiento asociados con alteraciones fisiologicas y factores fisicos, no especificados",,,
F600,Trastorno paranoide de la personalidad,,005A,120A
F601,Trastorno esquizoide de la personalidad,,005A,120A
F602,Trastorno asocial de la personalidad,,005A,120A
F603,Trastorno de la personalidad emocionalmente inestable,,005A,120A
F604,Trastorno histrionico de la personalidad,,005A,120A
F605,Trastorno anancastico de la personalidad,,005A,120A
F606,"Trastorno de la personalidad ansiosa (evasiva, elusiva)",,005A,120A
F607,Trastorno de la personalidad dependiente,,005A,120A
F608,Otros trastornos especificos de la personalidad,,005A,120A
F609,"Trastorno de la personalidad, no especificado",,005A,120A
F61X,Trastornos mixtos y otros trastornos de la personalidad,,005A,120A
F620,Cambio perdurable de la personalidad despues de una experiencia catastrofica,,005A,120A
F621,Cambio perdurable de la personalidad consecutivo a una enfermedad psiquiatrica,,005A,120A
F628,Otros cambios perdurables de la personalidad,,005A,120A
F629,"Cambio perdurable de la personalidad, no especificado",,005A,120A
F630,Juego patologico,,005A,120A
F631,Piromania,,005A,120A
F632,Hurto patologico [cleptomania],,005A,120A
F633,Tricotilomania,,005A,120A
F638,Otros trastornos de los habitos y de los impulsos,,005A,120A
F639,"Trastorno de los habitos y de los impulsos, no especificado",,005A,120A
F640,Transexualismo,,010A,120A
F641,Transvestismo de rol dual,,010A,120A
F642,Trastorno de la identidad de genero en la ninez,,005A,012A
F648,Otros trastornos de la identidad de genero,,010A,120A
F649,"Trastorno de la identidad de genero, no especificado",,010A,120A
F650,Fetichismo,,010A,120A
F651,Transvestismo fetichista,,010A,120A
F652,Exhibicionismo,,010A,120A
F653,Voyeurismo,,010A,120A
F654,Pedofilia,,018A,120A
F655,Sadomasoquismo,,018A,120A
F656,Trastornos multiples de la preferencia sexual,,010A,120A
F658,Otros trastornos de la preferencia sexual,,018A,120A
F659,"Trastorno de la preferencia sexual, no especificado",,010A,120A
F660,Trastorno de la maduracion sexual,,010A,120A
F661,Orientacion sexual egodistonica,,010A,120A
F662,Trastorno de la relacion sexual,,010A,120A
F668,Otros trastornos del desarrollo psicosexual,,010A,120A
F669,"Trastorno del desarrollo psicosexual, no especificado",,010A,120A
F680,Elaboracion de sintomas fisicos por causas psicologicas,,010A,120A
F681,"Produccion intencional o simulacion de sintomas o de incapacidades, tanto fisicas como psicologicas [trastorno facticio]",,010A,120A
F688,Otros trastornos especificados de la personalidad y del comportamiento en adultos,,010A,120A
F69X,"Trastorno de la personalidad y del comportamiento en adultos, no especificado",,010A,120A
F700,"Retraso mental leve, deterioro del comportamiento nulo o minimo",,,
F701,"Retraso mental leve, deterioro del comportamiento significativo, que requiere atencion o tratamiento",,,
F708,"Retraso mental leve, otros deterioros del comportamiento",,,
F709,"Retraso mental leve, deterioro del comportamiento de grado no especificado",,,
F710,"Retraso mental moderado, deterioro del comportamiento nulo o minimo",,,
F711,"Retraso mental moderado, deterioro del comportamiento significativo, que requiere atencion o tratamiento",,,
F718,"Retraso mental moderado, otros deterioros del comportamiento",,,
F719,"Retraso mental moderado, deterioro del comportamiento de grado no especificado",,,
F720,"Retraso mental grave, deterioro del comportamiento nulo o minimo",,,
F721,"Retraso mental grave, deterioro del comportamiento significativo, que requiere atencion o tratamiento",,,
F728,"Retraso mental grave, otros deterioros del comportamiento",,,
F729,"Retraso mental grave, deterioro del comportamiento de grado no especificado",,,
F730,"Retraso mental profundo, deterioro del comportamiento nulo o minimo",,,
F731,"Retraso mental profundo, deterioro del comportamiento significativo, que requiere atencion o tratamiento",,,
F738,"Retraso mental profundo, otros deterioros del comportamiento",,,
F739,"Retraso mental profundo, deterioro del comportamiento de grado no especificado",,,
F780,"Otros tipos de retraso mental, deterioro del comportamiento nulo o minimo",,,
F781,"Otros tipos de retraso mental, deterioro del comportamiento significativo, que requiere atencion o tratamiento",,,
F788,"Otros tipos de retraso mental, otros deterioros del comportamiento",,,
F789,"Otros tipos de retraso mental,  deterioro del comportamiento de grado no especificado",,,
F790,"Retraso mental, no especificado, deterioro del comportamiento nulo o minimo",,,
F791,"Retraso mental, no especificado, deterioro del comportamiento significativo, que requiere atencion o tratamiento",,,
F798,"Retraso mental, no especificado, otros deterioros del comportamiento",,,
F799,"Retraso mental, no especificado, deterioro del comportamiento de grado no especificado",,,
F800,Trastorno especifico de la pronunciacion,,,
F801,Trastorno del lenguaje expresivo,,,
F802,Trastorno de la recepcion del lenguaje,,,
F803,Afasia adquirida con epilepsia [Landau-Kleffner],,,
F808,Otros trastornos del desarrollo del habla y del lenguaje,,,
F809,Trastorno del desarrollo del habla y del lenguaje no especificado,,,
F810,Trastorno especifico de la lectura,,005A,120A
F811,Trastorno especifico del deletreo [ortografia],,005A,120A
F812,Trastorno especifico de las habilidades aritmeticas,,005A,120A
F813,Trastorno mixto de las habilidades escolares,,005A,120A
F818,Otros trastornos del desarrollo de las habilidades escolares,,005A,120A
F819,"Trastorno del desarrollo de las habilidades escolares, no especificado",,005A,120A
F82X,Trastorno especifico del desarrollo de la funcion motriz,,,
F83X,Trastornos especificos mixtos del desarrollo,,,
F840,Autismo en la ninez,,001A,009A
F841,Autismo atipico,,004A,009A
F842,Sindrome de Rett,,028D,015A
F843,Otro trastorno desintegrativo de la ninez,,001A,009A
F844,Trastorno hiperactivo asociado con retraso mental y movimientos estereotipados,,001A,009A
F845,Sindrome de Asperger,,001A,009A
F848,Otros trastornos generalizados del desarrollo,,001A,009A
F849,Trastorno generalizado del desarrollo no especificado,,001A,009A
F88X,Otros trastornos del desarrollo psicologico,,,
F89X,"Trastorno del desarrollo psicologico, no especificado",,,
F900,Perturbacion de la actividad y de la atencion,,001A,017A
F901,Trastorno hipercinetico de la conducta,,001A,017A
F908,Otros trastornos hipercineticos,,001A,017A
F909,"Trastorno hipercinetico, no especificado",,001A,017A
F910,Trastorno de la conducta limitado al contexto familiar,,001A,017A
F911,Trastorno de la conducta insociable,,001A,017A
F912,Trastorno de la conducta sociable,,005A,017A
F913,Trastorno opositor desafiante,,001A,009A
F918,Otros trastornos de la conducta,,001A,017A
F919,"Trastorno de la conducta, no especificado",,001A,017A
F920,Trastorno depresivo de la conducta,,001A,017A
F928,Otros trastornos mixtos de la conducta y de las emociones,,001A,017A
F929,"Trastorno mixto de la conducta y de las emociones, no especificado",,001A,017A
F930,Trastorno de ansiedad de separacion en la ninez,,001A,017A
F931,Trastorno de ansiedad fobica en la ninez,,001A,017A
F932,Trastorno de ansiedad social en la ninez,,001A,017A
F933,Trastorno de rivalidad entre hermanos,,001A,017A
F938,Otros trastornos emocionales en la ninez,,001A,017A
F939,"Trastorno emocional en la ninez, no especificado",,001A,017A
F940,Mutismo electivo,,001A,017A
F941,Trastorno de vinculacion reactiva en la ninez,,001A,017A
F942,Trastorno de vinculacion desinhibida en la ninez,,001A,017A
F948,Otros trastornos del comportamiento social en la ninez,,001A,017A
F949,"Trastorno del comportamiento social en la ninez, no especificado",,001A,017A
F950,Trastorno por tic transitorio,,001A,120A
F951,Trastorno por tic motor o vocal cronico,,001A,120A
F952,Trastorno por tics motores y vocales multiples combinados [de la Tourette],,001A,120A
F958,Otros trastornos por tics,,001A,120A
F959,"Trastorno por tic, no especificado",,001A,120A
F980,Enuresis no organica,,005A,017A
F981,Encopresis no organica,,005A,017A
F982,Trastorno de la ingestion alimentaria en la infancia y la ninez,,005A,017A
F983,Pica en la infancia y la ninez,,005A,017A
F984,Trastornos de los movimientos estereotipados,,001A,120A
F985,Tartamudez [espasmofemia],,002A,120A
F986,Farfulleo,,002A,120A
F988,Otros trastornos emocionales y del comportamiento que aparecen habitualmente en la ninez y en la adolescencia,,005A,120A
F989,"Trastornos no especificados, emocionales y del comportamiento, que aparecen habitualmente en la ninez y en la adolescencia",,005A,120A
F99X,"Trastorno mental, no especificado",,,
G000,Meningitis por hemofilos,,,
G001,Meningitis  neumococica,,,
G002,Meningitis estreptococica,,,
G003,Meningitis estafilococica,,,
G008,Otras meningitis bacterianas,,,
G009,"Meningitis bacteriana, no especificada",,,
G01X,Meningitis en enfermedades bacterianas clasificadas en otra parte,,,
G020,Meningitis en enfermedades virales clasificadas en otra parte,,,
G021,Meningitis en micosis,,,
G028,Meningitis en otras enfermedades infecciosas y parasitarias especificadas clasificadas en otra parte,,,
G030,Meningitis apiogena,,,
G031,Meningitis cronica,,,
G032,Meningitis recurrente benigna [Mollaret],,,
G038,Meningitis debidas a otras causas especificadas,,,
G039,"Meningitis, no especificada",,,
G040,Encefalitis aguda diseminada,,,
G041,Paraplejia espastica tropical,,,
G042,"Meningoencefalitis y meningomielitis bacterianas, no clasificadas en otra parte",,,
G048,"Otras encefalitis, mielitis y encefalomielitis",,,
G049,"Encefalitis, mielitis y encefalomielitis, no especificadas",,,
G050,"Encefalitis, mielitis y encefalomielitis en enfermedades bacterianas clasificadas en otra parte",,,
G051,"Encefalitis, mielitis y encefalomielitis en enfermedades virales clasificadas en otra parte",,,
G052,"Encefalitis, mielitis y encefalomielitis en otras enfermedades infecciosas y parasitarias clasificadas en otra parte",,,
G058,"Encefalitis, mielitis y encefalomielitis en enfermedades clasificadas en otra parte",,,
G060,Absceso y granuloma intracraneal,,,
G061,Absceso y granuloma intrarraquideo,,,
G062,"Absceso extradural y subdural, no especificado",,,
G07X,Absceso y granuloma intracraneal e intrarraquideo en enfermedades clasificadas en otra parte,,,
G08X,Flebitis y tromboflebitis intracraneal e intrarraquidea,,,
G09X,Secuelas de enfermedades inflamatorias del sistema nervioso central,,,
G10X,Enfermedad de Huntington,,,
G110,Ataxia congenita no progresiva,,,
G111,Ataxia cerebelosa de iniciacion temprana,,,
G112,Ataxia cerebelosa de iniciacion tardia,,020A,120A
G113,Ataxia cerebelosa con reparacion defectuosa del ADN,,,
G114,Paraplejia espastica hereditaria,,,
G118,Otras ataxias hereditarias,,,
G119,"Ataxia hereditaria, no especificada",,,
G120,"Atrofia muscular espinal infantil, tipo I (Werdnig-Hoffman)",,,
G121,Otras atrofias musculares espinales hereditarias,,,
G122,Enfermedades de las neuronas motoras,,,
G128,Otras atrofias musculares espinales y sindromes afines,,,
G129,"Atrofia muscular espinal, sin otra especificacion",,,
G130,Neuromiopatia y neuropatia paraneoplasica,,,
G131,Otras atrofias sistemicas que afectan el sistema nervioso central en enfermedad neoplasica,,,
G132,Atrofia sistemica que afecta primariamente el sistema nervioso central en el mixedema,,,
G138,Atrofia sistemica que afecta primariamente el sistema nervioso central en otras enfermedades clasificadas en otra parte,,,
G14X,Síndrome postpolio,,,
G20X,Enfermedad de Parkinson,,,
G210,Sindrome neuroleptico maligno,,,
G211,Otro parkinsonismo secundario inducido por drogas,,,
G212,Parkinsonismo secundario debido a otros agentes externos,,,
G213,Parkinsonismo postencefalitico,,,
G214,Parkinsonismo vascular,,,
G218,Otros tipos de parkinsonismo secundario,,,
G219,"Parkinsonismo secundario, no especificado",,,
G22X,Parkinsonismo en enfermedades clasificadas en otra parte,,,
G230,Enfermedad de Hallervorden-Spatz,,,
G231,Oftalmoplejia supranuclear progresiva [Steele-Richardson-Olszewski],,,
G232,Degeneracion nigroestriada,,,
G238,Otras enfermedades degenerativas especificas de los nucleos de la base,,,
G239,"Enfermedad degenerativa de los nucleos de la base, no especificada",,,
G240,Distonia inducida por drogas,,,
G241,Distonia idiopatica familiar,,,
G242,Distonia idiopatica no familiar,,,
G243,Torticolis espasmodica,,,
G244,Disponia bucofacial idiopatica,,,
G245,Blefarospasmo,,,
G248,Otras distonias,,,
G249,"Distonia, no especificada",,,
G250,Temblor esencial,,,
G251,Temblor inducido por drogas,,,
G252,Otras formas especificadas de temblor,,,
G253,Mioclonia,,,
G254,Corea inducida por drogas,,,
G255,Otras coreas,,,
G256,Tics inducidos por drogas y otros tics de origen organico,,,
G258,Otros trastornos extrapiramidales y del movimiento,,,
G259,"Trastorno extrapiramidal y del movimiento, no especificado",,,
G26X,Trastornos extrapiramidales y del movimiento en enfermedades clasificadas en otra parte,,,
G300,Enfermedad de Alzheimer de comienzo temprano,,020A,064A
G301,Enfermedad de Alzheimer de comienzo tardio,,065A,120A
G308,Otros tipos de enfermedad de Alzheimer,,050A,120A
G309,"Enfermedad de Alzheimer, no especificada",,020A,120A
G310,Atrofia cerebral circunscrita,,001A,120A
G311,Degeneracion cerebral senil no clasificada en otra parte,,065A,120A
G312,Degeneracion del sistema nervioso debida al alcohol,,010A,120A
G318,Otras enfermedades degenerativas especificadas del sistema nervioso,,,
G319,"Degeneracion del sistema nervioso, no especificada",,,
G320,Degeneracion combinada subaguda de la medula espinal en enfermedades clasificadas en otra parte,,,
G328,Otros trastornos degenerativos especificados del sistema nervioso en enfermedades  clasificadas en otra parte,,,
G35X,Esclerosis multiple,,,
G360,Neuromielitis optica [Devic],,,
G361,Leucoencefalitis hemorragica aguda y subaguda [Hurst],,,
G368,Otras desmielinizaciones agudas diseminadas especificadas,,,
G369,"Desmielinizacion diseminada aguda, sin otra especificacion",,,
G370,Esclerosis difusa,,,
G371,Desmielinizacion central del cuerpo calloso,,,
G372,Mielinolisis central pontina,,,
G373,Mielitis transversa aguda en enfermedad desmielinizante del sistema nervioso central,,,
G374,Mielitis necrotizante subaguda,,,
G375,Esclerosis concentrica (Balo),,,
G378,"Otras enfermedades desmielinizantes del sistema nervioso central, especificadas",,,
G379,"Enfermedad desmielinizante del sistema nervioso central, no especificada",,,
G400,Epilepsia y sindromes epilepticos idiopaticos relacionados con localizaciones (focales)(parciales) y con ataques de inicio localizado,,,
G401,Epilepsia y sindromes epilepticos sintomaticos relacionados con localizaciones (focales)(parciales) y con ataques parciales simples,,,
G402,Epilepsia y sindromes epilepticos sintomaticos relacionados con localizaciones (focales)(parciales) y con ataques parciales complejos,,,
G403,Epilepsia y sindromes epilepticos idiopaticos generalizados,,,
G404,Otras epilepsias y sindromes epilepticos generalizados,,,
G405,Sindromes epilepticos especiales,,,
G406,"Ataques de gran mal, no especificados (con o sin pequeno mal)",,,
G407,"Pequeno mal, no especificado (sin ataque de gran mal)",,,
G408,Otras epilepsias,,,
G409,"Epilepsia, tipo no especificado",,,
G410,Estado de gran mal epileptico,,,
G411,Estado de pequeno mal epileptico,,,
G412,Estado de mal epileptico parcial complejo,,,
G418,Otros estados epilepticos,,,
G419,Estado de mal epileptico de tipo no especificado,,,
G430,Migrana sin aura [migrana comun],,,
G431,Migrana con aura [migrana clasica],,,
G432,Estado migranoso,,,
G433,Migrana complicada,,,
G438,Otras migranas,,,
G439,"Migrana, no especificada",,,
G440,Sindrome de cefalea en racimos,,,
G441,"Cefalea vascular, NCOP",,,
G442,Cefalea debida a tension,,,
G443,Cefalea postraumatica cronica,,,
G444,"Cefalea inducida por drogas, no clasificada en otra parte",,,
G448,Otros sindromes de cefalea especificados,,,
G450,Sindrome arterial vertebro-basilar,,,
G451,Sindrome de la arteria carotida (hemisferico),,,
G452,Sindromes arteriales precerebrales bilaterales y multiples,,,
G453,Amaurosis fugaz,,,
G454,Amnesia global transitoria,,,
G458,Otras isquemias cerebrales transitorias y sindromes afines,,,
G459,"Isquemia cerebral transitoria, sin otra especificacion",,,
G460,Sindrome de la arteria cerebral media,,,
G461,Sindrome de la arteria cerebral anterior,,,
G462,Sindrome de la arteria cerebral posterior,,,
G463,Sindromes apopleticos del tallo encefalico,,,
G464,Sindrome de infarto cerebeloso,,,
G465,Sindrome lacunar motor puro,,,
G466,Sindrome lacunar sensorial puro,,,
G467,Otros sindromes lacunares,,,
G468,Otros sindromes vasculares encefalicos en enfermedades cerebrovasculares,,,
G470,Trastornos del inicio y del mantenimiento del sueno [insomnios],,,
G471,Trastornos de somnolencia excesiva (hipersomnios),,,
G472,Trastornos del ritmo nictameral,,,
G473,Apnea del sueno,,028D,120A
G474,Narcolepsia y cataplexia,,,
G478,Otros trastornos del sueno,,,
G479,"Trastorno del sueno, no especificado",,,
G500,Neuralgia del trigemino,,,
G501,Dolor facial atipico,,,
G508,Otros trastornos del trigemino,,,
G509,"Trastorno del trigemino, no especificado",,,
G510,Paralisis de Bell,,,
G511,Ganglionitis geniculada,,,
G512,Sindrome de Melkersson,,,
G513,Espasmo hemifacial clonico,,,
G514,Mioquimia facial,,,
G518,Otros trastornos del nervio facial,,,
G519,"Trastorno del nervio facial, no especificado",,,
G520,Trastornos del nervio olfatorio,,,
G521,Trastornos del nervio glosofaringeo,,,
G522,Trastornos del nervio vago,,,
G523,Trastornos del nervio hipogloso,,,
G527,Trastornos de multiples nervios craneales,,,
G528,Trastornos de otros nervios craneales especificados,,,
G529,"Trastorno de nervio craneal, no especificado",,,
G530,Neuralgia postherpes zoster,,,
G531,Paralisis multiple de los nervios craneales en enfermedades infecciosas y parasitarias clasificadas en otra parte,,,
G532,"Paralisis multiple de los nervios craneales, en la sarcoidosis",,,
G533,"Paralisis multiple de los nervios craneales, en enfermedades neoplasicas",,,
G538,Otros trastornos de los nervios craneales en otras enfermedades clasificadas en otra parte,,,
G540,Trastornos del plexo braquial,,,
G541,Trastornos del plexo lumbosacro,,,
G542,"Trastornos de la raiz cervical, no clasificados en otra parte",,,
G543,"Trastornos de la raiz toracica, no clasificados en otra parte",,,
G544,"Trastornos de la raiz lumbosacra, no clasificados en otra parte",,,
G545,Amiotrofia neuralgica,,,
G546,Sindrome del miembro fantasma con dolor,,,
G547,Sindrome del miembro fantasma sin dolor,,,
G548,Otros trastornos de las raices y plexos nerviosos,,,
G549,"Trastorno de la raiz y plexos nerviosos, no especificado",,,
G550,Compresiones de las raices y  plexos nerviosos en enfermedades neoplasicas,,,
G551,Compresiones de las raices y  plexos nerviosos en trastornos de los discos intervertebrales,,,
G552,Compresiones de las raices y  plexos nerviosos en la espondilosis,,,
G553,Compresiones de las raices y  plexos nerviosos en otras dorsopatias,,,
G558,Compresiones de las raices y plexos nerviosos en otras enfermedades clasificadas en orta parte,,,
G560,Sindrome del tunel carpiano,,,
G561,Otras lesiones del nervio mediano,,,
G562,Lesion del nervio cubital,,,
G563,Lesion del nervio radial,,,
G564,Causalgia,,,
G568,Otras mononeuropatias del miembro superior,,,
G569,"Mononeuropatia del miembro superior, sin otra especificacion",,,
G570,Lesion del nervio ciatico,,,
G571,Meralgia parestesica,,,
G572,Lesion del nervio crural,,,
G573,Lesion del nervio ciatico popliteo externo,,,
G574,Lesion del nervio ciatico popliteo interno,,,
G575,Sindrome del tunel calcaneo,,,
G576,Lesion del nervio plantar,,,
G578,Otras mononeuropatias del miembro inferior,,,
G579,"Mononeuropatia del miembro inferior, sin otra especificacion",,,
G580,Neuropatia intercostal,,,
G587,Mononeuritis multiple,,,
G588,Otras mononeuropatias especificadas,,,
G589,"Mononeuropatia, no especificada",,,
G590,Mononeuropatia diabetica,,,
G598,Otras mononeuropatias en enfermedades clasificadas en otra parte,,,
G600,Neuropatia hereditaria motora y sensorial,,,
G601,Enfermedad de Refsum,,,
G602,Neuropatia asociada con ataxia hereditaria,,,
G603,Neuropatia progresiva idiopatica,,,
G608,Otras neuropatias hereditarias e idiopaticas,,,
G609,"Neuropatia hereditaria e idiopatica, sin otra especificacion",,,
G610,Sindrome de Guillain-Barre,,,
G611,Neuropatia al suero,,,
G618,Otras polineuropatias inflamatorias,,,
G619,"Polineuropatia inflamatoria, no especificada",,,
G620,Polineuropatia inducida por drogas,,,
G621,Polineuropatia alcoholica,,,
G622,Polineuropatia debida a otro agente toxico,,,
G628,Otras polineuropatias especificadas,,,
G629,"Polineuropatia, no especificada",,,
G630,Polineuropatia en enfermedades infecciosas y parasitarias clasificadas en otra parte,,,
G631,Polineuropatia en enfermedad neoplasica,,,
G632,Polineuropatia diabetica,,,
G633,Polineuropatia en otras enfermedades endocrinas y metabolicas,,,
G634,Polineuropatia en deficiencia nutricional,,,
G635,Polineuropatia en trastornos del tejido conectivo sistemico,,,
G636,Polineuropatia en otros trastornos osteomusculares,,,
G638,Polineuropatia en otras enfermedades clasificadas en otra parte,,,
G64X,Otros trastornos del sistema nervioso periferico,,,
G700,Miastenia gravis,,028D,120A
G701,Trastornos toxicos neuromusculares,,,
G702,Miastenia congenita o del desarrollo,,,
G708,Otros trastornos neuromusculares especificados,,,
G709,"Trastorno neuromuscular, no especificado",,,
G710,Distrofia muscular,,,
G711,Trastornos miotonicos,,,
G712,Miopatias congenitas,,,
G713,"Miopatia mitocondrica, no clasificada en otra parte",,,
G718,Otros trastornos primarios de los musculos,,,
G719,"Trastorno primario del musculo, tipo no especificado",,,
G720,Miopatia inducida por drogas,,,
G721,Miopatia alcoholica,,,
G722,Miopatia debida a otros agentes toxicos,,,
G723,Paralisis periodica,,,
G724,"Miopatia inflamatoria, no clasificada en otra parte",,,
G728,Otras miopatias especificadas,,,
G729,"Miopatia, no especificada",,,
G730,Sindromes miastenicos en enfermedades endocrinas,,,
G731,Sindrome de Eaton-Lambert (C00-D48†),,,
G732,Otros sindromes miastenicos en enfermedad neoplasica,,,
G733,Sindromes miastenicos en otras enfermedades clasificadas en otra parte,,,
G734,Miopatia en enfermedades infecciosas y parasitarias clasificadas en otra parte,,,
G735,Miopatia en enfermedades endocrinas,,,
G736,Miopatia en enfermedades metabolicas,,,
G737,Miopatia en otras enfermedades clasificadas en otra parte,,,
G800,Paralisis cerebral espastica cuadriplejica,,,
G801,Paralisis cerebral espastica diplejica,,,
G802,Paralisis cerebral espastica hemiplejica,,,
G803,Paralisis cerebral discinetica,,,
G804,Paralisis cerebral ataxica,,,
G808,Otros tipos de paralisis cerebral ,,,
G809,"Paralisis cerebral, sin otra especificacion",,,
G810,Hemiplejia flacida,,,
G811,Hemiplejia espastica,,,
G819,"Hemiplejia, no especificada",,,
G820,Paraplejia flacida,,,
G821,Paraplejia espastica,,,
G822,"Paraplejia, no especificada",,,
G823,Cuadriplejia flacida,,,
G824,Cuadriplejia espastica,,,
G825,"Cuadriplejia, no especificada",,,
G830,Diplejia de los miembros superiores,,,
G831,Monoplejia de miembro inferior,,,
G832,Monoplejia de miembro superior,,,
G833,"Monoplejia, no especificada",,,
G834,Sindrome de la cola de caballo,,,
G838,Otros sindromes paraliticos especificados,,,
G839,"Sindrome paralitico, no especificado",,,
G900,Neuropatia autonoma periferica idiopatica,,,
G901,Disautonomia familiar [Sindrome de Riley-Day],,,
G902,Sindrome de Horner,,,
G903,Degeneracion de sistemas multiples,,,
G904,Disreflexia autonomica,,,
G908,Otros Trastornos del sistema nervioso autonomo,,,
G909,"Trastorno del sistema nervioso autonomo, no especificado",,,
G910,Hidrocefalo comunicante,,028D,120A
G911,Hidrocefalo obstructivo,,028D,120A
G912,Hidrocefalo de presion normal,,028D,120A
G913,"Hidrocefalo postraumatico, sin otra especificacion",,028D,120A
G918,Otros tipos de hidrocefalo,,028D,120A
G919,"Hidrocefalo, no especificado",,028D,120A
G92X,Encefalopatia toxica,,,
G930,Quiste cerebral,,,
G931,"Lesion cerebral anoxica, no clasificada en otra parte",,028D,120A
G932,Hipertension intracraneal benigna,,,
G933,Sindrome de fatiga postviral,,,
G934,Encefalopatia no especificada,,,
G935,Compresion del encefalo,,,
G936,Edema cerebral,,028D,120A
G937,Sindrome de Reye,,,
G938,Otros Trastornos especificados del encefalo,,,
G939,"Trastorno del encefalo, no especificado",,,
G940,Hidrocefalo en enfermedades infecciosas y parasitarias clasificadas en otra parte,,,
G941,Hidrocefalo en enfermedad neoplasica,,,
G942,Hidrocefalo en otras enfermedades clasificadas en otra parte,,,
G948,Otros trastornos encefalicos especificados en enfermedades clasificadas en otra parte,,,
G950,Siringomielia y siringobulbia,,,
G951,Mielopatias vasculares,,,
G952,"Compresion medular, no especificada",,,
G958,Otras enfermedades especificadas de la medula espinal,,,
G959,"Enfermedad de la medula espinal, no especificada",,,
G960,Perdida de liquido cefalorraquideo,,,
G961,"Trastornos de las meninges, no clasificados en otra parte",,,
G968,Otros trastornos especificados del sistema nervioso central,,,
G969,"Trastorno del sistema nervioso central, no especificado",,,
G970,Perdida de liquido cefalorraquideo por puncion espinal,,,
G971,Otra reaccion a la puncion espinal y lumbar,,,
G972,Hipotension intracraneal posterior a anastomosis ventricular,,,
G978,Otros trastornos del sistema nervioso consecutivos a procedimientos,,,
G979,"Trastornos no especificados del sistema nervioso, consecutivos a procedimientos",,,
G98X,"Otros trastornos del sistema nervioso, no clasificados en otra parte",,,
G990,Neuropatia autonomica en enfermedades metabolica y endocrinas,,,
G991,Otros trastornos del sistema nervioso autonomo en otras enfermedades clasificadas en otra parte,,,
G992,Mielopatia en enfermedades clasificadas en otra parte,,,
G998,Otros trastornos especificados del sistema nervioso en enfermedades clasificadas en otra parte,,,
H000,Orzuelo y otras inflamaciones profundas del parpado,,,
H001,Calacio [chalazion],,,
H010,Blefaritis,,,
H011,Dermatosis no infecciosa del parpado,,,
H018,Otras inflamaciones especificadas del parpado,,,
H019,"Inflamacion del parpado, no especificada",,,
H020,Entropion y triquiasis palpebral,,,
H021,Ectropion del parpado,,,
H022,Lagoftalmos,,,
H023,Blefarocalasia,,,
H024,Blefaroptosis,,,
H025,Otros trastornos funcionales del parpado,,,
H026,Xantelasma del parpado,,,
H027,Otros trastornos degenerativos del parpado y del area periocular,,,
H028,Otros trastornos especificados del parpado,,,
H029,"Trastorno del parpado, no especificado",,,
H030,Infeccion o infestacion parasitaria del parpado en enfermedades clasificadas en otra parte,,,
H031,Compromiso del parpado en enfermedades infecciosas clasificadas en otra parte,,,
H038,Compromiso del parpado en enfermedades clasificadas en otra parte,,,
H040,Dacrioadenitis,,,
H041,Otros trastornos de la glandula lagrimal,,,
H042,Epifora,,,
H043,Inflamacion aguda y la no especificada de las vias lagrimales,,028D,120A
H044,Inflamacion cronica de las vias lagrimales,,,
H045,Estenosis e insuficiencia de las vias lagrimales,,,
H046,Otros cambios de las vias lagrimales,,,
H048,Otros trastornos especificados del aparato lagrimal,,,
H049,"Trastorno del aparato lagrimal, no especificado",,,
H050,Inflamacion aguda de la orbita,,,
H051,Trastornos inflamatorios cronicos de la orbita,,,
H052,Afecciones exoftalmicas,,,
H053,Deformidad de la orbita,,,
H054,Enoftalmia,,,
H055,"Retencion de cuerpo extrano (antiguo), consecutiva a herida penetrante de la orbita",,,
H058,Otros trastornos de la orbita,,,
H059,"Trastorno de la orbita, no especificado",,,
H060,Trastornos del aparato lagrimal en enfermedades clasificadas en otra parte,,,
H061,Infeccion e infestacion parasitarias de la orbita en enfermedades clasificadas en otra parte,,,
H062,Exoftalmia hipertiroidea,,,
H063,Otros trastornos de la orbita en enfermedades clasificadas en otra parte,,,
H100,Conjuntivitis mucopurulenta,,,
H101,Conjuntivitis atopica aguda,,,
H102,Otras conjuntivitis agudas,,,
H103,"Conjuntivitis aguda, no especificada",,,
H104,Conjuntivitis cronica,,,
H105,Blefaroconjuntivitis,,,
H108,Otras conjuntivitis,,,
H109,"Conjuntivitis, no especificada",,028D,120A
H110,Pterigion,,,
H111,Degeneraciones y depositos conjuntivales,,,
H112,Cicatrices conjuntivales,,,
H113,Hemorragia conjuntival,,,
H114,Otros trastornos vasculares y quistes conjuntivales,,,
H118,Otros trastornos especificados de la conjuntiva,,,
H119,"Trastorno de la conjuntiva, no especificado",,,
H130,Infeccion filarica de la conjuntiva,,,
H131,Conjuntivitis en enfermedades infecciosas y parasitarias clasificadas en otra parte,,,
H132,Conjuntivitis en otras enfermedades clasificadas en otra parte,,,
H133,Penfigoide ocular,,,
H138,Otros trastornos de la conjuntiva en enfermedades clasificadas en otra parte,,,
H150,Escleritis,,,
H151,Episcleritis,,,
H158,Otros trastornos de la esclerotica,,,
H159,"Trastorno de la esclerotica, no especificado",,,
H160,ulcera de la cornea,,,
H161,Otras queratitis superficiales sin conjuntivitis,,,
H162,Queratoconjuntivitis,,,
H163,Queratitis intersticial y profunda,,,
H164,Neovascularizacion  de la cornea,,,
H168,Otras queratitis,,,
H169,"Queratitis,no especificada",,,
H170,Leucoma adherente,,,
H171,Otras opacidades centrales de la cornea,,,
H178,Otras opacidades o cicatrices de la cornea,,,
H179,"Cicatriz u opacidad de la cornea,  no especificada",,,
H180,Pigmentaciones y depositos en la cornea,,,
H181,Queratopatia vesicular,,,
H182,Otros edemas de la cornea,,,
H183,Cambios en las membranas de la cornea,,,
H184,Degeneracion de la cornea,,,
H185,Distrofia hereditaria de la cornea,,,
H186,Queratocono,,,
H187,Otras deformidades de la cornea,,,
H188,Otros trastornos especificados de la cornea,,,
H189,"Trastorno de la cornea, no especificado",,,
H190,Escleritis y episcleritis en enfermedades clasificadas en otra parte,,,
H191,Queratitis y queratoconjuntivitis por herpes simple,,,
H192,"Queratitis y queratoconjuntivitis en enfermedades infecciosas y parasitarias, clasificadas en otra parte",,,
H193,Queratitis y queratoconjuntivitis en otras enfermedades clasificadas en otra parte,,,
H198,Otros trastornos de la esclerotica y de la cornea en enfermedades clasificadas en otra parte,,,
H200,Iridociclitis aguda y subaguda,,,
H201,Iridociclitis cronica,,,
H202,Iridociclitis inducida por trastorno del cristalino,,,
H208,Otras iridociclitis especificadas,,,
H209,"Iridociclitis, no especificada",,,
H210,Hifema,,,
H211,Otros trastornos vasculares del iris y del cuerpo ciliar,,,
H212,Degeneracion del iris y del cuerpo ciliar,,,
H213,"Quiste del iris, del cuerpo ciliar y de la camara anterior",,,
H214,Membranas pupilares,,,
H215,Otras adherencias y desgarros del iris y del cuerpo ciliar,,,
H218,Otros trastornos especificados del iris y del cuerpo ciliar,,,
H219,"Trastorno del iris y del cuerpo ciliar, no especificado",,,
H220,Iridociclitis en enfermedades infecciosas y parasitarias  clasificadas en otra parte,,,
H221,Iridociclitis en otras enfermedades clasificadas en otra parte,,,
H228,Otros trastornos del iris y del cuerpo ciliar en enfermedades clasificadas en otra parte,,,
H250,Catarata senil incipiente,,065A,120A
H251,Catarata senil nuclear,,065A,120A
H252,"Catarata senil, tipo morgagnian",,065A,120A
H258,Otras cataratas seniles,,065A,120A
H259,"Catarata senil, no especificada",,065A,120A
H260,"Catarata infantil, juvenil y presenil",,000H,064A
H261,Catarata traumatica,,,
H262,Catarata complicada,,,
H263,Catarata inducida por drogas,,,
H264,Catarata residual,,,
H268,Otras formas especificadas de catarata,,,
H269,"Catarata, no especificada",,,
H270,Afaquia,,,
H271,Luxacion del cristalino,,,
H278,Otros trastornos especificados del cristalino,,,
H279,"Trastorno del cristalino, no especificado",,,
H280,Catarata diabetica,,,
H281,"Catarata en otras enfermedades endocrinas, nutricionales y metabolicas clasificadas en otra parte",,,
H282,Catarata en otras enfermedades clasificadas en otra parte,,,
H288,Otros trastornos del cristalino en enfermedades clasificadas en otra parte,,,
H300,Coriorretinitis focal,,,
H301,Coriorretinitis diseminada,,,
H302,Ciclitis posterior,,,
H308,Otras coriorretinitis,,,
H309,"Coriorretinitis, no especificada",,,
H310,Cicatrices coriorretinianas,,,
H311,Degeneracion coroidea,,,
H312,Distrofia coroidea hereditaria,,,
H313,Hemorragia y ruptura de la coroides,,,
H314,Desprendimiento de la coroides,,,
H318,Otros trastornos especificados de la coroides,,,
H319,"Trastorno de la coroides, no especificado",,,
H320,Inflamacion coriorretiniana en enfermedades infecciosas y parasitarias clasificadas en otra parte,,,
H328,Otros trastornos coriorretinianos en enfermedades clasificadas en otra parte,,,
H330,Desprendimiento de la retina con ruptura,,,
H331,Retinosquisis y quistes de la retina,,,
H332,Desprendimiento seroso de la retina,,,
H333,Desgarro de la retina sin desprendimiento,,,
H334,Desprendimiento de la retina por traccion,,,
H335,Otros desprendimientos de la retina,,,
H340,Oclusion arterial transitoria de la retina,,,
H341,Oclusion de la arteria central de la retina,,,
H342,Otras formas de oclusion de la arteria de la retina,,,
H348,Otras oclusiones vasculares retinianas,,,
H349,"Oclusion vascular retiniana, sin otra especificacion",,,
H350,Retinopatias del fondo y cambios vasculares retinianos,,,
H351,Retinopatia de la prematuridad,,,
H352,Otras retinopatias proliferativas,,,
H353,Degeneracion de la macula y del polo posterior del ojo,,,
H354,Degeneracion periferica de la retina,,,
H355,Distrofia hereditaria de la retina,,,
H356,Hemorragia retiniana,,,
H357,Separacion de las capas de la retina,,,
H358,Otros trastornos especificados de la retina,,,
H359,"Trastorno de la retina, no especificado",,,
H360,Retinopatia diabetica,,,
H368,Otros trastornos de la retina en enfermedades clasificadas en otra parte,,,
H400,Sospecha de glaucoma,,,
H401,Glaucoma primario de angulo abierto,,,
H402,Glaucoma primario de angulo cerrado,,,
H403,Glaucoma secundario a traumatismo ocular,,,
H404,Glaucoma secundario a inflamacion ocular,,,
H405,Glaucoma secundario a otros trastornos del ojo,,,
H406,Glaucoma secundario a drogas,,,
H408,Otros glaucomas,,,
H409,"Glaucoma, no especificado",,,
H420,"Glaucoma en enfermedades endocrinas, nutricionales y metabolicas clasificadas en otra parte",,,
H428,Glaucoma en otras enfermedades clasificadas en otra parte,,,
H430,Prolapso del vitreo,,,
H431,Hemorragia del vitreo,,,
H432,Depositos cristalinos en el cuerpo vitreo,,,
H433,Otras opacidades vitreas,,,
H438,Otros trastornos del cuerpo vitreo,,,
H439,"Trastorno del cuerpo vitreo, no especificado",,,
H440,Endoftalmitis purulenta,,,
H441,Otras endoftalmitis,,,
H442,Miopia degenerativa,,,
H443,Otros trastornos degenerativos del globo ocular,,,
H444,Hipotonia ocular,,,
H445,Afecciones degenerativas del globo ocular,,,
H446,Retencion intraocular de cuerpo extrano magnetico (antiguo),,,
H447,Retencion intraocular de cuerpo extrano no magnetico (antiguo),,,
H448,Otros trastornos del globo ocular,,,
H449,"Trastorno del globo ocular, no especificado",,,
H450,Hemorragia del vitreo en enfermedades clasificadas en otra parte,,,
H451,Endoftalmitis en enfermedades clasificadas en otra parte,,,
H458,Otros trastornos del cuerpo vitreo y del globo ocular en enfermedades clasificadas en otra parte,,,
H46X,Neuritis optica,,,
H470,"Trastornos del nervio optico, no clasificados en otra parte",,,
H471,"Papiledema, no especificado",,,
H472,Atrofia optica,,,
H473,Otros trastornos del disco optico,,,
H474,Trastornos del quiasma optico,,,
H475,Trastornos de otras vias opticas,,,
H476,Trastornos de la corteza visual,,,
H477,"Trastorno de las vias opticas, no especificado",,,
H480,Atrofia optica en enfermedades clasificadas en otra parte,,,
H481,Neuritis retrobulbar en enfermedades clasificadas en otra parte,,,
H488,Otros trastornos del nervio optico y de las vias opticas en enfermedades clasificadas en otra parte,,,
H490,Paralisis del nervio motor ocular comun [III par],,,
H491,Paralisis del nervio patetico [IV par],,,
H492,Paralisis del nervio motor ocular externo [VI par],,,
H493,Oftalmoplejia total (externa),,,
H494,Oftalmoplejia externa progresiva,,,
H498,Otros estrabismos paraliticos,,,
H499,"Estrabismo paralitico, no especificado",,,
H500,Estrabismo concomitante convergente,,,
H501,Estrabismo concomitante divergente,,,
H502,Estrabismo vertical,,,
H503,Heterotropia intermitente,,,
H504,Otras heterotropias o las no especificadas,,,
H505,Heteroforia,,,
H506,Estrabismo mecanico,,,
H508,Otros estrabismos especificados,,,
H509,"Estrabismo, no especificado",,,
H510,Paralisis de la conjugacion de la mirada,,,
H511,Exceso e insuficiencia de la convergencia ocular,,,
H512,Oftalmoplejia internuclear,,,
H518,Otros trastornos especificados de los movimientos binoculares,,,
H519,"Trastorno del movimiento binocular, no especificado",,,
H520,Hipermetropia,,,
H521,Miopia,,,
H522,Astigmatismo,,,
H523,Anisometropia y aniseiconia,,,
H524,Presbicia,,,
H525,Trastornos de la acomodacion,,,
H526,Otros trastornos de la refraccion,,,
H527,"Trastorno de la refraccion, no especificado",,,
H530,Ambliopia ex anopsia,,,
H531,Alteraciones visuales subjetivas,,,
H532,Diplopia,,,
H533,Otros trastornos de la vision binocular,,,
H534,Defectos del campo visual,,,
H535,Deficiencia de la vision cromatica,,,
H536,Ceguera nocturna,,,
H538,Otras alteraciones visuales,,,
H539,"Alteracion visual, no especificada",,,
H540,Ceguera binocular,,,
H541,"Deficiencia visual severa, binocular",,,
H542,"Deficiencia visual moderada, binocular",,,
H543,"Deficiencia visual leve o ausente, binocular",,,
H544,Ceguera monocular,,,
H545,"Deficiencia visual severa, monocular",,,
H546,"Deficiencia visual moderada, monocular",,,
H549,Deficiencia visual no especificada (binocular),,,
H55X,Nistagmo y otros movimientos oculares irregulares,,,
H570,Anomalias de la funcion pupilar,,,
H571,Dolor ocular,,,
H578,Otros trastornos especificados del ojo y sus anexos,,,
H579,"Trastorno del ojo y sus anexos, no especificado",,,
H580,Anomalias de la funcion pupilar en enfermedades clasificadas en otra parte,,,
H581,Alteraciones de la vision en enfermedades clasificadas en otra parte,,,
H588,Otros trastornos especificados del ojo en enfermedades clasificadas en otra parte,,,
H590,Queratopatia (bullosa afaquica) consecutiva a cirugia de catarata,,,
H598,"Otros trastornos del ojo y sus anexos, consecutivos a procedimientos",,,
H599,"Trastorno no especificado del ojo y sus anexos, consecutivo a procedimientos",,,
H600,Absceso del oido externo,,,
H601,Celulitis del oido externo,,,
H602,Otitis externa maligna,,,
H603,Otras otitis externas infecciosas,,,
H604,Colesteatoma del oido externo,,,
H605,"Otitis externa aguda, no infecciosa",,,
H608,Otras otitis externas,,,
H609,"Otitis externa, sin otra especificacion",,,
H610,Pericondritis del oido externo,,,
H611,Afecciones no infecciosas del pabellon auditivo,,,
H612,Cerumen impactado,,,
H613,Estenosis adquirida del conducto auditivo externo,,,
H618,Otros trastornos especificados del oido externo,,,
H619,"Trastorno del oido externo, no especificado",,,
H620,Otitis externa en enfermedades bacterianas clasificadas en otra parte,,,
H621,Otitits externa en enfermedades virales clasificadas en otra parte,,,
H622,Otitits externa en micosis,,,
H623,Otitits externa en otras enfermedades infecciosas y parasitarias clasificadas en otra parte,,,
H624,Otitits externa en otras enfermedades clasificadas en otra parte,,,
H628,Otros trastornos del oido externo en enfermedades clasificadas en otra parte,,,
H650,Otitis media aguda serosa,,,
H651,"Otra otitis media aguda, no supurativa",,,
H652,Otitis media cronica serosa,,028D,120A
H653,Otitis media cronica mucoide,,028D,120A
H654,Otras otitis medias cronicas no supurativas,,028D,120A
H659,"Otitis media no supurativa, sin otra especificacion",,,
H660,Otitis media supurativa aguda,,,
H661,Otitis media tubotimpanica supurativa cronica,,028D,120A
H662,Otitis media supurativa cronica aticoantral,,028D,120A
H663,Otras otitis medias cronicas supurativas,,028D,120A
H664,"Otitis media supurativa, sin otra especificacion",,,
H669,"Otitis media, no especificada",,,
H670,Otitis media en enfermedades bacterianas clasificadas en otra parte,,,
H671,Otitis media en enfermedades virales clasificadas en otra parte,,,
H678,Otitis media en otras enfermedades clasificadas en otra parte,,,
H680,Salpingitis eustaquiana,,,
H681,Obstruccion de la trompa de Eustaquio,,,
H690,Distension de la trompa de Eustaquio,,,
H698,Otros trastornos especificados de la trompa de Eustaquio,,,
H699,"Trastorno de la trompa de Eustaquio, no especificado",,,
H700,Mastoiditis aguda,,,
H701,Mastoiditis cronica,,028D,120A
H702,Petrositis,,,
H708,Otras mastoiditis y afecciones relacionadas,,,
H709,"Mastoiditis, no especificada",,,
H71X,Colesteatoma del oido medio,,,
H720,Perforacion central de la membrana timpanica,,,
H721,Perforacion atica de la membrana timpanica,,,
H722,Otras perforaciones marginales de la membrana timpanica,,,
H728,Otras perforaciones de la membrana timpanica,,,
H729,"Perforacion de la membrana timpanica, sin otra especificacion",,,
H730,Miringitis aguda,,,
H731,Miringitis cronica,,,
H738,Otros trastornos especificados de la membrana timpanica,,,
H739,"Trastorno de la membrana timpanica, no especificado",,,
H740,Timpanosclerosis,,,
H741,Enfermedad adhesiva del oido medio,,,
H742,Discontinuidad y dislocacion de los huesecillos del oido,,,
H743,Otras anormalidades adquiridas de los huesecillos del oido,,,
H744,Polipo del oido medio,,,
H748,Otros trastornos especificados del oido medio y de la apofisis mastoides,,,
H749,"Trastorno del oido medio y de la apofisis mastoides, no especificado",,,
H750,Mastoiditis en enfermedades infecciosas y parasitarias clasificadas en otra parte,,,
H758,Otros trastornos especificados del oido medio y de la apofisis mastoides en enfermedades clasificadas en otra parte,,,
H800,"Otosclerosis que afecta la ventana oval, no obliterante",,,
H801,"Otosclerosis que afecta la ventana oval, obliterante",,,
H802,Otosclerosis coclear,,,
H808,Otras otosclerosis,,,
H809,"Otosclerosis, no especificada",,,
H810,Enfermedad de meniere,,,
H811,Vertigo paroxistico benigno,,,
H812,Neuronitis vestibular,,,
H813,Otros vertigos perifericos,,,
H814,Vertigo de origen central,,,
H818,Otros trastornos de la funcion vestibular,,,
H819,"Trastorno de la funcion vestibular, no especificado",,,
H82X,Sindromes vertiginosos en enfermedades clasificadas en otra parte,,,
H830,Laberintitis,,,
H831,Fistula del laberinto,,,
H832,Disfuncion del laberinto,,,
H833,Efectos del ruido sobre el oido interno,,,
H838,Otros trastornos especificados del oido interno,,,
H839,"Trastorno del oido interno, no especificado",,,
H900,Hipoacusia conductiva bilateral,,,
H901,"Hipoacusia conductiva, unilateral con audicion irrestricta contralateral",,,
H902,"Hipoacusia conductiva, sin otra especificacion",,,
H903,"Hipoacusia neurosensorial, bilateral",,,
H904,"Hipoacusia neurosensorial, unilateral con audicion irrestricta contralateral",,,
H905,"Hipoacusia neurosensorial, sin otra especificacion",,,
H906,"Hipoacusia mixta conductiva y neurosensorial, bilateral",,,
H907,"Hipoacusia mixta conductiva y neurosensorial, unilateral con audicion irrestricta contralateral",,,
H908,"Hipoacusia mixta conductiva y neurosensorial, no especificada",,,
H910,Hipoacusia ototoxica,,,
H911,Presbiacusia,,,
H912,Hipoacusia subita idiopatica,,,
H913,"Sordomudez, no clasificada en otra parte",,,
H918,Otras hipoacusias especificadas,,,
H919,"Hipoacusia, no especificada",,,
H920,Otalgia,,,
H921,Otorrea,,,
H922,Otorragia,,,
H930,Trastornos degenerativos y vasculares del oido,,,
H931,Tinnitus,,,
H932,Otras percepciones auditivas anormales,,,
H933,Trastornos del nervio auditivo,,,
H938,Otros trastornos especificados del oido,,,
H939,"Trastorno del oido, no especificado",,,
H940,Neuritis del nervio auditivo en enfermedades infecciosas y parasitarias  clasificadas en otra parte,,,
H948,Otros trastornos especificados del oido en enfermedades clasificadas en otra parte,,,
H950,Colesteatoma recurrente de la cavidad resultante de la mastoidectomia,,,
H951,Otros trastornos posteriores  a la mastoidectomia,,,
H958,"Otros trastornos del oido y de la apofisis mastoides, consecutivos a procedimientos",,,
H959,"Trastornos no especificados del oido y de la apofisis mastoides, consecutivos a procedimientos",,,
I00X,Fiebre reumatica sin mencion de complicacion cardiaca,,,
I010,Pericarditis reumatica aguda,,,
I011,Endocarditis reumatica aguda,,,
I012,Miocarditis reumatica aguda,,,
I018,Otras enfermedades reumaticas agudas del corazon,,,
I019,"Enfermedad reumatica aguda del corazon, no especificada",,,
I020,Corea reumatica con complicacion cardiaca,,,
I029,Corea reumatica sin mencion de complicacion cardiaca,,,
I050,Estenosis mitral,,001A,120A
I051,Insuficiencia mitral reumatica,,001A,120A
I052,Estenosis mitral con insuficiencia,,001A,120A
I058,Otras enfermedades de la valvula mitral,,001A,120A
I059,"Enfermedad valvular mitral, no especificada",,001A,120A
I060,Estenosis aortica reumatica,,001A,120A
I061,Insuficiencia aortica reumatica,,001A,120A
I062,Estenosis aortica reumatica con insuficiencia,,001A,120A
I068,Otras enfermedades reumaticas de la valvula aortica,,001A,120A
I069,"Enfermedad valvular aortica reumatica, no especificada",,001A,120A
I070,Estenosis tricuspide,,001A,120A
I071,Insuficiencia tricuspide,,001A,120A
I072,Estenosis e insuficiencia tricuspide,,001A,120A
I078,Otras enfermedades de la valvula tricuspide,,001A,120A
I079,"Enfermedad de la valvula tricuspide, no especificada",,001A,120A
I080,Trastornos de las valvulas mitral y aortica,,001A,120A
I081,Trastornos de las valvulas mitral y tricuspide,,001A,120A
I082,Trastornos de las valvulas aortica y tricuspide,,001A,120A
I083,"Trastornos combinados de las valvulas mitral, tricuspide y aortica",,001A,120A
I088,Otras enfermedades de multiples valvulas,,001A,120A
I089,"Enfermedad de multiples valvulas, no especificada",,001A,120A
I090,Miocarditis reumatica,,001A,120A
I091,"Enfermedades reumaticas del endocardio, valvula no especificada",,001A,120A
I092,Pericarditis reumatica cronica,,001A,120A
I098,Otras enfermedades reumaticas especificadas del corazon,,001A,120A
I099,"Enfermedad reumatica del corazon, no especificada",,001A,120A
I10X,Hipertension esencial (primaria),,028D,120A
I110,Enfermedad cardiaca hipertensiva con insuficiencia cardiaca (congestiva),,028D,120A
I119,Enfermedad cardiaca hipertensiva sin insuficiencia cardiaca (congestiva),,028D,120A
I120,Enfermedad renal hipertensiva con insuficiencia renal,,028D,120A
I129,Enfermedad renal hipertensiva sin insuficiencia renal,,028D,120A
I130,Enfermedad cardiorrenal hipertensiva con insuficiencia cardiaca (congestiva),,028D,120A
I131,Enfermedad cardiorrenal hipertensiva con insuficiencia renal,,028D,120A
I132,Enfermedad cardiorrenal hipertensiva con insuficiencia cardiaca (congestiva) e insuficiencia renal ,,028D,120A
I139,"Enfermedad cardiorrenal hipertensiva, no especificada",,028D,120A
I150,Hipertension renovascular,,015A,120A
I151,Hipertension secundaria a otros trastornos renales,,015A,120A
I152,Hipertension secundaria  a trastornos endocrinos,,015A,120A
I158,otros tipos de hipertension secundaria,,015A,120A
I159,"Hipertension secundaria, no especificada",,015A,120A
I200,Angina inestable,,020A,120A
I201,Angina de pecho con espasmo documentado,,020A,120A
I208,Otras formas especificadas de angina de pecho,,020A,120A
I209,"Angina de pecho, no especificada",,020A,120A
I210,Infarto transmural agudo del miocardio de la pared anterior,,015A,120A
I211,Infarto transmural agudo del miocardio de la pared inferior,,015A,120A
I212,Infarto agudo transmural del miocardio de otros sitios,,015A,120A
I213,"Infarto transmural agudo del miocardio, de sitio no especificado",,015A,120A
I214,Infarto subendocardico agudo del miocardio,,015A,120A
I219,"Infarto agudo del miocardio, sin otra especificacion",,015A,120A
I220,Infarto subsecuente del miocardio de la pared anterior,,015A,120A
I221,Infarto subsecuente del miocardio de la pared inferior,,015A,120A
I228,Infarto subsecuente del miocardio de otros sitios,,015A,120A
I229,"Infarto subsecuente del miocardio, de parte no especificada",,015A,120A
I230,Hemopericardio como complicacion presente posterior al infarto agudo del miocardio,,015A,120A
I231,Defecto del tabique auricular como complicacion presente posterior al infarto del miocardio,,015A,120A
I232,Defecto del tabique ventricular como complicacion presente posterior al infarto del miocardio,,015A,120A
I233,Ruptura de la pared cardiaca sin hemopericardio como complicacion presente posterior al infarto agudo del miocardio,,015A,120A
I234,Ruptura de las cuerdas tendinosas como complicacion presente posterior al infarto agudo del miocardio,,015A,120A
I235,Ruptura de musculo papilar como complicacion presente posterior al infarto agudo del miocardio,,015A,120A
I236,"Trombosis de la auricula, apendice  auricular y ventriculo como complicacion presente posterior al infarto agudo del miocardio",,015A,120A
I238,Otras complicaciones presentes posteriores al infarto agudo del miocardio,,015A,120A
I240,Trombosis coronaria que no resulta en infarto del miocardio,,015A,120A
I241,Sindrome de Dressler,,015A,120A
I248,Otras formas de enfermedad isquemica aguda del corazon,,015A,120A
I249,"Enfermedad isquemica aguda del corazon, no especificada",,015A,120A
I250,"Enfermedad cardiovascular aterosclerotica, asi descrita",,015A,120A
I251,Enfermedad aterosclerotica del corazon,,015A,120A
I252,Infarto antiguo del miocardio,,015A,120A
I253,Aneurisma cardiaco,,015A,120A
I254,Aneurisma de arteria coronaria,,015A,120A
I255,Cardiomiopatia isquemica,,015A,120A
I256,Isquemia silente del miocardio,,015A,120A
I258,Otras formas de enfermedad isquemica cronica del corazon,,015A,120A
I259,"Enfermedad isquemica cronica del corazon, no especificada",,015A,120A
I260,Embolia pulmonar con mencion de corazon pulmonar agudo,,,
I269,Embolia pulmonar sin mencion de corazon pulmonar agudo,,,
I270,Hipertension pulmonar primaria,,,
I271,Enfermedad cifoscoliotica del corazon,,,
I272,Otras hipertensiones pulmonares secundarias,,,
I278,Otras enfermedades cardiopulmonares especificadas,,,
I279,"Enfermedad pulmonar del corazon, no especificada",,,
I280,Fistula arteriovenosa de los vasos pulmonares,,,
I281,Aneurisma de la arteria pulmonar,,,
I288,Otras enfermedades especificadas de los vasos pulmonares,,,
I289,"Enfermedad de los vasos pulmonares, no especificada",,,
I300,Pericarditis idiopatica aguda inespecifica,,,
I301,Pericarditis infecciosa,,,
I308,Otras formas de pericarditis aguda,,,
I309,"Pericarditis aguda, no especificada",,,
I310,Pericarditis cronica adhesiva,,028D,120A
I311,Pericarditis constrictiva cronica,,028D,120A
I312,"Hemopericardio, no clasificado en otra parte",,,
I313,Derrame pericardico (no inflamatorio),,,
I318,Otras enfermedades especificadas del pericardio,,,
I319,"Enfermedad del pericardio, no especificada",,,
I320,Pericarditis en enfermedades bacterianas clasificadas en otra parte,,,
I321,Pericarditis en otras enfermedades infecciosas y parasitarias clasificadas en otra parte,,,
I328,Pericarditis en otras enfermedades clasificadas en otras parte,,,
I330,Endocarditis infecciosa aguda y subaguda,,,
I339,"Endocarditis aguda, no especificada",,,
I340,Insuficiencia (de la valvula) mitral,,,
I341,Prolapso (de la valvula) mitral,,,
I342,"Estenosis (de la valvula) mitral, no reumatica",,,
I348,Otros trastornos no reumaticos de la valvula mitral,,,
I349,"Trastorno mitral no reumatico, no especificado",,,
I350,Estenosis (de la valvula) aortica,,,
I351,Insuficiencia (de la valvula) aortica,,,
I352,Estenosis (de la valvula) aortica con insuficiencia,,,
I358,Otros trastornos de la valvula aortica,,,
I359,"Trastorno de la valvula aortica, no especificado",,,
I360,Estenosis no reumatica (de la valvula) tricuspide,,,
I361,Insuficiencia no reumatica (de la valvula) tricuspide,,,
I362,Estenosis con insuficiencia no reumatica (de la valvula) tricuspide,,,
I368,Otros trastornos no reumaticos de la valvula tricuspide,,,
I369,"Trastorno no reumatico de la valvula tricuspide, no especificado",,,
I370,Estenosis de la valvula pulmonar,,,
I371,Insuficiencia de la valvula pulmonar,,,
I372,Estenosis de la valvula pulmonar con insuficiencia,,,
I378,Otros trastornos de la valvula pulmonar,,,
I379,"Trastorno de la valvula pulmonar, no especificado",,,
I38X,"Endocarditis, valvula no especificada",,,
I390,Trastornos de la valvula mitral en enfermedades clasificadas en otra parte,,,
I391,Trastornos de la valvula aortica en enfermedades clasificadas en otra parte,,,
I392,Trastornos de la valvula tricuspide en enfermedades clasificadas en otra parte,,,
I393,Trastornos de la valvula pulmonar en enfermedades clasificadas en otra parte,,,
I394,Trastornos valvulares multiples en enfermedades clasificadas en otras parte,,,
I398,"Endocarditis, valvula no especificada, en enfermedades clasificadas en otra parte",,,
I400,Miocarditis infecciosa,,,
I401,Miocarditis aislada,,,
I408,Otras miocarditis agudas,,,
I409,"Miocarditis aguda, no especificada",,,
I410,Miocarditis en enfermedades bacterianas clasificadas en otra parte,,,
I411,Miocarditis en enfermedades virales clasificadas en otra parte,,,
I412,Miocarditis en otras enfermedades infecciosas y parasitarias clasificadas en otra parte,,,
I418,Miocarditis en otras enfermedades clasificadas en otra parte,,,
I420,Cardiomiopatia dilatada,,,
I421,Cardiomiopatia hipertrofica obstructiva,,,
I422,Otras cardiomiopatias hipertroficas,,,
I423,Enfermedad endomiocardica (eosinofilica),,,
I424,Fibroelastosis endocardica,,,
I425,Otras cardiomiopatias restrictivas,,,
I426,Cardiomiopatia alcoholica,,,
I427,Cardiomiopatia debida a drogas y otros agentes externos,,,
I428,Otras cardiomiopatias,,,
I429,"Cardiomiopatia, no especificada",,,
I430,Cardiomiopatia en enfermedades infecciosas y parasitarias clasificadas en otra parte,,,
I431,Cardiomiopatia en enfermedades metabolicas,,,
I432,Cardiomiopatia en enfermedades nutricionales,,,
I438,Cardiomiopatia en otras enfermedades clasificadas en otra parte,,,
I440,Bloqueo auriculoventricular de primer grado,,,
I441,Bloqueo auriculoventricular de segundo grado,,,
I442,Bloqueo auriculoventricular completo,,,
I443,Otros tipos de bloqueo auriculoventricular y los no especificados,,,
I444,Bloqueo fascicular anterior izquierdo,,,
I445,Bloqueo fascicular posterior izquierdo,,,
I446,Otros tipos de bloqueo fascicular y los no especificados,,,
I447,"Bloqueo de rama izquierda del haz, sin otra especificacion",,,
I450,Bloqueo fascicular derecho,,,
I451,Otros tipos de bloqueo de rama derecha del haz y los no especificados,,,
I452,Bloqueo bifascicular,,,
I453,Bloqueo trifascicular,,,
I454,Bloqueo intraventricular no especificado,,,
I455,Otros tipos especificados de bloqueo del corazon,,,
I456,Sindrome de preexcitacion,,,
I458,Otros trastornos especificados de la conduccion,,,
I459,"Trastorno de la conduccion, no especificado",,,
I460,Paro cardiaco con resucitacion exitosa,,,
I461,"Muerte cardiaca subita, asi descrita",,,
I469,"Paro cardiaco, no especificado",,028D,120A
I470,Arritmia por reentrada ventricular,,028D,120A
I471,Taquicardia supraventricular,,028D,120A
I472,Taquicardia ventricular,,028D,120A
I479,"Taquicardia paroxistica, no especificada",,028D,120A
I480,Fibrilación auricular paroxística,,028D,120A
I481,Fibrilación auricular persistente,,028D,120A
I482,Fibrilación auricular crónica,,028D,120A
I483,Aleteo auricular típico,,028D,120A
I484,Aleteo auricular atípico,,028D,120A
I489,"Fibrilación y aleteo auricular, no especificado",,028D,120A
I490,Fibrilacion y aleteo ventricular,,028D,120A
I491,Despolarizacion auricular prematura,,028D,120A
I492,Despolarizacion prematura nodal,,028D,120A
I493,Despolarizacion ventricular prematura,,028D,120A
I494,Otros tipos de despolarizacion prematura y los no especificados,,028D,120A
I495,Sindrome del seno enfermo,,028D,120A
I498,Otras arritmias cardiacas especificadas,,028D,120A
I499,"Arritmia cardiaca, no especificada",,028D,120A
I500,Insuficiencia cardiaca congestiva,,028D,120A
I501,Insuficiencia ventricular izquierda,,028D,120A
I509,"Insuficiencia cardiaca, no especificada",,028D,120A
I510,"Defecto del tabique cardiaco, adquirido",,028D,120A
I511,"Ruptura de cuerda tendinosa, no clasificada en otra parte",,028D,120A
I512,"Ruptura de musculo papilar, no clasificada en otra parte",,028D,120A
I513,"Trombosis intracardiaca, no clasificada en otra parte",,028D,120A
I514,"Miocarditis, no especificada",,028D,120A
I515,Degeneracion miocardica,,028D,120A
I516,"Enfermedad cardiovascular, no especificada",,028D,120A
I517,Cardiomegalia,,028D,120A
I518,Otras enfermedades cardiacas mal definidas,,028D,120A
I519,"Enfermedad cardiaca, no especificada",,028D,120A
I520,Otros trastornos cardiacos en enfermedades bacterianas clasificadas en otra parte,,,
I521,Otros trastornos cardiacos en otras enfermedades infecciosas y parasitarias clasificadas en otra parte,,,
I528,Otros trastornos cardiacos en otras enfermedades clasificadas en otra parte,,,
I600,Hemorragia subaracnoidea de sifon y bifurcacion carotidea,,028D,120A
I601,Hemorragia subaracnoidea de arteria cerebral media,,028D,120A
I602,Hemorragia subaracnoidea de arteria comunicante anterior,,028D,120A
I603,Hemorragia subaracnoidea de arteria comunicante posterior,,028D,120A
I604,Hemorragia subaracnoidea de arteria basilar,,028D,120A
I605,Hemorragia subaracnoidea de arteria vertebral,,028D,120A
I606,Hemorragia subaracnoidea de otras arterias intracraneales,,028D,120A
I607,Hemorragia subaracnoidea de arteria intracraneal no especificada,,028D,120A
I608,Otras hemorragias subaracnoideas,,028D,120A
I609,"Hemorragia subaracnoidea, no especificada",,028D,120A
I610,"Hemorragia intracerebral en hemisferio, subcortical",,028D,120A
I611,"Hemorragia intracerebral en hemisferio, cortical",,028D,120A
I612,"Hemorragia intracerebral en hemisferio, no especificada",,028D,120A
I613,Hemorragia intraencefalica en tallo cerebral,,028D,120A
I614,Hemorragia intraencefalica en cerebelo,,028D,120A
I615,"Hemorragia intraencefalica, intraventricular",,028D,120A
I616,Hemorragia intraencefalica de localizaciones multiples,,028D,120A
I618,Otras hemorragias intraencefalicas,,028D,120A
I619,"Hemorragia intraencefalica, no especificada",,028D,120A
I620,Hemorragia subdural (aguda) (no traumatica),,028D,120A
I621,Hemorragia extradural no traumatica,,028D,120A
I629,"Hemorragia intracraneal (no traumatica), no especificada",,028D,120A
I630,Infarto cerebral debido a trombosis de arterias precerebrales,,,
I631,Infarto cerebral debido a embolia de arterias precerebrales,,,
I632,Infarto cerebral debido a oclusion o estenosis no especificada de arterias precerebrales,,,
I633,Infarto cerebral debido a trombosis de arterias cerebrales,,,
I634,Infarto cerebral debido a embolia de arterias cerebrales,,,
I635,Infarto cerebral debido a oclusion o estenosis no especificada de arterias cerebrales,,,
I636,"Infarto cerebral debido a trombosis de venas cerebrales, no piogeno",,,
I638,Otros Infartos cerebrales,,,
I639,"Infarto cerebral, no especificado",,,
I64X,"Accidente vascular encefalico agudo, no especificado como hemorragico o isquemico",,015A,120A
I650,Oclusion y estenosis de arteria vertebral,,,
I651,Oclusion y estenosis de arteria basilar,,,
I652,Oclusion y estenosis de arteria carotida,,,
I653,Oclusion y estenosis multiple bilateral de arterias precerebrales,,,
I658,Oclusion y estenosis de otras arterias precerebrales,,,
I659,Oclusion y estenosis de arteria precerebral no especificada,,,
I660,Oclusion y estenosis de la arteria cerebral media,,,
I661,Oclusion y estenosis de la arteria cerebral anterior,,,
I662,Oclusion y estenosis de la arteria cerebral posterior,,,
I663,Oclusion y estenosis de arterias cerebelosas,,,
I664,Oclusion y estenosis multiple bilateral de arterias cerebrales,,,
I668,Oclusion y estenosis de otras arterias cerebrales,,,
I669,Oclusion y estenosis de arteria cerebral no especificada,,,
I670,"Diseccion de arterias cerebrales, sin ruptura",,001A,120A
I671,"Aneurisma cerebral, sin ruptura",,001A,120A
I672,Aterosclerosis cerebral,,001A,120A
I673,Leucoencefalopatia vascular progresiva,,001A,120A
I674,Encefalopatia hipertensiva,,001A,120A
I675,Enfermedad de Moyamoya,,001A,120A
I676,Trombosis apiogena del sistema venoso intracraneal,,001A,120A
I677,"Arteritis cerebral, no clasificada en otra parte",,001A,120A
I678,Otras enfermedades cerebrovasculares especificadas,,001A,120A
I679,"Enfermedad cerebrovascular, no especificada",,001A,120A
I680,Angiopatia cerebral amiloide,,,
I681,Arteritis cerebral en enfermedades infecciosas y parasitarias clasificadas en otra parte,,,
I682,Arteritis cerebral en otras enfermedades clasificadas en otra parte,,,
I688,Otros trastornos cerebrovasculares en enfermedades clasificadas en otra parte,,,
I690,Secuelas de hemorragia subaracnoidea,,,
I691,Secuelas de hemorragia intraencefalica,,,
I692,Secuelas de otras hemorragias intracraneales no traumaticas,,,
I693,Secuelas de infarto cerebral,,020A,120A
I694,"Secuelas de accidente vascular encefalico, no especificado como hemorragico o isquemico",,020A,120A
I698,Secuelas de otras enfermedades cerebrovasculares y de las no especificadas ,,020A,120A
I700,Aterosclerosis de la aorta,,015A,120A
I701,Aterosclerosis de la arteria renal,,015A,120A
I702,Aterosclerosis de las arterias de los miembros,,015A,120A
I708,Aterosclerosis de otras arterias,,015A,120A
I709,Aterosclerosis generalizada y la no especificada,,015A,120A
I710,Diseccion de aorta (cualquier parte),,,
I711,Ruptura de aneurisma de la aorta toracica,,,
I712,"Aneurisma de la aorta toracica, sin mencion de ruptura",,,
I713,Ruptura de aneurisma de la aorta abdominal,,,
I714,"Aneurisma de la aorta abdominal, sin mencion de ruptura",,,
I715,Ruptura de aneurisma de la aorta toracoabdominal,,,
I716,"Aneurisma de la aorta toracoabdominal, sin mencion de ruptura",,,
I718,"Ruptura de aneurisma aortico, sitio no especificado",,,
I719,"Aneurisma de la aorta, sitio no especificado, sin mencion de ruptura",,,
I720,Aneurisma y diseccion de la arteria carotida,,,
I721,Aneurisma y diseccion de arteria del miembro superior,,,
I722,Aneurisma y diseccion de arteria renal,,,
I723,Aneurisma y diseccion de arteria iliaca,,,
I724,Aneurisma y diseccion de arteria del miembro inferior,,,
I725,Aneurisma y disección de otras arterias precerebrales,,,
I726,Aneurisma y disección de arteria vertebral,,,
I728,Aneurisma y diseccion de otras arterias especificadas,,,
I729,Aneurisma y diseccion de sitio no especificado,,,
I730,Sindrome de Raynaud,,,
I731,Tromboangeitis obliterante [Buerger],,,
I738,Otras enfermedades vasculares perifericas especificadas,,,
I739,"Enfermedad vascular periferica, no especificada",,,
I740,Embolia y trombosis de la aorta abdominal,,,
I741,Embolia y trombosis de otras porciones y las no especificadas de la aorta,,,
I742,Embolia y trombosis de arterias de los miembros superiores,,,
I743,Embolia y trombosis de arterias de los miembros inferiores,,,
I744,"Embolia y trombosis de arterias de los miembros, no especificadas",,,
I745,Embolia y trombosis de arteria iliaca,,,
I748,Embolia y trombosis de otras arterias,,,
I749,Embolia y trombosis de arteria no especificada,,,
I770,"Fistula arteriovenosa, adquirida",,,
I771,Estrechez arterial,,,
I772,Ruptura arterial,,,
I773,Displasia fibromuscular arterial,,,
I774,Sindrome de compresion del tronco celiaco,,,
I775,Necrosis arterial,,,
I776,"Arteritis, no especificada",,,
I778,Otros trastornos especificados de arterias y arteriolas,,,
I779,"Trastorno de arterias y arteriolas, no especificado",,,
I780,Telangiectasia hemorragica hereditaria,,,
I781,"Nevo, no neoplasico",,,
I788,Otras enfermedades de los capilares,,,
I789,"Enfermedad de los vasos capilares, no especificada",,,
I790,Aneurisma de la aorta en enfermedades clasificadas en otra parte,,,
I791,Aortitis en enfermedades clasificadas en otra parte,,,
I792,Angiopatia periferica en enfermedades clasificadas en otra parte,,,
I798,"Otros trastornos de arterias, arteriolas y vasos capilares  en enfermedades clasificadas en otra parte",,,
I800,Flebitis y tromboflebitis de vasos superficiales de los miembros inferiores,,,
I801,Flebitis y tromboflebitis de la vena femoral,,,
I802,Flebitis y tromboflebitis de otros vasos profundos de los miembros inferiores,,,
I803,"Flebitis y tromboflebitis de los miembros inferiores, no especificada",,,
I808,Flebitis y tromboflebitis de otros sitios,,,
I809,Flebitis y tromboflebitis de sitio no especificado,,,
I81X,Trombosis de la vena porta,,,
I820,Sindrome de Budd-Chiari,,,
I821,Tromboflebitis migratoria,,,
I822,Embolia y trombosis de vena cava,,,
I823,Embolia y trombosis de vena renal,,,
I828,Embolia y trombosis de otras venas especificadas,,,
I829,Embolia y trombosis de vena no especificada,,,
I830,Venas varicosas de los miembros inferiores con ulcera,,,
I831,Venas varicosas de los miembros inferiores con inflamacion,,,
I832,Venas varicosas de los miembros inferiores con ulcera e inflamacion,,,
I839,Venas varicosas de los miembros inferiores sin ulcera ni inflamacion,,,
I850,Varices esofagicas con hemorragia,,,
I859,Varices esofagicas sin hemorragia,,,
I860,Varices sublinguales,,,
I861,Varices escrotales,1,,
I862,Varices pelvicas,,,
I863,Varices de la vulva,2,,
I864,Varices gastricas,,,
I868,Varices en otros sitios especificados,,,
I870,Sindrome postrombotico,,,
I871,Compresion de vena,,,
I872,Insuficiencia venosa (cronica) (periferica),,,
I878,Otros trastornos venosos especificados,,,
I879,"Trastorno venoso, no especificado",,,
I880,Linfadenitis mesenterica inespecifica,,,
I881,"Linfadenitis cronica, excepto la mesenterica",,,
I888,Otras linfadenitis inespecificas,,,
I889,Linfadenitis inespecifica no especificada,,,
I890,"Linfedema, no clasificado en otra parte",,,
I891,Linfangitis,,,
I898,Otros trastornos especificados no infecciosos de los vasos y ganglios linfaticos,,,
I899,"Trastorno no infeccioso de vasos y ganglios linfaticos, no especificado",,,
I950,Hipotension idiopatica,,,
I951,Hipotension ortostatica,,,
I952,Hipotension debida a drogas,,,
I958,Otros tipos de hipotension,,,
I959,"Hipotension, no especificada",,,
I970,Sindrome de postcardiotomia,,,
I971,Otras alteraciones funcionales consecutivas a cirugia cardiaca,,,
I972,Sindrome de linfedema postmastectomia,,,
I978,"Otros trastornos del sistema circulatorio consecutivos a procedimientos, no clasificados en otra parte",,,
I979,Trastorno no especificado del sistema circulatorio consecutivo a procedimientos,,,
I980,Sifilis cardiovascular,,,
I981,Trastornos cardiovasculares en otras enfermedades infecciosas y parasitarias clasificadas en otra parte,,,
I982,Varices esofagicas sin hemorragia en enfermedades clasificadas en otra parte,,,
I983,Várices esofágicas con hemorragia en enfermedades clasificadas en otra parte,,,
I988,Otros trastornos especificados del aparato circulatorio en enfermedades clasificadas en otra parte,,,
I99X,Otros trastornos y los no especificados del sistema circulatorio,,,
J00X,Rinofaringitis aguda [resfriado comun],,,
J010,Sinusitis maxilar aguda,,,
J011,Sinusitis frontal aguda,,,
J012,Sinusitis etmoidal aguda,,,
J013,Sinusitis esfenoidal aguda,,,
J014,Pansinusitis aguda,,,
J018,Otras sinusitis agudas,,,
J019,"Sinusitis aguda, no especificada",,,
J020,Faringitis estreptococica,,,
J028,Faringitis aguda debida a otros microorganismos especificados,,,
J029,"Faringitis aguda, no especificada",,,
J030,Amigdalitis estreptococica,,,
J038,Amigdalitis aguda debida a otros microorganismos especificados,,,
J039,"Amigdalitis aguda, no especificada",,,
J040,Laringitis aguda,,,
J041,Traqueitis aguda,,,
J042,Laringotraqueitis aguda,,,
J050,"Laringitis obstructiva, aguda [crup]",,,
J051,Epiglotitis aguda,,,
J060,Laringofaringitis aguda,,,
J068,Otras infecciones agudas de sitios multiples de las vias respiratorias superiores,,,
J069,"Infeccion aguda de las vias respiratorias superiores, no especificada",,,
J09X,Influenza debida a ciertos virus de la influenza identificados,,,
J100,"Influenza con neumonia, debida a otro virus de la influenza identificado",,,
J101,"Influenza con otras manifestaciones respiratorias, debida a otro virus de la influenza identificado",,,
J108,"Influenza, con otras manifestaciones, debida a otro virus de la influenza identificado",,,
J110,"Influenza con neumonia, virus no identificado",,,
J111,"Influenza con otras manifestaciones respiratorias, virus no identificado",,,
J118,"Influenza con otras manifestaciones, virus no identificado",,,
J120,Neumonia debida a adenovirus,,,
J121,Neumonia debida a virus sincitial respiratorio,,,
J122,Neumonia debida a virus parainfluenza,,,
J123,Neumonía debida a metaneumovirus humano,,,
J128,Neumonia debida a otros virus,,,
J129,"Neumonia viral, no especificada",,,
J13X,Neumonia debida a Streptococcus pneumoniae,,,
J14X,Neumonia debida a Haemophilus influenzae,,,
J150,Neumonia debida a Klebsiella pneumoniae,,,
J151,Neumonia debida a pseudomonas,,,
J152,Neumonia debida a estafilococos,,,
J153,Neumonia debida a estreptococos del grupo B,,,
J154,Neumonia debida a otros estreptococos,,,
J155,Neumonia debida a Escherichia coli,,,
J156,Neumonia debida a otras bacterias aerobicas gramnegativas,,,
J157,Neumonia debida a Mycoplasma pneumoniae,,,
J158,Otras neumonias bacterianas,,,
J159,"Neumonia bacteriana, no especificada",,,
J160,Neumonia debida a clamidias,,028D,120A
J168,Neumonia debida a otros microorganismos infecciosos especificados,,,
J170,Neumonia en enfermedades bacterianas clasificadas en otra parte,,,
J171,Neumonia en enfermedades virales clasificadas en otra parte,,,
J172,Neumonia en micosis,,,
J173,Neumonia en enfermedades parasitarias,,,
J178,Neumonia en otras enfermedades clasificadas en otra parte,,,
J180,"Bronconeumonia, no especificada",,028D,120A
J181,"Neumonia lobar, no especificada",,,
J182,"Neumonia hipostatica, no especificada",,,
J188,"Otras neumonias, de microorganismo no especificado",,,
J189,"Neumonia, no especificada",,028D,120A
J200,Bronquitis aguda debida a Mycoplasma pneumoniae,,,
J201,Bronquitis aguda debida a Haemophilus influenzae,,,
J202,Bronquitis aguda debida a estreptococos,,,
J203,Bronquitis aguda debida a virus Coxsackie,,,
J204,Bronquitis aguda debida a virus parainfluenza,,,
J205,Bronquitis aguda debida a virus sincitial respiratorio,,,
J206,Bronquitis aguda debida a rinovirus,,,
J207,Bronquitis aguda debida a virus ECHO,,,
J208,Bronquitis aguda debida a otros microorganismos especificados,,,
J209,"Bronquitis aguda, no especificada",,,
J210,Bronquiolitis aguda debida a virus sincitial respiratorio,,,
J211,Bronquiolitis aguda debida a metaneumovirus humano,,,
J218,Bronquiolitis aguda debida a otros microorganismos especificados,,,
J219,"Bronquiolitis aguda, no especificada",,,
J22X,Infeccion aguda no especificada de las vias respiratorias inferiores,,,
J300,Rinitis vasomotora,,,
J301,Rinitis alergica debida al polen,,,
J302,Otra rinitis alergica estacional,,,
J303,Otras rinitis alergicas,,,
J304,"Rinitis alergica, no especificada",,,
J310,Rinitis cronica,,028D,120A
J311,Rinofaringitis cronica,,028D,120A
J312,Faringitis cronica,,028D,120A
J320,Sinusitis maxilar cronica,,028D,120A
J321,Sinusitis frontal cronica,,028D,120A
J322,Sinusitis etmoidal cronica,,028D,120A
J323,Sinusitis esfenoidal cronica,,028D,120A
J324,Pansinusitis cronica,,028D,120A
J328,Otras sinusitis cronicas,,028D,120A
J329,"Sinusitis cronica, no especificada",,028D,120A
J330,Polipo de la cavidad nasal,,,
J331,Degeneracion polipoide de seno paranasal,,,
J338,Otros polipos de los senos paranasales,,,
J339,"Polipo nasal, no especificado",,,
J340,"Absceso, furunculo y carbunco de la nariz",,,
J341,Quiste y mucocele de la nariz y del seno paranasal,,,
J342,Desviacion del tabique nasal,,,
J343,Hipertrofia de los cornetes nasales,,,
J348,Otros trastornos especificados de la nariz y de los senos paranasales,,,
J350,Amigdalitis cronica,,028D,120A
J351,Hipertrofia de las amigdalas,,028D,120A
J352,Hipertrofia de las adenoides,,028D,120A
J353,Hipertrofia de las amigdalas con hipertrofia de las adenoides,,028D,120A
J358,Otras enfermedades cronicas de las amigdalas y de las adenoides,,028D,120A
J359,"Enfermedad cronica de las amigdalas y de las adenoides, no especificada",,028D,120A
J36X,Absceso periamigdalino,,,
J370,Laringitis cronica,,028D,120A
J371,Laringotraqueitis cronica,,028D,120A
J380,Paralisis de las cuerdas vocales y de la laringe,,,
J381,Polipo de las cuerdas vocales y de la laringe,,,
J382,Nodulos de las cuerdas vocales,,,
J383,Otras enfermedades de las cuerdas vocales,,,
J384,Edema de laringe,,,
J385,Espasmo laringeo,,,
J386,Estenosis laringea,,,
J387,Otras enfermedades de la laringe,,,
J390,Absceso retrofaringeo y parafaringeo,,,
J391,Otros abscesos de la faringe,,,
J392,Otras enfermedades de la faringe,,,
J393,"Reaccion de hipersensibilidad de las vias respiratorias superiores, sitio no especificado",,,
J398,Otras enfermedades especificadas de las vias respiratorias superiores,,,
J399,"Enfermedad de las vias respiratorias superiores, no especificada",,,
J40X,"Bronquitis, no especificada como aguda o cronica",,015A,120A
J410,Bronquitis cronica simple,,028D,120A
J411,Bronquitis cronica mucopurulenta,,028D,120A
J418,Bronquitis cronica mixta simple y mucopurulenta,,028D,120A
J42X,Bronquitis cronica no especificada,,028D,120A
J430,Sindrome de MacLeod,,028D,120A
J431,Enfisema panlobular,,028D,120A
J432,Enfisema centrolobular,,028D,120A
J438,Otros tipos de enfisema,,028D,120A
J439,"Enfisema, no especificado",,028D,120A
J440,Enfermedad pulmonar obstructiva cronica con infeccion aguda de las vias respiratorias inferiores,,028D,120A
J441,"Enfermedad pulmonar obstructiva cronica con exacerbacion aguda, no especificada",,028D,120A
J448,Otras enfermedades pulmonares obstructivas cronicas especificadas,,028D,120A
J449,"Enfermedad pulmonar obstructiva cronica, no especificada",,028D,120A
J450,Asma predominantemente alergica,,,
J451,Asma no alergica,,,
J458,Asma mixta,,,
J459,"Asma, no especificado",,,
J46X,Estado asmatico,,,
J47X,Bronquiectasia,,,
J60X,Neumoconiosis de los mineros del carbon,,018A,085A
J61X,Neumoconiosis debida al asbesto y a otras fibras minerales,,018A,085A
J620,Neumoconiosis debida a polvo de talco,,018A,085A
J628,Neumoconiosis debida a otros polvos que contienen silice,,018A,085A
J630,Aluminosis (del pulmon),,018A,085A
J631,Fibrosis (del pulmon) debida a bauxita,,018A,085A
J632,Beriliosis,,018A,085A
J633,Fibrosis (del pulmon) debida a grafito,,018A,085A
J634,Siderosis,,018A,085A
J635,Estanosis,,018A,085A
J638,Neumoconiosis debida a otros polvos inorganicos especificados,,018A,085A
J64X,"Neumoconiosis, no especificada",,018A,085A
J65X,Neumoconiosis asociada con tuberculosis,,018A,085A
J660,Bisinosis,,,
J661,Enfermedad de los trabajadores del lino,,,
J662,Canabinosis,,,
J668,Enfermedad de las vias aereas debida a otros polvos organicos especificos,,,
J670,Pulmon del granjero,,,
J671,Bagazosis,,,
J672,Pulmon del ornitofilo,,,
J673,Suberosis,,,
J674,Pulmon del manipulador de malta,,,
J675,Pulmon del manipulador de hongos,,,
J676,Pulmon del descortezador del arce,,,
J677,Neumonitis de la ventilacion debida al acondicionador y humidificador del aire,,,
J678,Neumonitis debidas a hipersensibilidad a otros polvos organicos,,,
J679,Neumonitis debida a hipersensibilidad a polvo organico no especificado,,,
J680,"Bronquitis y neumonitis debidas a inhalacion de gases, humos, vapores y sustancias quimicas",,,
J681,"Edema pulmonar agudo debido a inhalacion de gases, humos, vapores y sustancias quimicas",,,
J682,"Inflamacion respiratoria superior debida a inhalacion de gases, humos, vapores y sustancias quimicas, no clasificadas en otra parte",,,
J683,"Otras afecciones respiratorias agudas y subagudas debidas a inhalacion de gases, humos, vapores y sustancias quimicas",,,
J684,"Afecciones respiratorias cronicas debidas a inhalacion de gases, humos, vapores y sustancias quimicas",,,
J688,"Otras afecciones respiratorias debidas a inhalacion de gases, humos, vapores y sustancias quimicas",,,
J689,"Afeccion respiratoria no especificada, debida a inhalacion de gases, humos, vapores y sustancias quimicas",,,
J690,Neumonitis debida a aspiracion de alimento o vomito,,028D,120A
J691,Neumonitis debida a aspiracion de aceites y esencias,,028D,120A
J698,Neumonitis debida a aspiracion de otros solidos y liquidos,,028D,120A
J700,Manifestaciones pulmonares agudas debidas a radiacion,,,
J701,Manifestaciones pulmonares cronicas y otras manifestaciones debidas a radiacion,,028D,120A
J702,Trastornos pulmonares intersticiales agudos inducidos por drogas,,,
J703,Trastornos pulmonares intersticiales cronicos inducidos por drogas,,028D,120A
J704,Trastornos pulmonares intersticiales no especificados inducidos por drogas,,,
J708,Afecciones respiratorias debidas a otros agentes externos especificados,,,
J709,Afecciones respiratorias debidas a agentes externos no especificados,,,
J80X,Sindrome de dificultad respiratoria del adulto,,028D,120A
J81X,Edema pulmonar,,,
J82X,"Eosinofilia pulmonar, no clasificada en otra parte",,,
J840,Afecciones alveolares y alveoloparietales,,,
J841,Otras enfermedades pulmonares intersticiales con fibrosis,,,
J848,Otras enfermedades pulmonares intersticiales especificadas,,,
J849,"Enfermedad pulmonar intersticial, no especificada",,,
J850,Gangrena y necrosis del pulmon,,,
J851,Absceso del pulmon con neumonia,,,
J852,Absceso del pulmon sin neumonia,,,
J853,Absceso del mediastino,,,
J860,Piotorax con fistula,,,
J869,Piotorax sin fistula,,,
J90X,Derrame pleural no clasificado en otra parte,,,
J91X,Derrame pleural en afecciones clasificadas en otra parte,,,
J920,Paquipleuritis con asbestosis,,,
J929,Paquipleuritis sin asbestosis,,,
J930,Neumotorax espontaneo a presion,,028D,120A
J931,Otros tipos de neumotorax espontaneo,,028D,120A
J938,Otros neumotorax,,028D,120A
J939,"Neumotorax, no especificado",,028D,120A
J940,Quilotorax,,,
J941,Fibrotorax,,,
J942,Hemotorax,,028D,120A
J948,Otras afecciones especificadas de la pleura,,,
J949,"Afeccion pleural, no especificada",,,
J950,Funcionamiento defectuoso de la traqueostomia,,,
J951,Insuficiencia pulmonar aguda consecutiva a cirugia toracica,,,
J952,Insuficiencia pulmonar aguda consecutiva debida a cirugia extratoracica,,,
J953,Insuficiencia pulmonar cronica consecutiva a cirugia,,,
J954,Sindrome de Mendelson,,,
J955,Estenosis subglotica consecutiva a procedimientos,,,
J958,Otros trastornos respiratorios consecutivos a procedimientos,,,
J959,"Trastorno no especificado del sistema respiratorio, consecutivo a procedimientos",,,
J960,Insuficiencia respiratoria aguda,,028D,0120A
J961,Insuficiencia respiratoria cronica,,028D,0120A
J969,"Insuficiencia respiratoria, no especificada",,028D,0120A
J980,"Enfermedades de la traquea y de los bronquios, no clasificadas en otra parte",,,
J981,Colapso pulmonar,,028D,120A
J982,Enfisema intersticial,,028D,120A
J983,Enfisema compensatorio,,,
J984,Otros trastornos del pulmon,,,
J985,"Enfermedades del mediastino, no clasificadas en otra parte",,,
J986,Trastornos del diafragma,,,
J988,Otros trastornos respiratorios especificados,,,
J989,"Trastorno respiratorio, no especificado",,,
J990,Enfermedad pulmonar reumatoide,,,
J991,Trastornos respiratorios en otros trastornos difusos del tejido conjuntivo,,,
J998,Trastornos respiratorios en otras enfermedades clasificadas en otra parte,,,
K000,Anodoncia,,000H,120A
K001,Dientes supernumerarios,,006M,120A
K002,Anomalias del tamano y de la forma del diente,,006M,120A
K003,Dientes moteados,,006M,120A
K004,Alteraciones en la formacion dentaria,,000H,025A
K005,"Alteraciones hereditarias de la estructura dentaria, no clasificadas en otra parte",,,
K006,Alteraciones en la erupcion dentaria,,000H,025A
K007,Sindrome de la erupcion dentaria,,000H,025A
K008,Otros trastornos del desarrollo de los dientes,,000H,025A
K009,"Trastorno del desarrollo de los dientes, no especificado",,000H,025A
K010,Dientes incluidos,,006M,120A
K011,Dientes impactados,,006M,120A
K020,Caries limitada al esmalte,,006M,120A
K021,Caries de la dentina,,006M,120A
K022,Caries del cemento,,006M,120A
K023,Caries dentaria detenida,,006M,120A
K024,Odontoclasia,,006M,120A
K025,Caries con exposición pulpar,,006M,120A
K028,Otras caries dentales,,006M,120A
K029,"Caries dental, no especificada",,006M,120A
K030,Atricion excesiva de los dientes,,006M,120A
K031,Abrasion de los dientes,,006M,120A
K032,Erosion de los dientes,,006M,120A
K033,Reabsorcion patologica de los dientes,,006M,120A
K034,Hipercementosis,,006M,120A
K035,Anquilosis dental,,006M,120A
K036,Depositos [acreciones] en los dientes,,006M,120A
K037,Cambios posteruptivos del color de los tejidos dentales duros,,006M,120A
K038,Otras enfermedades especificadas de los tejidos duros de los dientes,,006M,120A
K039,Enfermedad no especificada de los tejidos dentales duros,,006M,120A
K040,Pulpitis,,006M,120A
K041,Necrosis de la pulpa,,006M,120A
K042,Degeneracion de la pulpa,,006M,120A
K043,Formacion anormal de tejido duro en la pulpa,,006M,120A
K044,Periodontitis apical aguda originada en la pulpa,,006M,120A
K045,Periodontitis apical cronica,,006M,120A
K046,Absceso periapical con fistula,,006M,120A
K047,Absceso periapical sin fistula,,006M,120A
K048,Quiste radicular,,006M,120A
K049,Otras enfermedades y las no especificadas de la pulpa y del tejido periapical,,006M,120A
K050,Gingivitis aguda,,,
K051,Gingivitis cronica,,028D,120A
K052,Periodontitis aguda,,002A,120A
K053,Periodontitis cronica,,002A,120A
K054,Periodontosis,,002A,120A
K055,Otras enfermedades periodontales,,002A,120A
K056,"Enfermedad del periodonto, no especificada",,002A,120A
K060,Retraccion gingival,,,
K061,Hiperplasia gingival,,,
K062,Lesiones de la encia y de la zona edentula asociadas con traumatismo,,,
K068,Otros trastornos especificados de la encia y de la zona edentula,,,
K069,Trastorno no especificado de la encia y de la zona edentula,,,
K070,Anomalias evidentes del tamano de los maxilares,,,
K071,Anomalias de la relacion maxilobasilar,,,
K072,Anomalias de la relacion entre los arcos dentarios,,,
K073,Anomalias de la posicion del diente,,,
K074,Maloclusion de tipo no especificado,,002A,120A
K075,Anomalias dentofaciales funcionales,,,
K076,Trastornos de la articulacion temporomaxilar,,,
K078,Otras anomalias dentofaciales,,,
K079,"Anomalia dentofacial, no especificada",,,
K080,Exfoliacion de los dientes debida a causas sistemicas,,,
K081,"Perdida de dientes debida a accidente, extraccion o enfermedad periodontal local",,,
K082,Atrofia del reborde alveolar desdentado,,,
K083,Raiz dental retenida,,,
K088,Otras afecciones especificadas de los dientes y de sus estructuras de sosten,,,
K089,"Trastorno de los dientes y de sus estruturas de sosten, no especificado",,,
K090,Quistes originados por el desarrollo de los dientes,,,
K091,Quistes de las fisuras de la region oral (no odontogenicos),,,
K092,Otros quistes de los maxilares,,,
K098,"Otros quistes de la region bucal, no clasificados en otra parte",,,
K099,"Quiste de la region bucal, sin otra especificacion",,,
K100,Trastornos del desarrollo de los maxilares,,,
K101,Granuloma central de celulas gigantes,,,
K102,Afecciones inflamatorias de los maxilares,,,
K103,Alveolitis del maxilar,,,
K108,Otras enfermedades especificadas de los maxilares,,,
K109,"Enfermedad de los maxilares, no especificada",,,
K110,Atrofia de glandula salival,,,
K111,Hipertrofia de glandula salival,,,
K112,Sialadenitis,,,
K113,Absceso de glandula salival,,,
K114,Fistula de glandula salival,,,
K115,Sialolitiasis,,,
K116,Mucocele de glandula salival,,,
K117,Alteraciones de la secrecion salival,,,
K118,Otras enfermedades de las glandulas salivales,,,
K119,"Enfermedad de glandula salival, no especificada",,,
K120,Estomatitis aftosa recurrente,,,
K121,Otras formas de estomatitis,,,
K122,Celulitis y absceso de boca,,,
K123,Mucositis oral (ulcerativa),,,
K130,Enfermedades de los labios,,,
K131,Mordedura del labio y de la mejilla,,006M,120A
K132,"Leucoplasia y otras alteraciones del epitelio bucal, incluyendo la lengua",,,
K133,Leucoplasia pilosa,,,
K134,Granuloma y lesiones semejantes de la mucosa bucal,,,
K135,Fibrosis de la submucosa bucal,,,
K136,Hiperplasia irritativa de la mucosa bucal,,,
K137,Otras lesiones y las no especificadas de la mucosa bucal,,,
K140,Glositis,,,
K141,Lengua geografica,,,
K142,Glositis romboidea mediana,,,
K143,Hipertrofia de las papilas linguales,,,
K144,Atrofia de las papilas linguales,,,
K145,Lengua plegada,,,
K146,Glosodinia,,,
K148,Otras enfermedades de la lengua,,,
K149,"Enfermedad de la lengua, no especificada",,,
K20X,Esofagitis,,,
K210,Enfermedad del reflujo gastroesofagico con esofagitis,,,
K219,Enfermedad del reflujo gastroesofagico sin esofagitis,,,
K220,Acalasia del cardias,,,
K221,ulcera del esofago,,,
K222,Obstruccion del esofago,,,
K223,Perforacion del esofago,,,
K224,Disquinesia del esofago,,,
K225,"Diverticulo del esofago, adquirido",,,
K226,Sindrome de laceracion y hemorragia gastroesofagicas,,,
K227,Esofago de Barrett        ,,,
K228,Otras enfermedades especificadas del esofago,,,
K229,"Enfermedad del esofago, no especificada",,,
K230,Esofagitis tuberculosa,,,
K231,Megaesofago en la enfermedad de Chagas,,,
K238,Trastornos del esofago en otras enfermedades clasificadas en otra parte,,,
K250,"ulcera gastrica, aguda con hemorragia",,028D,120A
K251,"ulcera gastrica, aguda con perforacion",,028D,120A
K252,"ulcera gastrica, aguda con hemorragia y perforacion",,028D,120A
K253,"ulcera gastrica, aguda sin hemorragia ni perforacion",,028D,120A
K254,"ulcera gastrica, cronica o no especificada, con hemorragia",,028D,120A
K255,"ulcera gastrica, cronica o no especificada, con perforacion",,028D,120A
K256,"ulcera gastrica, cronica o no especificada, con hemorragia y perforacion",,028D,120A
K257,"ulcera gastrica, cronica sin hemorragia ni perforacion",,028D,120A
K259,"ulcera gastrica, no especificada como aguda ni cronica, sin hemorragia ni perforacion",,028D,120A
K260,"ulcera duodenal, aguda con hemorragia",,028D,120A
K261,"ulcera duodenal, aguda con perforacion",,028D,120A
K262,"ulcera duodenal, aguda con hemorragia y perforacion",,028D,120A
K263,"ulcera duodenal, aguda sin hemorragia ni perforacion",,028D,120A
K264,"ulcera duodenal, cronica o no especificada, con hemorragia",,028D,120A
K265,"ulcera duodenal, cronica o no especificada, con perforacion",,028D,120A
K266,"ulcera duodenal, cronica o no especificada, con hemorragia y perforacion",,028D,120A
K267,"ulcera duodenal, cronica sin hemorragia ni perforacion",,028D,120A
K269,"ulcera duodenal, no especificada como aguda ni cronica, sin hemorragia ni perforacion",,028D,120A
K270,"ulcera peptica, de sitio no especificado, aguda con hemorragia",,028D,120A
K271,"ulcera peptica, de sitio no especificado, aguda con perforacion",,028D,120A
K272,"ulcera peptica, de sitio no especificado, aguda con hemorragia y perforacion",,028D,120A
K273,"ulcera peptica, de sitio no especificado, aguda sin hemorragia ni perforacion",,028D,120A
K274,"ulcera peptica, de sitio no especificado, cronica o no especificada, con hemorragia",,028D,120A
K275,"ulcera peptica, de sitio no especificado, cronica o no especificada, con perforacion",,028D,120A
K276,"ulcera peptica, de sitio no especificado, cronica o no especificada, con hemorragia y perforacion",,028D,120A
K277,"ulcera peptica, de sitio no especificado, cronica sin  hemorragia ni perforacion",,028D,120A
K279,"ulcera peptica, de sitio no especificado, no especificada como aguda ni cronica, sin  hemorragia ni perforacion",,028D,120A
K280,"ulcera gastroyeyunal, aguda con hemorragia",,,
K281,"ulcera gastroyeyunal, aguda con perforacion",,,
K282,"ulcera gastroyeyunal, aguda con hemorragia y perforacion",,,
K283,"ulcera gastroyeyunal, aguda sin hemorragia ni perforacion",,,
K284,"ulcera gastroyeyunal, cronica o no especificada, con hemorragia",,,
K285,"ulcera gastroyeyunal, cronica o no especificada, con perforacion",,,
K286,"ulcera gastroyeyunal, cronica o no especificada, con hemorragia y perforacion",,,
K287,"ulcera gastroyeyunal, cronica sin hemorragia ni perforacion",,,
K289,"ulcera gastroyeyunal, no especificada como aguda ni cronica, sin hemorragia ni perforacion",,,
K290,Gastritis aguda hemorragica,,,
K291,Otras gastritis agudas,,,
K292,Gastritis alcoholica,,,
K293,Gastritis cronica superficial,,,
K294,Gastritis cronica atrofica,,,
K295,"Gastritis cronica, no especificada",,,
K296,Otras gastritis,,,
K297,"Gastritis, no especificada",,,
K298,Duodenitis,,,
K299,"Gastroduodenitis, no especificada",,,
K30X,Dispepsia funcional,,,
K310,Dilatacion aguda del estomago,,,
K311,Estenosis pilorica hipertrofica del adulto,,018A,120A
K312,Estrechez o estenosis del estomago en reloj de arena,,,
K313,"Espasmo del piloro, no clasificado en otra parte",,,
K314,Diverticulo gastrico,,,
K315,Obstruccion del duodeno,,,
K316,Fistula del estomago y del duodeno,,,
K317,Polipo del estomago y del duodeno,,,
K318,Otras enfermedades especificadas del estomago y del duodeno,,,
K319,"Enfermedad del estomago y del duodeno, no especificada",,,
K352,Apendicitis aguda con peritonitis generalizada,,,
K353,Apendicitis aguda con peritonitis localizada,,,
K358,"Otras apendicitis agudas, y las no especificadas",,,
K36X,Otros tipos de apendicitis,,,
K37X,"Apendicitis, no especificada",,,
K380,Hiperplasia del apendice,,,
K381,Concreciones apendiculares,,,
K382,Diverticulo del apendice,,,
K383,Fistula del apendice,,,
K388,Otras enfermedades especificadas del apendice,,,
K389,"Enfermedad del apendice, no especificada",,,
K400,"Hernia inguinal bilateral con obstruccion, sin gangrena",,,
K401,"Hernia inguinal bilateral, con gangrena",,,
K402,"Hernia inguinal bilateral, sin obstruccion ni gangrena",,,
K403,"Hernia inguinal unilateral o no especificada, con obstruccion, sin gangrena",,,
K404,"Hernia inguinal unilateral o no especificada, con gangrena",,,
K409,"Hernia inguinal unilateral o no especificada, sin obstruccion ni gangrena",,,
K410,"Hernia femoral bilateral, con obstruccion, sin gangrena",,,
K411,"Hernia femoral bilateral, con gangrena",,,
K412,"Hernia femoral bilateral, sin obstruccion ni gangrena",,,
K413,"Hernia femoral unilateral o no especificada, con obstruccion, sin gangrena",,,
K414,"Hernia femoral unilateral o no especificada, con gangrena",,,
K419,"Hernia femoral unilateral o no especificada, sin obstruccion ni gangrena",,,
K420,"Hernia umbilical con obstruccion, sin gangrena",,,
K421,Hernia umbilical con gangrena,,,
K429,Hernia umbilical sin obstruccion ni gangrena,,,
K430,"Hernia incisional con obstruccion, sin gangrena",,,
K431,Hernia incisional con gangrena,,,
K432,Hernia incisional sin obstrucción o gangrena,,,
K433,"Hernia paraestomal con obstrucción, sin gangrena",,,
K434,Hernia paraestomal con gangrena,,,
K435,Hernia paraestomal sin obstrucción o gangrena,,,
K436,"Otras hernias ventrales y las no especificadas con obstrucción, sin gangrena",,,
K437,Otras hernias ventrales y las no especificadas con gangrena,,,
K439,Otras hernias ventrales y las no especificadas sin obstruccion o gangrena,,,
K440,"Hernia diafragmatica con obstruccion, sin gangrena",,,
K441,Hernia diafragmatica con gangrena,,,
K449,Hernia diafragmatica sin obstruccion ni gangrena,,,
K450,"Otras hernias de la cavidad abdominal especificadas, con obstruccion, sin gangrena",,,
K451,"Otras hernias de la cavidad abdominal especificadas, con gangrena",,,
K458,"Otras hernias de la cavidad abdominal especificadas, sin obstruccion ni gangrena",,,
K460,"Hernia abdominal no especificada, con obstruccion, sin gangrena",,,
K461,"Hernia abdominal no especificada, con gangrena",,,
K469,"Hernia abdominal no especificada, sin obstruccion ni gangrena",,,
K500,Enfermedad de Crohn del intestino delgado,,,
K501,Enfermedad de Crohn del intestino grueso,,,
K508,Otros tipos de enfermedad de Crohn,,,
K509,"Enfermedad de Crohn, no especificada",,,
K510,Pancolitis ulcerativa (cronica) ,,,
K512,Proctitis (cronica) ulcerativa,,,
K513,Rectosigmoiditis (cronica) ulcerativa,,,
K514,Polipos inflamatorios,,,
K515,Colitis del lado izquierdo,,,
K518,Otras colitis ulcerativas,,,
K519,"Colitis Ulcerativa, sin otra especificacion",,,
K520,Colitis y gastroenteritis debidas a radiacion,,,
K521,Colitis y gastroenteritis toxicas,,,
K522,Colitis y gastroenteritis alergicas y dieteticas,,,
K523,Colitis de etiología indeterminada,,,
K528,Otras colitis y gastroenteritis no infecciosas especificadas,,,
K529,"Colitis y gastroenteritis no infecciosas, no especificadas",,028D,120A
K550,Trastorno vascular agudo de los intestinos,,,
K551,Trastorno vascular cronico del intestino,,028D,120A
K552,Angiodisplasia del colon,,,
K558,Otros trastornos vasculares del intestino,,,
K559,"Trastorno vascular del intestino, no especificado",,,
K560,ileo paralitico,,028D,120A
K561,Invaginacion,,028D,120A
K562,Volvulo,,028D,120A
K563,ileo por calculo biliar,,028D,120A
K564,Otras obstrucciones del intestino,,028D,120A
K565,Adherencias [bridas] intestinales con obstruccion,,028D,120A
K566,Otras obstrucciones intestinales y las no especificadas,,028D,120A
K567,"ileo, no especificado",,028D,120A
K570,Enfermedad diverticular del intestino delgado con perforacion y absceso,,,
K571,Enfermedad diverticular del intestino delgado sin perforacion ni absceso,,,
K572,Enfermedad diverticular del intestino grueso con perforacion y absceso,,,
K573,Enfermedad diverticular del intestino grueso sin perforacion ni absceso,,,
K574,Enfermedad diverticular de ambos intestinos con perforacion y absceso,,,
K575,"Enfermedad diverticular de ambos intestinos, sin perforacion ni absceso",,,
K578,"Enfermedad diverticular del intestino, parte no especificada, con perforacion y absceso",,,
K579,"Enfermedad diverticular del intestino, parte no especificada, sin perforacion ni absceso",,,
K580,Sindrome del colon irritable con diarrea,,,
K589,Sindrome del colon irritable sin diarrea,,,
K590,Constipacion,,,
K591,Diarrea funcional,,,
K592,"Intestino neurogenico, no clasificado en otra parte",,,
K593,"Megacolon, no clasificado en otra parte",,,
K594,Espasmo anal,,,
K598,Otros trastornos funcionales especificados del intestino,,,
K599,"Trastorno funcional intestinal, no especificado",,,
K600,Fisura anal aguda,,,
K601,Fisura anal cronica,,028D,120A
K602,"Fisura anal, no especificada",,,
K603,Fistula anal,,,
K604,Fistula rectal,,,
K605,Fistula anorrectal,,,
K610,Absceso anal,,,
K611,Absceso rectal,,,
K612,Absceso anorrectal,,,
K613,Absceso isquiorrectal,,,
K614,Absceso intraesfinteriano,,,
K620,Polipo anal,,,
K621,Polipo rectal,,,
K622,Prolapso anal,,,
K623,Prolapso rectal,,,
K624,Estenosis del ano y del recto,,,
K625,Hemorragia del ano y del recto,,,
K626,ulcera del ano y del recto,,,
K627,Proctitis por radiacion,,,
K628,Otras enfermedades especificadas del ano y del recto,,,
K629,"Enfermedad del ano y del recto, no especificada",,,
K630,Absceso del intestino,,,
K631,Perforacion del intestino (no traumatica),,,
K632,Fistula del intestino,,,
K633,ulcera del intestino,,,
K634,Enteroptosis,,,
K635,Polipo del colon,,,
K638,Otras enfermedades especificadas del intestino,,,
K639,"Enfermedad del intestino, no especificada",,,
K640,Hemorroides de primer grado,,,
K641,Hemorroides de segundo grado,,,
K642,Hemorroides de tercer grado,,,
K643,Hemorroides de cuarto grado,,,
K644,"Marcas residuales en la piel, de hemorroides",,,
K645,Trombosis venosa perianal,,,
K648,Otras hemorroides especificadas,,,
K649,"Hemorroides, sin otra especificación",,,
K650,Peritonitis aguda,,028D,120A
K658,Otras peritonitis,,028D,120A
K659,"Peritonitis, no especificada",,028D,120A
K660,Adherencias peritoneales,,,
K661,Hemoperitoneo,,,
K668,Otros trastornos especificados del peritoneo,,,
K669,"Trastorno del peritoneo, no especificado",,,
K670,Peritonitis por clamidias,,,
K671,Peritonitis gonococica,,,
K672,Peritonitis sifilitica,,,
K673,Peritonitis tuberculosa,,,
K678,Otros trastornos del peritoneo en enfermedades infecciosas clasificadas en otra parte,,,
K700,Higado alcoholico adiposo,,010A,120A
K701,Hepatitis alcoholica,,010A,120A
K702,"Fibrosis y esclerosis del higado, alcoholica",,010A,120A
K703,Cirrosis hepatica alcoholica,,010A,120A
K704,Insuficiencia hepatica alcoholica,,010A,120A
K709,"Enfermedad hepatica alcoholica, no especificada",,010A,120A
K710,"Enfermedad toxica del higado, con colestasis",,,
K711,Enfermedad toxica del higado con necrosis hepatica,,,
K712,Enfermedad toxica del higado con hepatitis aguda,,,
K713,Enfermedad toxica del higado con hepatitis cronica persistente,,028D,120A
K714,Enfermedad toxica del higado con hepatitis cronica lobular,,028D,120A
K715,Enfermedad toxica del higado con hepatitis cronica activa,,028D,120A
K716,Enfermedad toxica del higado con hepatitis no clasificada en otra parte,,,
K717,Enfermedad toxica del higado con cirrosis y fibrosis del higado,,,
K718,Enfermedad toxica del higado con otros trastornos hepaticos,,,
K719,"Enfermedad toxica del higado, no especificada",,,
K720,Insuficiencia hepatica aguda o subaguda,,028D,120A
K721,Insuficiencia hepatica cronica,,028D,120A
K729,"Insuficiencia hepatica, no especificada",,028D,120A
K730,"Hepatitis cronica persistente, no clasificada en otra parte",,002M,120A
K731,"Hepatitis cronica lobular, no clasificada en otra parte",,002M,120A
K732,"Hepatitis cronica activa, no clasificada en otra parte",,002M,120A
K738,"Otras hepatitis cronicas, no clasificadas en otra parte",,002M,120A
K739,"Hepatitis cronica, no especificada",,002M,120A
K740,Fibrosis hepatica,,028D,120A
K741,Esclerosis hepatica,,028D,120A
K742,Fibrosis hepatica con esclerosis hepatica,,028D,120A
K743,Cirrosis biliar primaria,,028D,120A
K744,Cirrosis biliar secundaria,,028D,120A
K745,"Cirrosis biliar, no especificada",,028D,120A
K746,Otras cirrosis del higado y las no especificadas,,028D,120A
K750,Absceso del higado,,,
K751,Flebitis de la vena porta,,,
K752,Hepatitis reactiva no especificada,,,
K753,"Hepatitis granulomatosa, no clasificada en otra parte",,,
K754,Hepatitis autoinmune,,,
K758,"Otras enfermedades inflamatorias del higado, especificadas",,,
K759,"Enfermedad inflamatoria del higado, no especificada",,,
K760,"Degeneracion grasa del higado, no clasificada en otra parte",,,
K761,Congestion pasiva cronica del higado,,028D,120A
K762,Necrosis hemorragica central del higado,,,
K763,Infarto del higado,,,
K764,Peliosis hepatica,,,
K765,Enfermedad veno-oclusiva del higado,,,
K766,Hipertension portal,,,
K767,Sindrome hepatorrenal,,,
K768,Otras enfermedades especificadas del higado,,,
K769,"Enfermedad del higado, no especificada",,,
K770,Trastornos del higado en enfermedades infecciosas y parasitarias clasificadas en otra parte,,,
K778,Trastornos del higado en otras enfermedades clasificadas en otra parte,,,
K800,Calculo de la vesicula biliar con colecistitis aguda,,010A,120A
K801,Calculo de la vesicula biliar con otra colecistitis,,010A,120A
K802,Calculo de la vesicula biliar sin colecistitis,,010A,120A
K803,Calculo de conducto biliar con colangitis,,010A,120A
K804,Calculo de conducto biliar con colecistitis,,010A,120A
K805,Calculo de conducto biliar sin colangitis ni colecistitis,,010A,120A
K808,Otras colelitiasis,,010A,120A
K810,Colecistitis aguda,,005A,120A
K811,Colecistitis cronica,,010A,120A
K818,Otras colecistitis,,005A,120A
K819,"Colecistitis, no especificada",,005A,120A
K820,Obstruccion de la vesicula biliar,,005A,120A
K821,Hidropesia de la vesicula biliar,,005A,120A
K822,Perforacion de la vesicula biliar,,005A,120A
K823,Fistula de la vesicula biliar,,005A,120A
K824,Colesterolosis de la vesicula biliar,,005A,120A
K828,Otras enfermedades especificadas de la vesicula biliar,,005A,120A
K829,"Enfermedad de la vesicula biliar, no especificada",,005A,120A
K830,Colangitis,,,
K831,Obstruccion del conducto biliar,,,
K832,Perforacion del conducto biliar,,,
K833,Fistula del conducto biliar,,,
K834,Espasmo del esfinter de Oddi,,,
K835,Quiste biliar,,,
K838,Otras enfermedades especificadas de las vias biliares,,,
K839,"Enfermedad de las vias biliares, no especificada",,,
K850,Pancreatitis idiopatica aguda,,,
K851,Pancreatitis biliar aguda,,,
K852,Pancreatitis aguda inducida por alcohol,,,
K853,Pancreatitits aguda inducida por drogas,,,
K858,Otras pancreatitis agudas,,,
K859,"Pancreatitis aguda, no especificada",,,
K860,Pancreatitis cronica inducida por el alcohol,,,
K861,Otras pancreatitis cronicas,,,
K862,Quiste del pancreas,,,
K863,Seudoquiste del pancreas,,,
K868,Otras enfermedades especificadas del pancreas,,,
K869,"Enfermedad del pancreas, no especificada",,,
K870,Trastornos de la vesicula biliar y de las vias biliares en enfermedades clasificadas en otra parte,,,
K871,Trastornos del pancreas en enfermedades clasificadas en otra parte,,,
K900,Enfermedad celiaca,,,
K901,Esprue tropical,,,
K902,"Sindrome del asa ciega, no clasificado en otra parte",,,
K903,Esteatorrea pancreatica,,,
K904,"Malabsorcion debida a intolerancia, no clasificada en otra parte",,,
K908,Otros tipos de malabsorcion intestinal,,,
K909,"Malabsorcion intestinal, no especificada",,,
K910,Vomito postcirugia gastrointestinal,,,
K911,Sindromes consecutivos a la cirugia gastrica,,,
K912,"Malabsorcion postquirurgica, no clasificada en otra parte",,,
K913,Obstruccion intestinal postoperatoria,,,
K914,Disfuncion de colostomia o enterostomia,,,
K915,Sindrome de postcolecistectomia,,,
K918,"Otros trastornos del sistema digestivo consecutivos a procedimientos, no clasificados en otra parte",,,
K919,Trastorno no especificado del sistema digestivo consecutivo a procedimientos,,,
K920,Hematemesis,,028D,120A
K921,Melena,,028D,120A
K922,"Hemorragia gastrointestinal, no especificada",,028D,120A
K928,Otras enfermedades especificadas del sistema digestivo,,,
K929,"Enfermedad del sistema digestivo, no especificada",,,
K930,"Trastornos tuberculosos del intestino, peritoneo y ganglios mesentericos",,,
K931,Megacolon en la enfermedad de Chagas,,,
K938,Trastornos de otros organos digestivos especificados en enfermedades clasificadas en otra parte,,,
L00X,Sindrome estafilococico de la piel escaldada,,,
L010,Impetigo [cualquier sitio anatomico] [cualquier organismo],,,
L011,Impetiginizacion de otras dermatosis,,,
L020,"Absceso cutaneo, furunculo y antrax de la cara",,,
L021,"Absceso cutaneo, furunculo y antrax del cuello",,,
L022,"Absceso cutaneo, furunculo y antrax del tronco",,,
L023,"Absceso cutaneo, furunculo y antrax de gluteos",,,
L024,"Absceso cutaneo, furunculo y antrax de miembro",,,
L028,"Absceso cutaneo, furunculo y antrax de otros sitios",,,
L029,"Absceso cutaneo, furunculo y antrax de sitio no especificado",,,
L030,Celulitis de los dedos de la mano y del pie,,,
L031,Celulitis de otras partes de los miembros,,,
L032,Celulitis de la cara,,,
L033,Celulitis del tronco,,,
L038,Celulitis de otros sitios,,,
L039,Celulitis de sitio no especificado,,,
L040,"Linfadenitis aguda de cara, cabeza y cuello",,,
L041,Linfadenitis aguda del tronco,,,
L042,Linfadenitis aguda del miembro superior,,,
L043,Linfadenitis aguda del miembro inferior,,,
L048,Linfadenitis aguda de otros sitios,,,
L049,Linfadenitis aguda de sitio no especificado,,,
L050,Quiste pilonidal con absceso,,,
L059,Quiste pilonidal sin absceso,,,
L080,Pioderma,,,
L081,Eritrasma,,,
L088,Otras infecciones locales especificadas de la piel y del tejido subcutaneo,,,
L089,"Infeccion local de la piel y del tejido subcutaneo, no especificada",,,
L100,Penfigo vulgar,,028D,120A
L101,Penfigo vegetante,,028D,120A
L102,Penfigo foliaceo,,028D,120A
L103,Penfigo brasileno [fogo selvagem],,028D,120A
L104,Penfigo eritematoso,,028D,120A
L105,Penfigo inducido por drogas,,028D,120A
L108,Otros penfigos,,028D,120A
L109,"Penfigo, no especificado",,028D,120A
L110,Queratosis folicular adquirida,,,
L111,Dermatosis acantolitica transitoria [Grover],,,
L118,Otros trastornos acantoliticos especificados,,,
L119,"Trastorno acantolitico, no especificado",,,
L120,Penfigoide flictenular,,,
L121,Penfigoide cicatricial,,,
L122,Enfermedad flictenular cronica de la infancia,,028D,009A
L123,Epidermolisis bullosa adquirida,,,
L128,Otros penfigoides,,,
L129,"Penfigoide, no especificado",,,
L130,Dermatitis herpetiforme,,,
L131,Dermatitis pustulosa subcorneal,,,
L138,Otros trastornos flictenulares especificados,,,
L139,"Trastorno flictenular, no especificado",,,
L14X,Trastornos flictenulares en enfermedades clasificadas en otra parte,,,
L200,Prurigo de Besnier,,,
L208,Otras dermatitis atopicas,,,
L209,"Dermatitis atopica, no especificada",,,
L210,Seborrea capitis,,,
L211,Dermatitis seborreica infantil,,000H,009A
L218,Otras dermatitis seborreicas,,,
L219,"Dermatitis seborreica, no especificada",,,
L22X,Dermatitis del panal,,,
L230,Dermatitis alergica de contacto debida a metales,,,
L231,Dermatitis alergica de contacto debida a adhesivos,,,
L232,Dermatitis alergica de contacto debida a cosmeticos,,,
L233,Dermatitis alergica de contacto debida a drogas en contacto con la piel,,,
L234,Dermatitis alergica de contacto debida a colorantes,,,
L235,Dermatitis alergica de contacto debida a otros productos quimicos,,,
L236,Dermatitis alergica de contacto debida a alimentos en contacto con la piel,,,
L237,"Dermatitis alergica de contacto debida a plantas, excepto las alimenticias",,,
L238,Dermatitis alergica de contacto debida a otros agentes,,,
L239,"Dermatitis alergica de contacto, de causa no especificada",,,
L240,"Dermatitis de contacto por irritantes, debida a detergentes",,,
L241,"Dermatitis de contacto por irritantes, debida a aceites y grasas",,,
L242,"Dermatitis de contacto por irritantes, debida a disolventes",,,
L243,"Dermatitis de contacto por irritantes, debida a cosmeticos",,,
L244,"Dermatitis de contacto por irritantes, debida a drogas en contacto con la piel",,,
L245,"Dermatitis de contacto por irritantes, debida a otros productos quimicos",,,
L246,"Dermatitis de contacto por irritantes, debida a alimentos en contacto con la piel",,,
L247,"Dermatitis de contacto por irritantes, debida a plantas, excepto las alimenticias",,,
L248,"Dermatitis de contacto por irritantes, debida a otros agentes",,,
L249,"Dermatitis de contacto por irritantes, de causa no especificada",,,
L250,"Dermatitis de contacto, forma no especificada, debida a cosmeticos",,,
L251,"Dermatitis de contacto, forma no especificada, debida a drogas en contacto con la piel",,,
L252,"Dermatitis de contacto, forma no especificada, debida a colorantes",,,
L253,"Dermatitis de contacto, forma no especificada, debida a otros productos quimicos",,,
L254,"Dermatitis de contacto, forma no especificada, debida a alimentos en contacto con la piel",,,
L255,"Dermatitis de contacto, forma no especificada, debida a plantas, excepto las alimenticias",,,
L258,"Dermatitis de contacto, forma no especificada, debida a otros agentes",,,
L259,"Dermatitis de contacto, forma y causa no especificadas",,,
L26X,Dermatitis exfoliativa,,,
L270,Erupcion cutanea generalizada debida a drogas y medicamentos,,,
L271,Erupcion cutanea localizada debida a drogas y medicamentos,,,
L272,Dermatitis debida a ingestion de alimentos,,,
L278,Dermatitis debida a otras sustancias ingeridas,,,
L279,Dermatitis debida a sustancias ingeridas no especificadas,,,
L280,Liquen simple cronico,,,
L281,Prurigo nodular,,,
L282,Otros prurigos,,,
L290,Prurito anal,,,
L291,Prurito escrotal,1,,
L292,Prurito vulvar,2,,
L293,"Prurito anogenital, no especificado",,,
L298,Otros pruritos,,,
L299,"Prurito, no especificado",,,
L300,Dermatitis numular,,,
L301,Dishidrosis [ponfolix],,,
L302,Autosensibilizacion cutanea,,,
L303,Dermatitis infecciosa,,,
L304,Eritema intertrigo,,,
L305,Pitiriasis alba,,,
L308,Otras dermatitis especificadas,,,
L309,"Dermatitis, no especificada",,,
L400,Psoriasis vulgar,,,
L401,Psoriasis pustulosa generalizada,,,
L402,Acrodermatitis continua,,,
L403,Pustulosis palmar y plantar,,,
L404,Psoriasis guttata,,,
L405,Artropatia psoriasica,,,
L408,Otras psoriasis,,,
L409,"Psoriasis, no especificada",,,
L410,Pitiriasis liquenoide y varioliforme aguda,,,
L411,Pitiriasis liquenoide cronica,,,
L413,Parapsoriasis en placas pequenas,,,
L414,Parapsoriasis en placas grandes,,,
L415,Parapsoriasis retiforme,,,
L418,Otras parapsoriasis,,,
L419,"Parapsoriasis, no especificada",,,
L42X,Pitiriasis rosada,,,
L430,Liquen plano hipertrofico,,,
L431,Liquen plano flictenular,,,
L432,Reaccion liquenoide debida a drogas,,,
L433,Liquen plano subagudo (activo),,,
L438,Otros liquenes planos,,,
L439,"Liquen plano, no especificado",,,
L440,Pitiriasis rubra pilaris,,,
L441,Liquen nitido,,,
L442,Liquen estriado,,,
L443,Liquen rojo moniliforme,,,
L444,Acrodermatitis papular infantil [Giannotti-Crosti],,028D,009A
L448,Otros trastornos papuloescamosos especificados,,,
L449,"Trastorno papuloescamoso, no especificado",,,
L45X,Trastornos papuloescamosos en enfermedades clasificadas en otra parte,,,
L500,Urticaria alergica,,028D,120A
L501,Urticaria idiopatica,,028D,120A
L502,Urticaria debida al calor y al frio,,028D,120A
L503,Urticaria dermatografica,,028D,120A
L504,Urticaria vibratoria,,028D,120A
L505,Urticaria colinergica,,028D,120A
L506,Urticaria por contacto,,028D,120A
L508,Otras urticarias,,028D,120A
L509,"Urticaria, no especificada",,028D,120A
L510,Eritema multiforme no flictenular,,,
L511,Eritema multiforme flictenular,,,
L512,Necrolisis epidermica toxica [Lyell],,,
L518,Otros eritemas multiformes,,,
L519,"Eritema multiforme, no especificado",,,
L52X,Eritema nudoso,,,
L530,Eritema toxico,,028D,120A
L531,Eritema anular centrifugo,,,
L532,Eritema marginado,,,
L533,Otros eritemas figurados cronicos,,,
L538,Otras afecciones eritematosas especificadas,,,
L539,"Afeccion eritematosa, no especificada",,028D,120A
L540,Eritema marginado en la fiebre reumatica aguda,,,
L548,Eritema en otras enfermedades clasificadas en otra parte,,,
L550,Quemadura solar de primer grado,,,
L551,Quemadura solar de segundo grado,,,
L552,Quemadura solar de tercer grado,,,
L558,Otras quemaduras solares,,,
L559,"Quemadura solar, no especificada",,,
L560,Respuesta fototoxica a drogas,,,
L561,Respuesta fotoalergica a drogas,,,
L562,Dermatitis por fotocontacto [dermatitis de berloque],,,
L563,Urticaria solar,,,
L564,Erupcion polimorfa a la luz,,,
L568,Otros cambios agudos especificados de la piel debidos a radiacion ultravioleta,,,
L569,"Cambio agudo de la piel debido a radiacion ultravioleta, sin otra especificacion",,,
L570,Queratosis actinica,,,
L571,Reticuloide actinico,,,
L572,Piel romboidal de la nuca,,,
L573,Poiquilodermia de Civatte,,,
L574,Piel laxa senil,,065A,120A
L575,Granuloma actinico,,,
L578,Otros cambios de la piel debidos a exposicion cronica a radiacion no ionizante,,,
L579,"Cambios de la piel debidos a exposicion cronica a radiacion no ionizante, sin otra especificacion",,,
L580,Radiodermatitis aguda,,,
L581,Radiodermatitis cronica,,,
L589,"Radiodermatitis, no especificada",,,
L590,Eritema ab igne [dermatitis ab igne],,,
L598,Otros trastornos especificados de la piel y del tejido subcutaneo relacionados con radiacion,,,
L599,Trastornos no especificados de la piel y del tejido subcutaneo relacionados con radiacion,,,
L600,Una encarnada,,,
L601,Onicolisis,,,
L602,Onicogriposis,,,
L603,Distrofia ungueal,,,
L604,Lineas de Beau,,,
L605,Sindrome de la una amarilla,,,
L608,Otros trastornos de las unas,,,
L609,"Trastorno de la una, no especificado",,,
L620,Una deforme de la paquidermoperiostosis,,,
L628,Trastornos de las unas en otras enfermedades clasificadas en otra parte,,,
L630,Alopecia (capitis) total,,,
L631,Alopecia universal,,,
L632,Ofiasis,,,
L638,Otras alopecias areatas,,,
L639,"Alopecia areata, no especificada",,,
L640,"Alopecia androgena, inducida por drogas",,,
L648,Otras alopecias androgenas,,,
L649,"Alopecia androgena, no especificada",,,
L650,Perdida capilar telogena,,,
L651,Perdida capilar anagena,,,
L652,Alopecia mucinosa,,,
L658,Otras perdidas especificadas no cicatriciales del pelo,,,
L659,"Perdida no cicatricial del pelo, sin otra especificacion",,,
L660,Seudopelada,,,
L661,Liquen plano pilaris,,,
L662,Foliculitis decalvante,,,
L663,Perifoliculitis capitis abscedens,,,
L664,Foliculitis uleritematosa reticulada,,,
L668,Otras alopecias cicatriciales,,,
L669,"Alopecia cicatricial, no especificada",,,
L670,Tricorrexis nudosa,,,
L671,Variacion del color del pelo,,,
L678,Otras anormalidades del tallo y del color del pelo,,,
L679,Anormalidad no especificada del tallo y del color del pelo,,,
L680,Hirsutismo,,,
L681,Hipertricosis lanuginosa adquirida,,,
L682,Hipertricosis localizada,,,
L683,Politriquia,,,
L688,Otras hipertricosis,,,
L689,"Hipertricosis, no especificada",,,
L700,Acne vulgar,,,
L701,Acne conglobado,,,
L702,Acne varioliforme,,,
L703,Acne tropical,,,
L704,Acne infantil,,005A,009A
L705,Acne excoriado de la mujer joven,2,010A,017A
L708,Otros acnes,,,
L709,"Acne, no especificado",,,
L710,Dermatitis peribucal,,,
L711,Rinofima,,,
L718,Otras rosaceas,,,
L719,"Rosacea, no especificada",,,
L720,Quiste epidermico,,,
L721,Quiste tricodermico,,,
L722,Esteatocistoma multiple,,,
L728,Otros quistes foliculares de la piel y del tejido subcutaneo,,,
L729,"Quiste folicular de la piel y del tejido subcutaneo, sin otra especificacion",,,
L730,Acne queloide,,,
L731,Seudofoliculitis de la barba,,,
L732,Hidradenitis supurativa,,,
L738,Otros trastornos foliculares especificados,,,
L739,"Trastorno folicular, no especificado",,,
L740,Miliaria rubra,,,
L741,Miliaria cristalina,,,
L742,Miliaria profunda,,,
L743,"Miliaria, no especificada",,,
L744,Anhidrosis,,,
L748,Otros trastornos sudoriparos ecrinos,,,
L749,"Trastorno sudoriparo ecrino, no especificado",,,
L750,Bromhidrosis,,,
L751,Cromhidrosis,,,
L752,Miliaria apocrina,,,
L758,Otros trastornos sudoriparos apocrinos,,,
L759,"Trastorno sudoriparo apocrino, no especificado",,,
L80X,Vitiligo,,,
L810,Hiperpigmentacion postinflamatoria,,,
L811,Cloasma,,,
L812,Efelide,,,
L813,Manchas cafe con leche,,,
L814,Otros tipos de hiperpigmentacion melanodermica,,,
L815,"Leucodermia, no clasificada en otra parte",,,
L816,Otros trastornos de disminucion de la formacion de la melanina,,,
L817,Dermatosis purpurica pigmentada,,,
L818,Otros trastornos especificados de la pigmentacion,,,
L819,"Trastorno de la pigmentacion, no especificado",,,
L82X,Queratosis seborreica,,,
L83X,Acantosis nigricans,,,
L84X,Callos y callosidades,,,
L850,Ictiosis adquirida,,,
L851,Queratosis [queratodermia] palmar y plantar adquirida,,,
L852,Queratosis punctata (palmar y plantar),,,
L853,Xerosis del cutis,,,
L858,Otros engrosamientos epidermicos especificados,,,
L859,"Engrosamiento epidermico, no especificado",,,
L86X,Queratoderma en enfermedades clasificadas en otra parte,,,
L870,Queratosis folicular y parafolicular penetrante del cutis [Kyrle],,,
L871,Colagenosis perforante reactiva,,,
L872,Elastosis serpiginosa perforante,,,
L878,Otros trastornos de la eliminacion transepidermica,,,
L879,"Trastorno de la eliminacion transepidermica, no especificado",,,
L88X,Pioderma gangrenoso,,,
L890,"Úlcera de decúbito y por área de presión, etapa I",,,
L891,"Úlcera de decúbito, etapa II",,,
L892,"Úlcera de decúbito, etapa III",,,
L893,"Úlcera de decúbito, etapa IV",,,
L899,"Úlcera de decúbito y por área de presión, no especificada",,,
L900,Liquen escleroso y atrofico,,,
L901,Anetodermia de Schweninger-Buzzi,,,
L902,Anetodermia de Jadassohn-Pellizzari,,,
L903,Atrofoderma de Pasini y Prerini,,,
L904,Acrodermatitis cronica atrofica,,,
L905,Fibrosis y afecciones cicatriciales de la piel,,,
L906,Estrias atroficas,,,
L908,Otros trastornos atroficos de la piel,,,
L909,"Trastorno atrofico de la piel, no especificado",,,
L910,Cicatriz hipertrofica,,,
L918,Otros trastornos hipertroficos de la piel,,,
L919,"Trastorno hipertrofico de la piel, no especificado",,,
L920,Granuloma anular,,,
L921,"Necrobiosis lipidica, no clasificada en otra parte",,,
L922,Granuloma facial (granuloma eosinofilo de la piel),,,
L923,Granuloma por cuerpo extrano en la piel y en el tejido subcutaneo,,,
L928,Otros trastornos granulomatosos de la piel y del tejido subcutaneo,,,
L929,"Trastorno granulomatoso de la piel y del tejido subcutaneo, no especificado",,,
L930,Lupus eritematoso discoide,,,
L931,Lupus eritematoso cutaneo subagudo,,,
L932,Otros lupus eritematosos localizados,,,
L940,Escleroderma localizado [morfea],,,
L941,Escleroderma lineal,,,
L942,Calcinosis de la piel,,,
L943,Esclerodactilia,,,
L944,Papulas de Gottron,,,
L945,Poiquilodermia vascular atrofica,,,
L946,Ainhum,,,
L948,Otros trastornos localizados especificados del tejido conjuntivo,,,
L949,"Trastorno localizado del tejido conjuntivo, no especificado",,,
L950,Vasculitis livedoide,,,
L951,Eritema elevatum diutinum,,,
L958,Otras vasculitis limitadas a la piel,,,
L959,"Vasculitis limitada a la piel, sin otra especificacion",,,
L97X,"ulcera de miembro inferior, no clasificada en otra parte",,,
L980,Granuloma piogeno,,,
L981,Dermatitis facticia,,,
L982,Dermatosis neutrofila febril [Sweet],,,
L983,Celulitis eosinofilia [Wells],,,
L984,"ulcera cronica de la piel, no clasificada en otra parte",,,
L985,Mucinosis de la piel,,,
L986,Otros trastornos infiltrativos de la piel y del tejido subcutaneo,,,
L988,Otros trastornos especificados de la piel y del tejido subcutaneo,,,
L989,"Trastorno de la piel y del tejido subcutaneo, no especificado",,,
L990,Amiloidosis de la piel,,,
L998,Otros trastornos de la piel y del tejido subcutaneo en enfermedades clasificadas en otra parte,,,
M000,Artritis y poliartritis estafilococica,,,
M001,Artritis y poliartritis neumococica,,,
M002,Otras artritis y poliartritis estreptococicas,,,
M008,Artritis y poliartritis debidas a otros agentes bacterianos especificados,,,
M009,"Artritis piogena, no especificada",,,
M010,Artritis meningococica,,,
M011,Artritis tuberculosa,,,
M012,Artritis en la enfermedad de Lyme,,,
M013,Artritis en otras enfermedades bacterianas clasificadas en otra parte,,,
M014,Artritis en rubeola,,,
M015,Artritis en otras enfermedades virales clasificadas en otra parte,,,
M016,Artritis en micosis,,,
M018,Artritis en otras enfermedades infecciosas y parasitarias clasificadas en otra parte,,,
M020,Artropatia consecutiva a derivacion intestinal,,,
M021,Artropatia postdisenterica,,,
M022,Artropatia postinmunizacion,,,
M023,Enfermedad de Reiter,,,
M028,Otras artropatias reactivas,,,
M029,"Artropatia reactiva, no especificada",,,
M030,Artritis postmeningococica,,,
M031,Artropatia postinfecciosa en sifilis,,,
M032,Otras artropatias postinfecciosas en enfermedades clasificadas en otra parte,,,
M036,Artropatia reactiva en otras enfermedades clasificadas en otra parte,,,
M050,Sindrome de Felty,,,
M051,Enfermedad reumatoide del pulmon,,,
M052,Vasculitis reumatoide,,,
M053,Artritis reumatoide con compromiso de otros organos o sistemas,,,
M058,Otras artritis reumatoideas seropositivas,,,
M059,"Artritis reumatoidea seropositiva, sin otra especificacion",,,
M060,Artritis reumatoide seronegativa,,,
M061,Enfermedad de Still de comienzo en el adulto,,,
M062,Bursitis reumatoide,,,
M063,Nodulo reumatoide,,,
M064,Poliartropatia inflamatoria,,,
M068,Otras artritis reumatoides especificadas,,,
M069,"Artritis reumatoide, no especificada",,,
M070,Artropatia psoriasica interfalangica distal,,,
M071,Artritis mutilante,,,
M072,Espondilitis psoriasica,,,
M073,Otras artropatias psoriasicas,,,
M074,Artropatia en la enfermedad de Crohn [enteritis regional],,,
M075,Artropatia en la colitis ulcerativa,,,
M076,Otras artropatias enteropaticas,,,
M080,Artritis reumatoide juvenil,,001A,017A
M081,Espondilitis anquilosante juvenil,,001A,017A
M082,Artritis juvenil de comienzo generalizado,,001A,017A
M083,Poliartritis juvenil (seronegativa),,001A,017A
M084,Artritis juvenil pauciarticular,,001A,017A
M088,Otras artritis juveniles,,001A,017A
M089,"Artritis juvenil, no especificada",,001A,017A
M090,Artritis juvenil en la psoriasis,,010A,017A
M091,Artritis juvenil en la enfermedad de Crohn [enteritis regional],,010A,017A
M092,Artritis juvenil en la colitis ulcerativa,,010A,017A
M098,Artritis juvenil en otras enfermedades clasificadas en otra parte,,010A,017A
M100,Gota idiopatica,,,
M101,Gota saturnina,,012A,085A
M102,Gota inducida por drogas,,,
M103,Gota debida a alteracion de la funcion renal,,,
M104,Otras gotas secundarias,,,
M109,"Gota, no especificada",,,
M110,Enfermedad por deposito de hidroxiapatita,,,
M111,Condrocalcinosis familiar,,,
M112,Otras condrocalcinosis,,,
M118,"Otras artropatias por cristales, especificadas",,,
M119,"Artropatia por cristales, no especificada",,,
M120,Artropatia postraumatica cronica [de Jaccoud],,,
M121,Enfermedad de Kaschin-Beck,,,
M122,Sinovitis vellonodular (pigmentada),,,
M123,Reumatismo palindromico,,,
M124,Hidrartrosis intermitente,,,
M125,Artropatia traumatica,,,
M128,"Otras artropatias especificas, no clasificadas en otra parte",,,
M130,"Poliartritis, no especificada",,,
M131,"Monoartritis, no clasificada en otra parte",,,
M138,Otras artritis especificadas,,,
M139,"Artritis, no especificada",,,
M140,"Artropatia gotosa debida a defectos enzimaticos y a otros trastornos hereditarios, clasificados en otra parte",,,
M141,Artropatia por cristales en otros trastornos metabolicos,,,
M142,Artropatia diabetica,,,
M143,Dermatoartritis lipoide,,,
M144,Artropatia en la amiloidosis,,,
M145,"Artropatia en otros trastornos endocrinos, metabolicos y nutricionales",,,
M146,Artropatia neuropatica,,,
M148,"Artropatia en otras enfermedades especificadas, clasificadas en otra parte",,,
M150,(Osteo)artrosis primaria generalizada,,,
M151,Nodulos de Heberden (con artropatia),,,
M152,Nodulos de Bouchard (con artropatia),,,
M153,Artrosis secundaria multiple,,,
M154,(Osteo)artrosis erosiva,,,
M158,Otras poliartrosis,,,
M159,"Poliartrosis, no especificada",,,
M160,"Coxartrosis primaria, bilateral",,,
M161,Otras coxartrosis primarias,,,
M162,"Coxartrosis a consecuencia de displasia, bilateral",,,
M163,Otras coxartrosis displasicas,,,
M164,"Coxartrosis postraumatica, bilateral",,,
M165,Otra coxartrosis postraumatica,,,
M166,"Otra coxartrosis secundaria, bilateral",,,
M167,Otras coxartrosis secundarias,,,
M169,"Coxartrosis, no especificada",,,
M170,"Gonartrosis primaria, bilateral",,,
M171,Otras gonartrosis primarias,,,
M172,"Gonartrosis postraumatica, bilateral",,,
M173,Otras gonartrosis postraumaticas,,,
M174,"Otras gonartrosis secundarias, bilaterales",,,
M175,Otras gonartrosis secundarias,,,
M179,"Gonartrosis, no especificada",,,
M180,"Artrosis primaria de la primera articulacion carpometacarpiana, bilateral",,,
M181,Otras artrosis primarias de la primera articulacion carpometacarpiana,,,
M182,"Artrosis postraumatica de la primera articulacion carpometacarpiana, bilateral",,,
M183,Otras artrosis postraumaticas de la primera articulacion carpometacarpiana,,,
M184,"Otras artrosis secundarias de la primera articulacion carpometacarpiana, bilaterales",,,
M185,Otras artrosis secundarias de la primera articulacion carpometacarpiana,,,
M189,"Artrosis de la primera articulacion carpometacarpiana, sin otra especificacion",,,
M190,Artrosis primaria de otras articulaciones,,,
M191,Artrosis postraumatica de otras articulaciones,,,
M192,Otras artrosis secundarias,,,
M198,Otras artrosis especificadas,,,
M199,"Artrosis, no especificada",,,
M200,Deformidad de dedo(s) de la mano,,001A,120A
M201,Hallux valgus (adquirido),,001A,120A
M202,Hallux rigidus,,001A,120A
M203,Otras deformidades del hallux (adquiridas),,001A,120A
M204,Otro(s) dedo(s) del pie en martillo (adquiridos),,001A,120A
M205,Otras deformidades (adquiridas) del (de los) dedo(s) del pie,,001A,120A
M206,"Deformidades adquiridas de los dedos del pie, no especificadas",,001A,120A
M210,"Deformidad en valgo, no clasificada en otra parte",,001A,120A
M211,"Deformidad en varo, no clasificada en otra parte",,001A,120A
M212,Deformidad en flexion,,001A,120A
M213,Muneca o pie en pendulo (adquirido),,001A,120A
M214,Pie plano [pes planus] (adquirido),,001A,120A
M215,"Mano o pie en garra o en talipes, pie equinovaro o zambo adquiridos",,001A,120A
M216,Otras deformidades adquiridas del tobillo y del pie,,001A,120A
M217,Longitud desigual de los miembros (adquirida),,001A,120A
M218,"Otras deformidades adquiridas de los miembros, especificadas",,001A,120A
M219,"Deformidad adquirida del miembro, no especificada",,001A,120A
M220,Luxacion recidivante de la rotula,,,
M221,Subluxacion recidivante de la rotula,,,
M222,Trastornos rotulofemorales,,,
M223,Otros desarreglos de la rotula,,,
M224,Condromalacia de la rotula,,,
M228,Otros trastornos de la rotula,,,
M229,"Trastorno de la rotula, no especificado",,,
M230,Menisco quistico,,,
M231,Menisco discoide (congenito),,,
M232,Trastorno de menisco debido a desgarro o lesion antigua,,,
M233,Otros trastornos de los meniscos,,,
M234,Cuerpo flotante en la rodilla,,,
M235,Inestabilidad cronica de la rodilla,,,
M236,Otra ruptura espontanea del (de los) ligamento(s) de la rodilla,,,
M238,Otros trastornos internos de la rodilla,,,
M239,"Trastorno interno de la rodilla, no especificado",,,
M240,Cuerpo flotante articular,,,
M241,Otros trastornos del cartilago articular,,,
M242,Trastorno del ligamento,,,
M243,"Luxacion y subluxacion patologica de la articulacion, no clasificada en otra parte",,,
M244,Luxacion y subluxacion recidivante de la articulacion,,,
M245,Contractura articular,,,
M246,Anquilosis articular,,,
M247,Protrusion de acetabulo,,,
M248,"Otras lesiones articulares especificas, no clasificadas en otra parte",,,
M249,"Desarreglo articular, no especificado",,,
M250,Hemartrosis,,,
M251,Fistula articular,,,
M252,Articulacion inestable,,,
M253,Otras inestabilidades articulares,,,
M254,Derrame articular,,,
M255,Dolor en articulacion,,,
M256,"Rigidez articular, no clasificada en otra parte",,,
M257,Osteofito,,,
M258,Otros trastornos articulares especificados,,,
M259,"Trastorno articular, no especificado",,,
M300,Poliarteritis nudosa,,,
M301,Poliarteritis con compromiso pulmonar [Churg-Strauss],,,
M302,Poliarteritis juvenil,,010A,017A
M303,Sindrome mucocutaneo linfonodular [Kawasaki],,,
M308,Otras afecciones relacionadas con la poliarteritis nudosa,,,
M310,Angiitis debida a hipersensibilidad,,,
M311,Microangiopatia trombotica,,,
M312,Granuloma letal de la linea media,,,
M313,Granulomatosis de Wegener,,,
M314,Sindrome del cayado de la aorta [Takayasu],,,
M315,Arteritis de celulas gigantes con polimialgia reumatica,,,
M316,Otras arteritis de celulas gigantes,,,
M317,Poliangiitis microscopica,,,
M318,Otras vasculopatias necrotizantes especificadas,,,
M319,"Vasculopatia necrotizante, no especificada",,,
M320,"Lupus eritematoso sistemico, inducido por drogas",,,
M321,Lupus eritematoso sistemico con compromiso de organos o sistemas,,,
M328,Otras formas de lupus eritematoso sistemico,,,
M329,"Lupus eritematoso sistemico, sin otra especificacion",,,
M330,Dermatomiositis juvenil,,010A,017A
M331,Otras dermatomiositis,,,
M332,Polimiositis,,,
M339,"Dermatopolimiositis, no especificada",,,
M340,Esclerosis sistemica progresiva,,,
M341,Sindrome CR(E)ST,,,
M342,Esclerosis sistemica inducida por drogas o productos quimicos,,,
M348,Otras formas de esclerosis sistemica,,,
M349,"Esclerosis sistemica, no especificada",,,
M350,Sindrome seco [Sj”gren],,,
M351,Otros sindromes superpuestos,,,
M352,Enfermedad de Behcet,,,
M353,Polimialgia reumatica,,,
M354,Fascitis difusa (eosinofilica),,,
M355,Fibrosclerosis multifocal,,,
M356,Paniculitis recidivante [Weber-Christian],,,
M357,Sindrome de hipermovilidad,,,
M358,Otras enfermedades especificadas con compromiso sistemico del tejido conjuntivo,,,
M359,"Compromiso sistemico del tejido conjuntivo, no especificado",,,
M360,Dermato(poli)miositis en enfermedad neoplasica,,,
M361,Artropatia en enfermedad neoplasica,,,
M362,Artropatia hemofilica,,,
M363,Artropatia en otros trastornos de la sangre,,,
M364,Artropatia en reacciones de hipersensibilidad clasificadas en otra parte,,,
M368,Trastornos sistemicos del tejido conjuntivo en otras enfermedades clasificadas en otra parte,,,
M400,Cifosis postural,,,
M401,Otras cifosis secundarias,,,
M402,Otras cifosis y las no especificadas,,,
M403,Sindrome de espalda plana,,,
M404,Otras lordosis,,,
M405,"Lordosis, no especificada",,,
M410,Escoliosis idiopatica infantil,,,
M411,Escoliosis idiopatica juvenil,,,
M412,Otras escoliosis idiopaticas,,,
M413,Escoliosis toracogenica,,,
M414,Escoliosis neuromuscular,,,
M415,Otras escoliosis secundarias,,,
M418,Otras formas de escoliosis,,,
M419,"Escoliosis, no especificada",,,
M420,Osteocondrosis juvenil de la columna vertebral,,010A,017A
M421,Osteocondrosis de la columna vertebral del adulto,,015A,120A
M429,"Osteocondrosis vertebral, no especificada",,,
M430,Espondilolisis,,,
M431,Espondilolistesis,,,
M432,Otras fusiones de la columna vertebral,,,
M433,"Subluxacion atlanto-axoidea recurrente, con mielopatia",,,
M434,Otras subluxaciones atlanto-axoideas recurrentes,,,
M435,Otras subluxaciones vertebrales recurrentes,,,
M436,Torticolis,,028D,120A
M438,Otras dorsopatias deformantes de la columna vertebral especificadas,,,
M439,"Dorsopatia deformante, no especificada",,,
M45X,Espondilitis anquilosante,,015A,120A
M460,Entesopatia vertebral,,,
M461,"Sacroiliitis, no clasificada en otra parte",,,
M462,Osteomielitis de vertebra,,,
M463,Infeccion de disco intervertebral (piogena),,,
M464,"Discitis, no especificada",,,
M465,Otras espondilopatias infecciosas,,,
M468,Otras espondilopatias inflamatorias especificadas,,,
M469,"Espondilopatia inflamatoria, no especificada",,,
M470,Sindromes de compresion de la arteria espinal o vertebral anterior,,,
M471,Otras espondilosis con mielopatia,,,
M472,Otras espondilosis con radiculopatia,,,
M478,Otras espondilosis,,,
M479,"Espondilosis, no especificada",,,
M480,Estenosis espinal,,,
M481,Hiperostosis anquilosante [Forestier],,,
M482,"Espondilopatia interespinosa (vertebras ""en beso"")",,,
M483,Espondilopatia traumatica,,,
M484,Fractura de vertebra por fatiga,,,
M485,"Vertebra colapsada, no clasificada en otra parte",,,
M488,Otras espondilopatias especificadas,,,
M489,"Espondilopatia, no especificada",,,
M490,Tuberculosis de la columna vertebral,,,
M491,Espondilitis por brucelosis,,,
M492,Espondilitis por enterobacterias,,,
M493,Espondilopatia en otras enfermedades infecciosas y parasitarias clasificadas en otra parte,,,
M494,Espondilopatia neuropatica,,,
M495,Vertebra colapsada en enfermedades clasificadas en otra parte,,,
M498,Espondilopatia en otras enfermedades clasificadas en otra parte,,,
M500,Trastorno de disco cervical con mielopatia,,,
M501,Trastorno de disco cervical con radiculopatia,,,
M502,Otros desplazamientos de disco cervical,,,
M503,Otras degeneraciones de disco cervical,,,
M508,Otros trastornos de disco cervical,,,
M509,"Trastorno de disco cervical, no especificado",,,
M510,"Trastornos de discos intervertebrales lumbares y otros, con mielopatia",,,
M511,"Trastornos de disco lumbar y otros, con radiculopatia",,,
M512,Otros desplazamientos especificados de disco intervertebral ,,,
M513,Otras degeneraciones especificadas de disco intervertebral,,,
M514,Nodulos de Schmorl,,,
M518,Otros trastornos especificados de los discos intervertebrales,,,
M519,"Trastorno de los discos intervertebrales, no especificado",,,
M530,Sindrome cervicocraneal,,,
M531,Sindrome cervicobraquial,,,
M532,Inestabilidad de la columna vertebral,,,
M533,"Trastornos sacrococcigeos, no clasificados en otra parte",,,
M538,Otras dorsopatias especificadas,,,
M539,"Dorsopatia, no especificada",,,
M540,Paniculitis que afecta regiones del cuello y de la espalda,,,
M541,Radiculopatia,,,
M542,Cervicalgia,,,
M543,Ciatica,,,
M544,Lumbago con ciatica,,,
M545,Lumbago no especificado,,,
M546,Dolor en la columna dorsal,,,
M548,Otras dorsalgias,,,
M549,"Dorsalgia, no especificada",,,
M600,Miositis infecciosa,,,
M601,Miositis intersticial,,,
M602,"Granuloma por cuerpo extrano en tejido blando, no clasificado en otra parte",,,
M608,Otras miositis,,,
M609,"Miositis, no especificada",,,
M610,Miositis osificante traumatica,,,
M611,Miositis osificante progresiva,,,
M612,Calcificacion y osificacion paralitica del musculo,,,
M613,Calcificacion y osificacion de los musculos asociadas con quemaduras,,,
M614,Otras calcificaciones del musculo,,,
M615,Otras osificaciones del musculo,,,
M619,"Calcificacion y osificacion del musculo, no especificada",,,
M620,Diastasis del musculo,,,
M621,Otros desgarros (no traumaticos) del musculo,,,
M622,Infarto isquemico del musculo,,,
M623,Sindrome de inmovilidad (paraplejico),,,
M624,Contractura muscular,,,
M625,"Atrofia y desgaste musculares, no clasificados en otra parte",,,
M626,Distension muscular,,,
M628,Otros trastornos especificados de los musculos,,,
M629,"Trastorno muscular, no especificado",,,
M630,Miositis en enfermedades bacterianas clasificadas en otra parte,,,
M631,Miositis en infecciones por protozoarios y parasitos clasificados en otra parte,,,
M632,Miositis en otras enfermedades infecciosas clasificadas en otra parte,,,
M633,Miositis en sarcoidosis,,,
M638,Otros trastornos de los musculos en enfermedades clasificadas en otra parte,,,
M650,Absceso de vaina tendinosa,,,
M651,Otras (teno)sinovitis infecciosas,,,
M652,Tendinitis calcificada,,,
M653,Dedo en gatillo,,,
M654,Tenosinovitis de estiloides radial [de Quervain],,,
M658,Otras sinovitis y tenosinovitis,,,
M659,"Sinovitis y tenosinovitis, no especificada",,,
M660,Ruptura de quiste sinovial popliteo,,,
M661,Ruptura de la sinovia,,,
M662,Ruptura espontanea de tendones extensores,,,
M663,Ruptura espontanea de tendones flexores,,,
M664,Ruptura espontanea de otros tendones,,,
M665,Ruptura espontanea de tendon no especificado,,,
M670,Acortamiento del tendon de Aquiles (adquirido),,,
M671,Otras contracturas de tendon (vaina),,,
M672,"Hipertrofia sinovial, no clasificada en otra parte",,,
M673,Sinovitis transitoria,,,
M674,Ganglion,,,
M678,Otros trastornos especificados de la sinovia y del tendon,,,
M679,"Trastorno sinovial y tendinoso, no especificado",,,
M680,Sinovitis y tenosinovitis en enfermedades bacterianas clasificadas en otra parte,,,
M688,Otros trastornos sinoviales y tendinosos en enfermedades clasificadas en otra parte,,,
M700,Sinovitis crepitante cronica de la mano y de la muneca,,,
M701,Bursitis de la mano,,,
M702,Bursitis del olecranon,,,
M703,Otras bursitis del codo,,,
M704,Otras bursitis prerrotulianas,,,
M705,Otras bursitis de la rodilla,,,
M706,Bursitis del trocanter,,,
M707,Otras bursitis de la cadera,,,
M708,"Otros trastornos de los tejidos blandos relacionados con el uso, el uso excesivo y la presion",,,
M709,"Trastorno no especificado de los tejidos blandos relacionado con el uso, el uso excesivo y la presion",,,
M710,Absceso de la bolsa sinovial,,,
M711,Otras bursitis infecciosas,,,
M712,Quiste sinovial del hueco popliteo [de Baker],,,
M713,Otros quistes de la bolsa serosa,,,
M714,Deposito de calcio  en la bolsa serosa,,,
M715,"Otras bursitis, no clasificadas en otra parte",,,
M718,Otros trastornos especificados de la bolsa serosa,,,
M719,"Bursopatia, no especificada",,,
M720,Fibromatosis de la aponeurosis palmar [Dupuytren],,,
M721,Nodulos interfalangicos,,,
M722,Fibromatosis de la aponeurosis plantar,,,
M724,Fibromatosis seudosarcomatosa,,,
M726,Fascitis necrotizante,,,
M728,Otros trastornos fibroblasticos,,,
M729,"Trastorno fibroblastico, no especificado",,,
M730,Bursitis gonococica,,,
M731,Bursitis sifilitica,,,
M738,Otros trastornos de los tejidos blandos en enfermedades clasificadas en otra parte,,,
M750,Capsulitis adhesiva del hombro,,,
M751,Sindrome del manguito rotatorio,,,
M752,Tendinitis del biceps,,,
M753,Tendinitis calcificante del hombro,,,
M754,Sindrome de abduccion dolorosa del hombro,,,
M755,Bursitis del hombro,,,
M758,Otras lesiones del hombro,,,
M759,"Lesion del hombro, no especificada",,,
M760,Tendinitis del gluteo,,,
M761,Tendinitis del psoas,,,
M762,Espolon de la cresta iliaca,,,
M763,Sindrome del tendon del tensor de la fascia lata,,,
M764,Bursitis tibial colateral [Pellegrini-Stieda],,,
M765,Tendinitis rotuliana,,,
M766,Tendinitis aquiliana,,,
M767,Tendinitis peroneal,,,
M768,"Otras entesopatias del miembro inferior, excluido el pie",,,
M769,"Entesopatia del miembro inferior, no especificada",,,
M770,Epicondilitis media,,,
M771,Epicondilitis lateral,,,
M772,Periartritis de la muneca,,,
M773,Espolon calcaneo,,,
M774,Metatarsalgia,,,
M775,Otras entesopatias del pie,,,
M778,"Otras entesopatias, no clasificadas en otra parte",,,
M779,"Entesopatia, no especificada",,,
M790,"Reumatismo, no especificado",,,
M791,Mialgia,,,
M792,"Neuralgia y neuritis, no especificadas",,,
M793,"Paniculitis, no especificada",,,
M794,Hipertrofia de paquete adiposo (infrarrotuliano),,,
M795,Cuerpo extrano residual en tejido blando,,,
M796,Dolor en miembro,,,
M797,Fibromialgia,,,
M798,Otros trastornos especificados de los tejidos blandos,,,
M799,"Trastorno de los tejidos blandos, no especificado",,,
M800,"Osteoporosis postmenopausica, con fractura patologica",2,030A,120A
M801,"Osteoporosis postooforectomia, con fractura patologica",2,010A,120A
M802,"Osteoporosis por desuso, con fractura patologica",,,
M803,"Osteoporosis por malabsorcion postquirurgica, con fractura patologica",,,
M804,"Osteoporosis inducida por drogas, con fractura patologica",,,
M805,"Osteoporosis idiopatica, con fractura patologica",,,
M808,"Otras osteoporosis, con fractura patologica",,,
M809,"Osteoporosis no especificada, con fractura patologica",,,
M810,"Osteoporosis postmenopausica, sin fractura patologica",2,055A,120A
M811,"Osteoporosis postooforectomia, sin fractura patologica",2,010A,054A
M812,"Osteoporosis por desuso, sin fractura patologica",,,
M813,"Osteoporosis por malabsorcion postquirurgica, sin fractura patologica",,,
M814,"Osteoporosis inducida por drogas, sin fractura patologica",,,
M815,"Osteoporosis idiopatica, sin fractura patologica",,,
M816,"Osteoporosis localizada [Lequesne], sin fractura patologica",,,
M818,"Otras osteoporosis, sin fractura patologica",,,
M819,"Osteoporosis no especificada, sin fractura patologica",,,
M820,Osteoporosis en mielomatosis multiple,,,
M821,Osteoporosis en trastornos endocrinos,,,
M828,Osteoporosis en otras enfermedades clasificadas en otra parte,,,
M830,Osteomalacia puerperal,2,010A,054A
M831,Osteomalacia senil,,065A,120A
M832,Osteomalacia del adulto debida a malabsorcion,,018A,120A
M833,Osteomalacia del adulto debida a desnutricion,,018A,120A
M834,Enfermedad de los huesos por aluminio,,018A,120A
M835,Otras osteomalacias del adulto inducidas por drogas,,018A,120A
M838,Otras osteomalacias del adulto,,018A,120A
M839,"Osteomalacia del adulto, no especificada",,018A,120A
M840,Consolidacion defectuosa de fractura,,,
M841,Falta de consolidacion de fractura [seudoartrosis],,,
M842,Consolidacion retardada de fractura,,,
M843,"Fractura por tension, no clasificada en otra parte",,,
M844,"Fractura patologica, no clasificada en otra parte",,,
M848,Otros trastornos de la continuidad del hueso,,,
M849,"Trastorno de la continuidad del hueso, no especificado",,,
M850,Displasia fibrosa (monostotica),,,
M851,Fluorosis del esqueleto,,,
M852,Hiperostosis del craneo,,,
M853,Osteitis condensante,,,
M854,Quiste oseo solitario,,,
M855,Quiste oseo aneurismatico,,,
M856,Otros quistes oseos,,,
M858,Otros trastornos especificados de la densidad y de la estructura oseas,,,
M859,"Trastorno de la densidad y de la estructura oseas, no especificado",,,
M860,Osteomielitis hematogena aguda,,,
M861,Otras osteomielitis agudas,,,
M862,Osteomielitis subaguda,,,
M863,Osteomielitis multifocal cronica,,028D,120A
M864,Osteomielitis cronica con drenaje del seno,,028D,120A
M865,Otras osteomielitis hematogenas cronicas,,028D,120A
M866,Otras osteomielitis cronicas,,028D,120A
M868,Otras osteomielitis,,,
M869,"Osteomielitis, no especificada",,,
M870,Necrosis aseptica idiopatica osea,,,
M871,Osteonecrosis debida a drogas,,,
M872,Osteonecrosis debida a traumatismo previo,,,
M873,Otras osteonecrosis secundarias,,,
M878,Otras osteonecrosis,,,
M879,"Osteonecrosis, no especificada",,,
M880,Enfermedad de Paget del craneo,,,
M888,Enfermedad de Paget de otros huesos,,,
M889,"Enfermedad osea de Paget, huesos no especificados",,,
M890,Algoneurodistrofia,,,
M891,Detencion del crecimiento epifisario,,,
M892,Otros trastornos del desarrollo y crecimiento oseo,,,
M893,Hipertrofia del hueso,,,
M894,Otras osteoartropatias hipertroficas,,,
M895,Osteolisis,,,
M896,Osteopatia a consecuencia de poliomielitis,,,
M898,Otros trastornos especificados del hueso,,,
M899,"Trastorno del hueso, no especificado",,,
M900,Tuberculosis osea,,,
M901,Periostitis en otras enfermedades infecciosas clasificadas en otra parte,,,
M902,Osteopatia en otras enfermedades infecciosas clasificadas en otra parte,,,
M903,Osteonecrosis en la enfermedad causada por descompresion,,,
M904,Osteonecrosis debida a hemoglobinopatia,,,
M905,Osteonecrosis en otras enfermedades clasificadas en otra parte,,,
M906,Osteitis deformante en enfermedad neoplasica,,,
M907,Fractura osea en enfermedad neoplasica,,,
M908,Osteopatia en otras enfermedades clasificadas en otra parte,,,
M910,Osteocondrosis juvenil de la pelvis,,,
M911,Osteocondrosis juvenil de la cabeza del femur [Legg-Calve-Perthes],,,
M912,Coxa plana,,,
M913,Pseudocoxalgia,,,
M918,Otras osteocondrosis juveniles de la cadera y de la pelvis,,,
M919,"Osteocondrosis juvenil de la cadera y de la pelvis, sin otra especificacion",,,
M920,Osteocondrosis juvenil del humero,,,
M921,Osteocondrosis juvenil del cubito y del radio,,,
M922,Osteocondrosis juvenil de la mano,,,
M923,Otras osteocondrosis juveniles del miembro superior,,,
M924,Osteocondrosis juvenil de la rotula,,,
M925,Osteocondrosis juvenil de la tibia y del perone,,,
M926,Osteocondrosis juvenil del tarso,,,
M927,Osteocondrosis juvenil del metatarso,,,
M928,Otras osteocondrosis juveniles especificadas,,,
M929,"Osteocondrosis juvenil, no especificada",,,
M930,Deslizamiento de la epifisis femoral superior (no traumatico),,,
M931,Enfermedad de Kienb”ck del adulto,,018A,120A
M932,Osteocondritis disecante,,,
M938,Otras osteocondropatias especificadas,,,
M939,"Osteocondropatia, no especificada",,,
M940,Sindrome de la articulacion condrocostal [Tietze],,,
M941,Policondritis recidivante,,,
M942,Condromalacia,,,
M943,Condrolisis,,,
M948,Otros trastornos especificados del cartilago,,,
M949,"Trastorno del cartilago, no especificado",,,
M950,Deformidad adquirida de la nariz,,,
M951,Oreja en coliflor,,,
M952,Otras deformidades adquiridas de la cabeza,,,
M953,Deformidad adquirida del cuello,,,
M954,Deformidad adquirida de costillas y torax,,,
M955,Deformidad adquirida de la pelvis,,,
M958,Otras deformidades adquiridas especificadas del sistema osteomuscular,,,
M959,"Deformidad adquirida del sistema osteomuscular, no especificada",,,
M960,Seudoartrosis consecutiva a fusion o artrodesis,,,
M961,"Sindrome postlaminectomia, no clasificado en otra parte",,,
M962,Cifosis postradiacion,,,
M963,Cifosis postlaminectomia,,,
M964,Lordosis postquirurgica,,,
M965,Escoliosis postrradiacion,,,
M966,"Fractura de hueso posterior a insercion o implante ortopedico, protesis articular o placa osea",,,
M968,Otros trastornos osteomusculares consecutivos a procedimientos,,,
M969,Trastornos osteomusculares no especificados consecutivos a procedimientos,,,
M990,Disfuncion segmental o somatica,,,
M991,Complejo de subluxacion (vertebral),,,
M992,Subluxacion con estenosis del canal neural,,,
M993,Estenosis osea del canal neural,,,
M994,Estenosis del canal neural por tejido conjuntivo,,,
M995,Estenosis del canal neural por disco intervertebral,,,
M996,Estenosis osea y subluxacion de los agujeros intervertebrales,,,
M997,Estenosis de los agujeros intervertebrales por tejido conjuntivo o por disco intervertebral,,,
M998,Otras lesiones biomecanicas,,,
M999,"Lesion biomecanica, no especificada",,,
N000,"Sindrome nefritico agudo, anomalia glomerular minima",,,
N001,"Sindrome nefritico agudo, lesiones glomerulares focales y segmentarias",,,
N002,"Sindrome nefritico agudo, glomerulonefritis membranosa difusa",,,
N003,"Sindrome nefritico agudo, glomerulonefritis proliferativa mesangial difusa",,,
N004,"Sindrome nefritico agudo, glomerulonefritis proliferativa endocapilar difusa",,,
N005,"Sindrome nefritico agudo, glomerulonefritis mesangiocapilar difusa",,,
N006,"Sindrome nefritico agudo, enfermedad por depositos densos",,,
N007,"Sindrome nefritico agudo, glomerulonefritis difusa en media luna",,,
N008,"Sindrome nefritico agudo, otras",,,
N009,"Sindrome nefritico agudo, no especificada",,,
N010,"Sindrome nefritico rapidamente progresivo, anomalia glomerular minima",,,
N011,"Sindrome nefritico rapidamente progresivo, lesiones glomerulares focales y segmentarias",,,
N012,"Sindrome nefritico rapidamente progresivo, glomerulonefritis membranosa difusa",,,
N013,"Sindrome nefritico rapidamente progresivo, glomerulonefritis proliferativa mesangial difusa",,,
N014,"Sindrome nefritico rapidamente progresivo, glomerulonefritis proliferativa endocapilar difusa",,,
N015,"Sindrome nefritico rapidamente progresivo, glomerulonefritis mesangiocapilar difusa",,,
N016,"Sindrome nefritico rapidamente progresivo,  enfermedad por depositos densos",,,
N017,"Sindrome nefritico rapidamente progresivo, glomerulonefritis difusa en media luna",,,
N018,"Sindrome nefritico rapidamente progresivo, otras",,,
N019,"Sindrome nefritico rapidamente progresivo, no especificada",,,
N020,"Hematuria recurrente y persistente, anomalia glomerular minima",,,
N021,"Hematuria recurrente y persistente, lesiones glomerulares focales y segmentarias",,,
N022,"Hematuria recurrente y persistente,  glomerulonefritis membranosa difusa",,,
N023,"Hematuria recurrente y persistente,  glomerulonefritis proliferativa mesangial difusa",,,
N024,"Hematuria recurrente y persistente,  glomerulonefritis proliferativa endocapilar difusa",,,
N025,"Hematuria recurrente y persistente,  glomerulonefritis mesangiocapilar difusa",,,
N026,"Hematuria recurrente y persistente,  enfermedad por depositos densos",,,
N027,"Hematuria recurrente y persistente,  glomerulonefritis difusa en media luna",,,
N028,"Hematuria recurrente y persistente,  otras",,,
N029,"Hematuria recurrente y persistente, no especificada",,,
N030,"Sindrome nefritico cronico, anomalia glomerular minima",,028D,120A
N031,"Sindrome nefritico cronico, lesiones glomerulares focales y segmentarias",,028D,120A
N032,"Sindrome nefritico cronico, glomerulonefritis membranosa difusa",,028D,120A
N033,"Sindrome nefritico cronico, glomerulonefritis proliferativa mesangial difusa",,028D,120A
N034,"Sindrome nefritico cronico, glomerulonefritis proliferativa endocapilar difusa",,028D,120A
N035,"Sindrome nefritico cronico, glomerulonefritis mesangiocapilar difusa",,028D,120A
N036,"Sindrome nefritico cronico, enfermedad por depositos densos",,028D,120A
N037,"Sindrome nefritico cronico, glomerulonefritis difusa en media luna",,028D,120A
N038,"Sindrome nefritico cronico, otras",,028D,120A
N039,"Sindrome nefritico cronico, no especificada",,028D,120A
N040,"Sindrome nefrotico, anomalia glomerular minima",,,
N041,"Sindrome nefrotico, lesiones glomerulares focales y segmentarias",,,
N042,"Sindrome nefrotico, glomerulonefritis membranosa difusa",,,
N043,"Sindrome nefrotico, glomerulonefritis proliferativa mesangial difusa",,,
N044,"Sindrome nefrotico, glomerulonefritis proliferativa endocapilar difusa",,,
N045,"Sindrome nefrotico, glomerulonefritis mesangiocapilar difusa",,,
N046,"Sindrome nefrotico, enfermedad por depositos densos",,,
N047,"Sindrome nefrotico, glomerulonefritis difusa en media luna",,,
N048,"Sindrome nefrotico, otras",,,
N049,"Sindrome nefrotico, no especificada",,,
N050,"Sindrome nefritico no especificado, anomalia glomerular minima",,,
N051,"Sindrome nefritico no especificado, lesiones glomerulares focales y segmentarias",,,
N052,"Sindrome nefritico no especificado, glomerulonefritis membranosa difusa",,,
N053,"Sindrome nefritico no especificado, glomerulonefritis proliferativa mesangial difusa",,,
N054,"Sindrome nefritico no especificado, glomerulonefritis proliferativa endocapilar difusa",,,
N055,"Sindrome nefritico no especificado, glomerulonefritis mesangiocapilar difusa",,,
N056,"Sindrome nefritico no especificado, enfermedad por depositos densos",,,
N057,"Sindrome nefritico no especificado, glomerulonefritis difusa en media luna",,,
N058,"Sindrome nefritico no especificado, otras",,,
N059,Sindrome nefritico no especificada,,,
N060,"Proteinuria aislada con lesion morfologica especificada, anomalia glomerular minima",,,
N061,"Proteinuria aislada con lesion morfologica especificada, lesiones glomerulares focales y segmentarias",,,
N062,"Proteinuria aislada con lesion morfologica especificada, glomerulonefritis membranosa difusa",,,
N063,"Proteinuria aislada con lesion morfologica especificada, glomerulonefritis proliferativa mesangial difusa",,,
N064,"Proteinuria aislada con lesion morfologica especificada, glomerulonefritis proliferativa endocapilar difusa",,,
N065,"Proteinuria aislada con lesion morfologica especificada, glomerulonefritis mesangiocapilar difusa",,,
N066,"Proteinuria aislada con lesion morfologica especificada, enfermedad por depositos densos",,,
N067,"Proteinuria aislada con lesion morfologica especificada, glomerulonefritis difusa en media luna",,,
N068,"Proteinuria aislada con lesion morfologica especificada, otras",,,
N069,"Proteinuria aislada con lesion morfologica especificada, no especificada",,,
N070,"Nefropatia hereditaria, NCOP, anomalia glomerular minima",,,
N071,"Nefropatia hereditaria, NCOP, lesiones glomerulares focales y segmentarias",,,
N072,"Nefropatia hereditaria, NCOP, glomerulonefritis membranosa difusa",,,
N073,"Nefropatia hereditaria, NCOP,  glomerulonefritis proliferativa mesangial difusa",,,
N074,"Nefropatia hereditaria, NCOP,  glomerulonefrItis proliferativa endocapilar difusa",,,
N075,"Nefropatia hereditaria, NCOP,  glomerulonefritis mesangiocapilar difusa",,,
N076,"Nefropatia hereditaria, NCOP, enfermedad por depositos densos",,,
N077,"Nefropatia hereditaria, NCOP,  glomerulonefritis difusa en media luna",,,
N078,"Nefropatia hereditaria, NCOP,  otras",,,
N079,"Nefropatia hereditaria, NCOP, no especificada",,,
N080,Trastornos glomerulares en enfermedades infecciosas y parasitarias clasificadas en otra parte,,,
N081,Trastornos glomerulares en enfermedades neoplasicas,,,
N082,Trastornos glomerulares en enfermedades de la sangre y otros trastornos que afectan el mecanismo inmunitario,,,
N083,Trastornos glomerulares en diabetes mellitus,,,
N084,"Trastornos glomerulares en otras enfermedades endocrinas, nutricionales y metabolicas",,,
N085,Trastornos glomerulares en trastornos sistemicos del tejido conjuntivo,,,
N088,Trastornos glomerulares en otras enfermedades clasificadas en otra parte,,,
N10X,Nefritis tubulointersticial aguda,,,
N110,Pielonefritis cronica no obstructiva asociada con reflujo,,028D,120A
N111,Pielonefritis cronica obstructiva,,028D,120A
N118,Otras nefritis tubulointersticiales cronicas,,028D,120A
N119,"Nefritis tubulointersticial cronica, sin otra especificacion",,028D,120A
N12X,"Nefritis tubulointersticial, no especificada como aguda o cronica",,,
N130,Hidronefrosis con obstruccion de la union uretero-pelvica,,,
N131,"Hidronefrosis con estrechez ureteral, no clasificada en otra parte",,,
N132,Hidronefrosis con obstruccion por calculos del rinon y del ureter,,,
N133,Otras hidronefrosis y las no especificadas,,,
N134,Hidroureter,,,
N135,Torsion y estrechez del ureter sin hidronefrosis,,,
N136,Pionefrosis,,,
N137,Uropatia asociada con reflujo vesicoureteral,,,
N138,Otras uropatias obstructivas y por reflujo,,,
N139,"Uropatia obstructiva y por reflujo, sin otra especificacion",,,
N140,Nefropatia inducida por analgesicos,,,
N141,"Nefropatia inducida por otras drogas, medicamentos y sustancias biologicas",,,
N142,"Nefropatia inducida por drogas, medicamentos y sustancias biologicas no especificadas",,,
N143,Nefropatia inducida por metales pesados,,,
N144,"Nefropatia toxica, no clasificada en otra parte",,,
N150,Nefropatia de los Balcanes,,,
N151,Absceso renal y perirrenal,,,
N158,Otras enfermedades renales tubulointersticiales especificadas,,,
N159,"Enfermedad renal tubulointersticial, no especificada",,,
N160,Trastornos renales tubulointersticiales en enfermedades infecciosas y parasitarias clasificadas en otra parte,,,
N161,Trastornos renales tubulointersticiales en enfermedades neoplasicas,,,
N162,Trastornos renales tubulointersticiales en enfermedades de la sangre y en trastornos que afectan el mecanismo inmunitario,,,
N163,Trastornos renales tubulointersticiales en enfermedades metabolicas,,,
N164,Trastornos renales tubulointersticiales en enfermedades del tejido conjuntivo,,,
N165,Trastornos renales tubulointersticiales en rechazo de trasplante,,,
N168,Trastornos renales tubulointersticiales en otras enfermedades clasificadas en otra parte,,,
N170,Insuficiencia renal aguda con necrosis tubular,,,
N171,Insuficiencia renal aguda con necrosis cortical aguda,,,
N172,Insuficiencia renal aguda con necrosis medular,,,
N178,Otras insuficiencias renales agudas,,,
N179,"Insuficiencia renal aguda, no especificada",,,
N181,"Enfermedad renal crónica, etapa 1",,,
N182,"Enfermedad renal crónica, etapa 2",,,
N183,"Enfermedad renal crónica, etapa 3",,,
N184,"Enfermedad renal crónica, etapa 4",,,
N185,"Enfermedad renal crónica, etapa 5",,,
N189,"Enfermedad renal cronica, no especificada",,,
N19X,Insuficiencia renal no especificada,,028D,120A
N200,Calculo del rinon,,,
N201,Calculo del ureter,,,
N202,Calculo del rinon con calculo del ureter,,,
N209,"Calculo urinario, no especificado",,,
N210,Calculo en la vejiga,,,
N211,Calculo en la uretra,,,
N218,Otros calculos de las vias urinarias inferiores,,,
N219,"Calculo de las vias urinarias inferiores, no especificado",,,
N220,Litiasis urinaria en esquistosomiasis [bilharziasis],,,
N228,Calculo de las vias urinarias en otras enfermedades clasificadas en otra parte,,,
N23X,"Colico renal, no especificado",,,
N250,Osteodistrofia renal,,,
N251,Diabetes insipida nefrogena,,,
N258,Otros trastornos resultantes de la funcion tubular renal alterada,,,
N259,"Trastorno no especificado, resultante de la funcion tubular renal alterada",,,
N26X,"Rinon contraido, no especificado",,,
N270,"Rinon pequeno, unilateral",,,
N271,"Rinon pequeno, bilateral",,,
N279,"Rinon pequeno, no especificado",,,
N280,Isquemia e infarto del rinon,,,
N281,"Quiste de rinon, adquirido",,,
N288,Otros trastornos especificados del rinon y del ureter,,,
N289,"Trastorno del rinon y del ureter, no especificado",,,
N290,Sifilis renal tardia,,,
N291,Otros trastornos del rinon y del ureter en enfermedades infecciosas y parasitarias clasificadas en otra parte,,,
N298,Otros trastornos del rinon y del ureter en otras enfermedades clasificadas en otra parte,,,
N300,Cistitis aguda,,,
N301,Cistitis intersticial (cronica),,028D,120A
N302,Otras cistitis cronicas,,028D,120A
N303,Trigonitis,,,
N304,Cistitis por irradiacion,,,
N308,Otras cistitis,,,
N309,"Cistitis, no especificada",,,
N310,"Vejiga neuropatica no inhibida, no clasificada en otra parte",,,
N311,"Vejiga neuropatica refleja, no clasificada en otra parte",,,
N312,"Vejiga neuropatica flacida, no clasificada en otra parte",,,
N318,Otras disfunciones neuromusculares de la vejiga,,,
N319,"Disfuncion neuromuscular de la vejiga, no especificada",,,
N320,Obstruccion de cuello de la vejiga,,,
N321,Fistula vesicointestinal,,,
N322,"Fistula de la vejiga, no clasificada en otra parte",,,
N323,Diverticulo de la vejiga,,,
N324,"Ruptura de la vejiga, no traumatica",,,
N328,Otros trastornos especificados de la vejiga,,,
N329,"Trastorno de la vejiga, no especificado",,,
N330,Cistitis tuberculosa,,,
N338,Trastornos de la vejiga en otras enfermedades clasificadas en otra parte,,,
N340,Absceso uretral,,,
N341,Uretritis no especifica,,,
N342,Otras uretritis,,,
N343,"Sindrome uretral, no especificado",,,
N350,Estrechez uretral postraumatica,,,
N351,"Estrechez uretral postinfeccion, no clasificada en otra parte",,,
N358,Otras estrecheces uretrales,,,
N359,"Estrechez uretral, no especificada",,,
N360,Fistula de la uretra,,,
N361,Diverticulo de la uretra,,,
N362,Caruncula uretral,,,
N363,Prolapso de la mucosa uretral,,,
N368,Otros trastornos especificados de la uretra,,,
N369,"Trastorno de la uretra, no especificado",,,
N370,Uretritis en enfermedades clasificadas en otra parte,,,
N378,Otros trastornos uretrales en enfermedades clasificadas en otra parte,,,
N390,"Infeccion de vias urinarias, sitio no especificado",,028D,120A
N391,"Proteinuria persistente, no especificada",,,
N392,"Proteinuria ortostatica, no especificada",,,
N393,Incontinencia urinaria por tension,,,
N394,Otras incontinencias urinarias especificadas,,,
N398,Otros trastornos especificados del sistema urinario,,,
N399,"Trastorno del sistema urinario, no especificado",,,
N40X,Hiperplasia de la prostata,1,020A,120A
N410,Prostatitis aguda,1,020A,120A
N411,Prostatitis cronica,1,020A,120A
N412,Absceso de la prostata,1,020A,120A
N413,Prostatocistitis,1,020A,120A
N418,Otras enfermedades inflamatorias de la prostata,1,020A,120A
N419,"Enfermedad inflamatoria de la prostata, no especificada",1,020A,120A
N420,Calculo de la prostata,1,020A,120A
N421,Congestion y hemorragia de la prostata,1,020A,120A
N422,Atrofia de la prostata,1,020A,120A
N423,Displasia de la próstata,1,020A,120A
N428,Otros trastornos especificados de la prostata,1,020A,120A
N429,"Trastorno de la prostata, no especificado",1,020A,120A
N430,Hidrocele enquistado,1,,
N431,Hidrocele infectado,1,,
N432,Otros hidroceles,1,,
N433,"Hidrocele, no especificado",1,,
N434,Espermatocele,1,,
N44X,Torsion del testiculo,1,,
N450,"Orquitis, epididimitis y orquiepididimitis con absceso",1,,
N459,"Orquitis, epididimitis y orquiepididimitis sin absceso",1,,
N46X,Esterilidad en el varon,1,012A,080A
N47X,"Prepucio redundante, fimosis y parafimosis",1,,
N480,Leucoplasia del pene,1,,
N481,Balanopostitis,1,,
N482,Otros trastornos inflamatorios del pene,1,,
N483,Priapismo,1,,
N484,Impotencia de origen organico,1,012A,080A
N485,ulcera del pene,1,,
N486,Induracion plastica del pene,1,,
N488,Otros trastornos especificados del pene,1,,
N489,"Trastorno del pene, no especificado",1,,
N490,Trastornos inflamatorios de vesicula seminal,1,,
N491,"Trastornos inflamatorios del cordon espermatico, tunica vaginal y conducto deferente",1,,
N492,Trastornos inflamatorios del escroto,1,,
N498,Otros trastornos inflamatorios de los organos genitales masculinos,1,,
N499,"Trastorno inflamatorio de organo genital masculino, no especificado",1,,
N500,Atrofia del testiculo,1,,
N501,Trastornos vasculares de los organos genitales masculinos,1,,
N508,Otros trastornos especificados de los organos genitales masculinos,1,,
N509,Trastorno no especificado de los organos genitales masculinos,1,,
N510,Trastornos de prostata en enfermedades clasificadas en otra parte,1,,
N511,Trastornos del testiculo y del epididimo en enfermedades clasificadas en otra parte,1,,
N512,Balanitis en enfermedades clasificadas en otra parte,1,,
N518,Otros trastornos de los organos genitales masculinos en enfermedades clasificadas en otra parte,1,,
N600,Quiste solitario de la mama,,,
N601,Mastopatia quistica difusa,,,
N602,Fibroadenosis de mama,,,
N603,Fibroesclerosis de mama,,,
N604,Ectasia de conducto mamario,,,
N608,Otras displasias mamarias benignas,,,
N609,"Displasia mamaria benigna, sin otra especificacion",,,
N61X,Trastornos inflamatorios de la mama,,,
N62X,Hipertrofia de la mama,,,
N63X,Masa no especificada en la mama,,,
N640,Fisura y fistula del pezon,,,
N641,Necrosis grasa de la mama,,,
N642,Atrofia de la mama,,,
N643,Galactorrea no asociada con el parto,,,
N644,Mastodinia,,,
N645,Otros signos y sintomas relativos a la mama,,,
N648,Otros trastornos especificados de la mama,,,
N649,"Trastorno de la mama, no especificado",,,
N700,Salpingitis y ooforitis aguda,2,,
N701,Salpingitis y ooforitis cronica,2,028D,120A
N709,"Salpingitis y ooforitis, no especificadas",2,010A,120A
N710,Enfermedad inflamatoria aguda del utero,2,010A,120A
N711,Enfermedad inflamatoria cronica del utero,2,010A,120A
N719,"Enfermedad inflamatoria del utero, no especificada",2,010A,120A
N72X,Enfermedad inflamatoria del cuello uterino,2,,
N730,Parametritis y celulitis pelvica aguda,2,010A,120A
N731,Parametritis y celulitis pelvica cronica,2,028D,120A
N732,Parametritis y celulitis pelvica no especificada,2,010A,120A
N733,"Peritonitis pelvica aguda, femenina",2,010A,120A
N734,"Peritonitis pelvica cronica, femenina",2,028D,120A
N735,"Peritonitis pelvica femenina, no especificada",2,010A,120A
N736,Adherencias peritoneales pelvicas femeninas,2,010A,120A
N738,Otras enfermedades inflamatorias pelvicas femeninas,2,010A,120A
N739,"Enfermedad inflamatoria pelvica femenina, no especificada",2,010A,120A
N740,Infeccion tuberculosa del cuello del utero,2,,
N741,Enfermedad inflamatoria pelvica femenina por tuberculosis,2,,
N742,Enfermedad inflamatoria pelvica femenina por sifilis,2,,
N743,Enfermedad inflamatoria pelvica femenina por gonococos,2,,
N744,Enfermedad inflamatoria pelvica femenina por clamidias,2,,
N748,Trastornos inflamatorios pelvicos femeninos en otras enfermedades clasificadas en otra parte,2,,
N750,Quiste de la glandula de Bartholin,2,,
N751,Absceso de la glandula de Bartholin,2,,
N758,Otras enfermedades de la glandula de Bartholin,2,,
N759,"Enfermedad de la glandula de Bartholin, no especificada",2,,
N760,Vaginitis aguda,2,,
N761,Vaginitis subaguda y cronica,2,,
N762,Vulvitis aguda,2,,
N763,Vulvitis subaguda y cronica,2,,
N764,Absceso vulvar,2,,
N765,Ulceracion de la vagina,2,,
N766,Ulceracion de la vulva,2,,
N768,Otras inflamaciones especificadas de la vagina y de la vulva,2,,
N770,Ulceracion de la vulva en enfermedades infecciosas y parasitarias clasificadas en otra parte,2,,
N771,"Vaginitis, vulvitis y vulvovaginitis en enfermedades infecciosas y parasitarias clasificadas en otra parte",2,,
N778,Ulceracion e inflamacion vulvovaginal en otras enfermedades clasificadas en otra parte,2,,
N800,Endometriosis del utero,2,,
N801,Endometriosis del ovario,2,,
N802,Endometriosis de la trompa de Falopio,2,,
N803,Endometriosis del peritoneo pelvico,2,,
N804,Endometriosis del tabique rectovaginal y de la vagina,2,,
N805,Endometriosis del intestino,2,,
N806,Endometriosis en cicatriz cutanea,2,,
N808,Otras endometriosis,2,,
N809,"Endometriosis, no especificada",2,,
N810,Uretrocele femenino,2,,
N811,Cistocele,2,,
N812,Prolapso uterovaginal incompleto,2,,
N813,Prolapso uterovaginal completo,2,,
N814,"Prolapso uterovaginal, sin otra especificacion",2,,
N815,Enterocele vaginal,2,,
N816,Rectocele,2,,
N818,Otros prolapsos genitales femeninos,2,,
N819,"Prolapso genital femenino, no especificado",2,,
N820,Fistula vesicovaginal,2,,
N821,Otras fistulas de las vias genitourinarias femeninas,2,,
N822,Fistula de la vagina al intestino delgado,2,,
N823,Fistula de la vagina al intestino grueso,2,,
N824,Otras fistulas del tracto genital femenino al tracto intestinal,2,,
N825,Fistula del tracto genital femenino a la piel,2,,
N828,Otras fistulas del tracto genital femenino,2,,
N829,"Fistula del tracto genital femenino, sin otra especificacion",2,,
N830,Quiste folicular del ovario,2,,
N831,Quiste del cuerpo amarillo,2,,
N832,Otros quistes ovaricos y los no especificados,2,,
N833,Atrofia adquirida del ovario y de la trompa de Falopio,2,,
N834,Prolapso y hernia del ovario y de la trompa de Falopio,2,,
N835,"Torsion de ovario, pediculo de ovario y trompa de Falopio",2,,
N836,Hematosalpinx,2,,
N837,Hematoma del ligamento ancho,2,,
N838,"Otros trastornos no inflamatorios del ovario, de la trompa de Falopio y del ligamento ancho",2,,
N839,"Enfermedad no inflamatoria del ovario, de la trompa de Falopio y del ligamento ancho, no especificada",2,,
N840,Polipo del cuerpo del utero,2,,
N841,Polipo del cuello del utero,2,,
N842,Polipo de la vagina,2,,
N843,Polipo de la vulva,2,,
N848,Polipos de otras partes del tracto genital femenino,2,,
N849,"Polipo del tracto genital femenino, no especificado",2,,
N850,Hiperplasia de glandula del endometrio,2,,
N851,Hiperplasia adenomatosa del endometrio,2,,
N852,Hipertrofia del utero,2,,
N853,Subinvolucion del utero,2,,
N854,Mala posicion del utero,2,,
N855,Inversion del utero,2,,
N856,Sinequias intrauterinas,2,,
N857,Hematometra,2,,
N858,Otros trastornos no inflamatorios especificados del utero,2,,
N859,"Trastorno no inflamatorio del utero, no especificado",2,,
N86X,Erosion y ectropion del cuello del utero,2,,
N870,Displasia cervical leve,2,,
N871,Displasia cervical moderada,2,,
N872,"Displasia cervical severa, no clasificada en otra parte",2,,
N879,"Displasia del cuello del utero, no especificada",2,,
N880,Leucoplasia del cuello del utero,2,,
N881,Laceracion antigua del cuello del utero,2,,
N882,Estrechez y estenosis del cuello del utero,2,,
N883,Incompetencia del cuello del utero,2,,
N884,Elongacion hipertrofica del cuello del utero,2,,
N888,Otros trastornos no inflamatorios especificados del cuello del utero,2,,
N889,"Trastorno no inflamatorio del cuello del utero, no especificado",2,,
N890,Displasia vaginal leve,2,,
N891,Displasia vaginal moderada,2,,
N892,"Displasia vaginal severa, no clasificada en otra parte",2,,
N893,"Displasia de la vagina, no especificada",2,,
N894,Leucoplasia de la vagina,2,,
N895,Estrechez y atresia de la vagina,2,,
N896,Anillo de himen estrecho,2,,
N897,Hematocolpos,2,,
N898,Otros trastornos especificados no inflamatorios de la vagina,2,,
N899,"Trastorno no inflamatorio de la vagina, no especificado",2,,
N900,Displasia vulvar leve,2,,
N901,Displasia vulvar moderada,2,,
N902,"Displasia vulvar severa, no clasificada en otra parte",2,,
N903,"Displasia de la vulva, no especificada",2,,
N904,Leucoplasia de la vulva,2,,
N905,Atrofia de la vulva,2,,
N906,Hipertrofia de la vulva,2,,
N907,Quiste de la vulva,2,,
N908,Otros trastornos no inflamatorios especificados de la vulva y del perineo,2,,
N909,"Trastorno no inflamatorio de la vulva y del perineo, no especificado",2,,
N910,Amenorrea primaria,2,010A,054A
N911,Amenorrea secundaria,2,010A,054A
N912,"Amenorrea, sin otra especificacion",2,010A,054A
N913,Oligomenorrea primaria,2,010A,054A
N914,Oligomenorrea secundaria,2,010A,054A
N915,"Oligomenorrea, no especificada",2,010A,054A
N920,Menstruacion excesiva y frecuente con ciclo regular,2,010A,054A
N921,Menstruacion excesiva y frecuente con ciclo irregular,2,010A,054A
N922,Menstruacion excesiva en la pubertad,2,010A,054A
N923,Hemorragia por ovulacion,2,010A,054A
N924,Hemorragia excesiva en periodo premenopausico,2,010A,054A
N925,Otras menstruaciones irregulares especificadas,2,010A,054A
N926,"Menstruacion irregular, no especificada",2,010A,054A
N930,Hemorragia postcoito y postcontacto,2,010A,120A
N938,Otras hemorragias uterinas o vaginales anormales especificadas,2,010A,120A
N939,"Hemorragia vaginal y uterina anormal, no especificada",2,010A,120A
N940,Dolor intermenstrual,2,010A,054A
N941,Dispareunia,2,010A,120A
N942,Vaginismo,2,010A,120A
N943,Sindrome de tension premenstrual,2,010A,054A
N944,Dismenorrea primaria,2,010A,054A
N945,Dismenorrea secundaria,2,010A,054A
N946,"Dismenorrea, no especificada",2,010A,054A
N948,Otras afecciones especificadas asociadas con los organos genitales femeninos y el ciclo menstrual,2,010A,054A
N949,Afecciones no especificadas asociadas con los organos genitales femeninos y el ciclo menstrual,2,010A,054A
N950,Hemorragia postmenopausica,2,030A,120A
N951,Estados menopausicos y climatericos femeninos,2,030A,120A
N952,Vaginitis atrofica postmenopausica,2,030A,120A
N953,Estados asociados con menopausia artificial,2,030A,120A
N958,Otros trastornos menopausicos y perimenopausicos especificados,2,030A,120A
N959,"Trastorno menopausico y perimenopausico, no especificado",2,030A,120A
N96X,Abortadora habitual,2,010A,054A
N970,Infertilidad femenina asociada con falta de ovulacion,2,010A,054A
N971,Infertilidad femenina de origen tubarico,2,010A,054A
N972,Infertilidad femenina de origen uterino,2,010A,054A
N973,Infertilidad femenina de origen cervical,2,010A,054A
N974,Infertilidad femenina asociada con factores masculinos,2,010A,054A
N978,Infertilidad femenina de otro origen,2,010A,054A
N979,"Infertilidad femenina, no especificada",2,010A,054A
N980,Infeccion asociada con inseminacion artificial,2,020A,035A
N981,Hiperestimulacion de ovarios,2,020A,035A
N982,Complicaciones en el intento de introduccion del huevo fecundado en la fertilizacion in vitro,2,020A,035A
N983,Complicaciones en el intento de introduccion del embrion en la transferencia de embriones,2,020A,035A
N988,Otras complicaciones asociadas con la fecundacion artificial,2,020A,035A
N989,Complicacion no especificada asociada con la fecundacion artificial,2,020A,035A
N990,Insuficiencia renal consecutiva a procedimientos,,,
N991,Estrechez uretral consecutiva a procedimientos,,,
N992,Adherencias postoperatorias de la vagina,2,010A,085A
N993,Prolapso de la cupula vaginal despues de histerectomia,2,020A,085A
N994,Adherencias peritoneales pelvicas consecutivas a procedimientos,,,
N995,Mal funcionamiento de estoma externo de vias urinarias,,,
N998,Otros trastornos del sistema genitourinario consecutivos a procedimientos,,,
N999,Trastorno no especificado del sistema genitourinario consecutivo a procedimientos,,,
O000,Embarazo abdominal,2,010A,054A
O001,Embarazo tubarico,2,010A,054A
O002,Embarazo ovarico,2,010A,054A
O008,Otros embarazos ectopicos,2,010A,054A
O009,"Embarazo ectopico, no especificado",2,010A,054A
O010,Mola hidatiforme clasica,2,010A,054A
O011,"Mola hidatiforme, incompleta o parcial",2,010A,054A
O019,"Mola hidatiforme, no especificada",2,010A,054A
O020,Detencion del desarrollo del huevo y mola no hidatiforme,2,010A,054A
O021,Aborto retenido,2,010A,054A
O028,Otros productos anormales especificados de la concepcion,2,010A,054A
O029,"Producto anormal de la concepcion, no especificado",2,010A,054A
O030,"Aborto espontaneo incompleto, complicado con infeccion genital y pelviana",2,010A,054A
O031,"Aborto espontaneo incompleto, complicado por hemorragia excesiva o tardia",2,010A,054A
O032,"Aborto espontaneo incompleto, complicado por embolia",2,010A,054A
O033,"Aborto espontaneo incompleto, con otras complicaciones especificadas y las no especificadas",2,010A,054A
O034,"Aborto espontaneo incompleto, sin complicacion",2,010A,054A
O035,"Aborto espontaneo completo o no especificado, complicado con infeccion genital y pelviana",2,010A,054A
O036,"Aborto espontaneo completo o no especificado, complicado por hemorragia excesiva o tardia",2,010A,054A
O037,"Aborto espontaneo completo o no especificado, complicado por embolia",2,010A,054A
O038,"Aborto espontaneo completo o no especificado, con otras complicaciones especificadas y las no especificadas",2,010A,054A
O039,"Aborto espontaneo completo o no especificado, sin complicacion",2,010A,054A
O040,"Aborto medico incompleto, complicado con infeccion genital y pelviana",2,010A,054A
O041,"Aborto medico incompleto, complicado por hemorragia excesiva o tardia",2,010A,054A
O042,"Aborto medico incompleto, complicado por embolia",2,010A,054A
O043,"Aborto medico incompleto, con otras complicaciones especificadas y las no especificadas",2,010A,054A
O044,"Aborto medico incompleto, sin complicacion",2,010A,054A
O045,"Aborto medico completo o no especificado, complicado con infeccion genital y pelviana",2,010A,054A
O046,"Aborto medico completo o no especificado, complicado por hemorragia excesiva o tardia",2,010A,054A
O047,"Aborto medico completo o no especificado, complicado por embolia",2,010A,054A
O048,"Aborto medico completo o no especificado, con otras complicaciones especificadas y las no especificadas",2,010A,054A
O049,"Aborto medico completo o no especificado, sin complicacion",2,010A,054A
O050,"Otro aborto incompleto, complicado con infeccion genital y pelviana",2,010A,054A
O051,"Otro aborto incompleto, complicado por hemorragia excesiva o tardia",2,010A,054A
O052,"Otro aborto incompleto, complicado por embolia",2,010A,054A
O053,"Otro aborto incompleto, con otras complicaciones especificadas y las no especificadas",2,010A,054A
O054,"Otro aborto incompleto, sin complicacion",2,010A,054A
O055,"Otro aborto completo o no especificado, complicado con infeccion genital y pelviana",2,010A,054A
O056,"Otro aborto completo o no especificado, complicado por hemorragia excesiva o tardia",2,010A,054A
O057,"Otro aborto completo o no especificado, complicado por embolia",2,010A,054A
O058,"Otro aborto completo o no especificado, con otras complicaciones especificadas y las no especificadas",2,010A,054A
O059,"Otro aborto completo o no especificado, sin complicacion",2,010A,054A
O060,"Aborto no especificado incompleto, complicado con infeccion genital y pelviana",2,010A,054A
O061,"Aborto no especificado incompleto, complicado por hemorragia excesiva o tardia",2,010A,054A
O062,"Aborto no especificado incompleto, complicado por embolia",2,010A,054A
O063,"Aborto no especificado incompleto, con otras complicaciones especificadas y las no especificadas",2,010A,054A
O064,"Aborto no especificado incompleto, sin complicacion",2,010A,054A
O065,"Aborto no especificado completo o no especificado, complicado con infeccion genital y pelviana",2,010A,054A
O066,"Aborto no especificado completo o no especificado, complicado por hemorragia excesiva o tardia",2,010A,054A
O067,"Aborto no especificado completo o no especificado, complicado por embolia",2,010A,054A
O068,"Aborto no especificado completo o no especificado, con otras complicaciones especificadas y las no especificadas",2,010A,054A
O069,"Aborto no especificado completo o no especificado, sin complicacion",2,010A,054A
O070,"Falla de la induccion medica del aborto, complicado por infeccion genital y pelviana",2,010A,054A
O071,"Falla de la induccion medica del aborto, complicado por hemorragia excesiva o tardia",2,010A,054A
O072,"Falla de la induccion medica del aborto, complicado por embolia",2,010A,054A
O073,"Falla de la induccion medica del aborto, con otras complicaciones y las no especificadas",2,010A,054A
O074,"Falla de la induccion medica del aborto, sin complicacion",2,010A,054A
O075,"Otros intentos fallidos de aborto y los no especificados, complicados por infeccion genital y pelviana",2,010A,054A
O076,"Otros intentos fallidos de aborto y los no especificados, complicados por hemorragia excesiva o tardia",2,010A,054A
O077,"Otros intentos fallidos de aborto y los no especificados, complicados por embolia",2,010A,054A
O078,"Otros intentos fallidos de aborto y los no especificados, con otras complicaciones y las no especificadas",2,010A,054A
O079,"Otros intentos fallidos de aborto y los no especificados, sin complicacion",2,010A,054A
O080,"Infeccion genital y pelviana consecutiva al aborto, al embarazo ectopico y al embarazo molar",2,010A,054A
O081,"Hemorragia excesiva o tardia consecutiva al aborto, al embarazo ectopico y al embarazo molar",2,010A,054A
O082,"Embolia consecutiva al aborto, al embarazo ectopico y al embarazo molar",2,010A,054A
O083,"Choque consecutivo al aborto, al embarazo ectopico y al embarazo molar",2,010A,054A
O084,"Insuficiencia renal consecutiva al aborto, al embarazo ectopico y al embarazo molar",2,010A,054A
O085,"Trastorno metabolico consecutivo al aborto, al embarazo ectopico y al embarazo molar",2,010A,054A
O086,"Lesion de organos o tejidos de la pelvis consecutivo al aborto, al embarazo ectopico y al embarazo molar",2,010A,054A
O087,"Otras complicaciones venosas consecutivas al aborto, al embarazo ectopico y al embarazo molar",2,010A,054A
O088,"Otras complicaciones consecutivas al aborto, al embarazo ectopico y al embarazo molar",2,010A,054A
O089,"Complicacion no especificada consecutiva al aborto, al embarazo ectopico y al embarazo molar",2,010A,054A
O100,"Hipertension esencial preexistente que complica el embarazo, el parto y el puerperio",2,010A,054A
O101,"Enfermedad cardiaca hipertensiva preexistente que complica el embarazo, el parto y el puerperio",2,010A,054A
O102,"Enfermedad renal hipertensiva preexistente que complica el embarazo, el parto y el puerperio",2,010A,054A
O103,"Enfermedad cardiorrenal hipertensiva preexistente que complica el embarazo, el parto y el puerperio",2,010A,054A
O104,"Hipertension secundaria preexistente que complica el embarazo, el parto y el puerperio",2,010A,054A
O109,"Hipertension preexistente no especificada, que complica el embarazo, el parto y el puerperio",2,010A,054A
O11X,Preeclampsia superpuesta en hipertension cronica,2,010A,054A
O120,Edema gestacional,2,010A,054A
O121,Proteinuria gestacional,2,010A,054A
O122,Edema gestacional con proteinuria,2,010A,054A
O13X,Hipertension gestacional [inducida por el embarazo],2,010A,054A
O140,Preeclampsia leve a moderada,2,010A,054A
O141,Preeclampsia severa,2,010A,054A
O142,Síndrome HELLP,2,010A,054A
O149,"Preeclampsia, no especificada",2,010A,054A
O150,Eclampsia en el embarazo,2,010A,054A
O151,Eclampsia durante el trabajo de parto,2,010A,054A
O152,Eclampsia en el puerperio,2,010A,054A
O159,"Eclampsia, en periodo no especificado",2,010A,054A
O16X,"Hipertension materna, no especificada",2,010A,054A
O200,Amenaza de aborto,2,010A,054A
O208,Otras hemorragias precoces del embarazo,2,010A,054A
O209,"Hemorragia precoz del embarazo, sin otra especificacion",2,010A,054A
O210,Hiperemesis gravidica leve,2,010A,054A
O211,Hiperemesis gravidica con trastornos metabolicos,2,010A,054A
O212,Hiperemesis gravidica tardia,2,010A,054A
O218,Otros vomitos que complican el embarazo,2,010A,054A
O219,"Vomitos del embarazo, no especificados",2,010A,054A
O220,Venas varicosas de los miembros inferiores en el embarazo,2,010A,054A
O221,Varices genitales en el embarazo,2,010A,054A
O222,Tromboflebitis superficial en el embarazo,2,010A,054A
O223,Flebotrombosis profunda en el embarazo,2,010A,054A
O224,Hemorroides en el embarazo,2,010A,054A
O225,Trombosis venosa cerebral en el embarazo,2,010A,054A
O228,Otras complicaciones venosas en el embarazo,2,010A,054A
O229,Complicacion venosa no especificada en el embarazo,2,010A,054A
O230,Infeccion del rinon en el embarazo,2,010A,054A
O231,Infeccion de la vejiga urinaria en el embarazo,2,010A,054A
O232,Infeccion de la uretra en el embarazo,2,010A,054A
O233,Infeccion de otras partes de las vias urinarias en el embarazo,2,010A,054A
O234,Infeccion no especificada de las vias urinarias en el embarazo,2,010A,054A
O235,Infeccion genital en el embarazo,2,010A,054A
O239,Otras Infecciones y las no especificadas de las vias genitourinarias en el embarazo,2,010A,054A
O240,"Diabetes mellitus preexistente insulinodependiente, en el embarazo",2,010A,054A
O241,"Diabetes mellitus preexistente no insulinodependiente, en el embarazo",2,010A,054A
O242,"Diabetes mellitus preexistente relacionada con desnutricion, en el embarazo",2,010A,054A
O243,"Diabetes mellitus preexistente, sin otra especificacion, en el embarazo",2,010A,054A
O244,Diabetes mellitus que se origina con el embarazo,2,010A,054A
O249,"Diabetes mellitus no especificada, en el embarazo",2,010A,054A
O25X,Desnutricion en el embarazo,2,010A,054A
O260,Aumento excesivo de peso en el embarazo,2,010A,054A
O261,Aumento pequeno de peso en el embarazo,2,010A,054A
O262,Atencion del embarazo en una abortadora habitual,2,010A,054A
O263,Retencion de dispositivo anticonceptivo intrauterino en el embarazo,2,010A,054A
O264,Herpes gestacional,2,010A,054A
O265,Sindrome de hipotension materna,2,010A,054A
O266,"Trastornos del higado en el embarazo, el parto y el puerperio",2,010A,054A
O267,"Subluxacion de la sinfisis (del pubis) en el embarazo, el parto y el puerperio",2,010A,054A
O268,Otras complicaciones especificadas relacionadas con el embarazo,2,010A,054A
O269,"Complicacion relacionada con el embarazo, no especificada",2,010A,054A
O280,Hallazgo hematologico anormal en el examen prenatal de la madre,2,010A,054A
O281,Hallazgo bioquimico anormal en el examen prenatal de la madre,2,010A,054A
O282,Hallazgo citologico anormal en el examen prenatal de la madre,2,010A,054A
O283,Hallazgo ultrasonico anormal en el examen prenatal de la madre,2,010A,054A
O284,Hallazgo radiologico anormal en el examen prenatal de la madre,2,010A,054A
O285,Hallazgo cromosomico o genetico anormal en el examen prenatal de la madre,2,010A,054A
O288,Otros hallazgos anormales en el examen prenatal de la madre,2,010A,054A
O289,Hallazgo anormal no especificado en el examen prenatal de la madre,2,010A,054A
O290,Complicaciones pulmonares de la anestesia administrada durante el embarazo,2,010A,054A
O291,Complicaciones cardiacas de la anestesia administrada durante el embarazo,2,010A,054A
O292,Complicaciones del sistema nervioso central debidas a la anestesia administrada durante el embarazo,2,010A,054A
O293,Reaccion toxica a la anestesia local administrada durante el embarazo,2,010A,054A
O294,Cefalalgia inducida por la anestesia espinal o epidural administradas durante el embarazo,2,010A,054A
O295,Otras complicaciones de la anestesia espinal o epidural administradas durante el embarazo,2,010A,054A
O296,Falla o dificultad en la intubacion durante el embarazo,2,010A,054A
O298,Otras complicaciones de la anestesia administrada durante el embarazo,2,010A,054A
O299,Complicacion no especificada de la anestesia administrada durante el embarazo,2,010A,054A
O300,Embarazo doble,2,010A,054A
O301,Embarazo triple,2,010A,054A
O302,Embarazo cuadruple,2,010A,054A
O308,Otros embarazos multiples,2,010A,054A
O309,"Embarazo multiple, no especificado",2,010A,054A
O310,Feto papiraceo,2,010A,054A
O311,Embarazo que continua despues del aborto de un feto o mas,2,010A,054A
O312,Embarazo que continua despues de la muerte intrauterina de un feto o mas,2,010A,054A
O318,Otras complicaciones especificas del embarazo multiple,2,010A,054A
O320,Atencion materna por posicion fetal inestable,2,010A,054A
O321,Atencion materna por presentacion de nalgas,2,010A,054A
O322,Atencion materna por posicion fetal oblicua o transversa,2,010A,054A
O323,"Atencion materna por presentacion de cara, de frente o de menton",2,010A,054A
O324,Atencion materna por cabeza alta en gestacion a termino,2,010A,054A
O325,Atencion materna por embarazo multiple con presentacion anormal de un feto o mas,2,010A,054A
O326,Atencion materna por presentacion compuesta,2,010A,054A
O328,Atencion materna por otras presentaciones anormales del feto,2,010A,054A
O329,Atencion materna por presentacion anormal no especificada del feto,2,010A,054A
O330,Atencion materna por desproporcion debida a deformidad de la pelvis osea en la madre,2,010A,054A
O331,Atencion materna por desproporcion debida a estrechez general de la pelvis,2,010A,054A
O332,Atencion materna por desproporcion debida a disminucion del estrecho superior de la pelvis,2,010A,054A
O333,Atencion materna por desproporcion debida a disminucion del estrecho inferior de la pelvis,2,010A,054A
O334,"Atencion materna por desproporcion fetopelviana de origen mixto, materno y fetal",2,010A,054A
O335,Atencion materna por desproporcion debida a feto demasiado grande,2,010A,054A
O336,Atencion materna por desproporcion debida a feto hidrocefalico,2,010A,054A
O337,Atencion materna por desproporcion debida a otra deformidad fetal,2,010A,054A
O338,Atencion materna por desproporcion de otro origen,2,010A,054A
O339,Atencion materna por desproporcion de origen no especificado,2,010A,054A
O340,Atencion materna por anomalia congenita del utero,2,010A,054A
O341,Atencion materna por tumor del cuerpo del utero,2,010A,054A
O342,Atencion materna por cicatriz uterina debida a cirugia previa,2,010A,054A
O343,Atencion materna por incompetencia del cuello uterino,2,010A,054A
O344,Atencion materna por otra anormalidad del cuello uterino,2,010A,054A
O345,Atencion materna por otras anormalidades del utero gravido,2,010A,054A
O346,Atencion materna por anormalidad de la vagina,2,010A,054A
O347,Atencion materna por anormalidad de la vulva y del perineo,2,010A,054A
O348,Atencion materna por otras anormalidades de los organos pelvianos,2,010A,054A
O349,Atencion materna por anormalidad no especificada de organo pelviano,2,010A,054A
O350,Atencion materna por (presunta) malformacion del sistema nervioso central en el feto,2,010A,054A
O351,Atencion materna por (presunta) anormalidad cromosomica en el feto,2,010A,054A
O352,Atencion materna por (presunta) enfermedad hereditaria en el feto,2,010A,054A
O353,Atencion materna por (presunta) lesion fetal debida a enfermedad virica en la madre,2,010A,054A
O354,Atencion materna por (presunta) lesion al feto debida al alcohol,2,010A,054A
O355,Atencion materna por (presunta) lesion fetal debida a drogas,2,010A,054A
O356,Atencion materna por (presunta) lesion al feto debida a radiacion,2,010A,054A
O357,Atencion materna por (presunta) lesion fetal debida a otros procedimientos medicos,2,010A,054A
O358,Atencion materna por otras (presuntas) anormalidades y lesiones fetales,2,010A,054A
O359,Atencion materna por (presunta) anormalidad y lesion fetal no especificada,2,010A,054A
O360,Atencion materna por isoinmunizacion rhesus,2,010A,054A
O361,Atencion materna por otra isoinmunizacion,2,010A,054A
O362,Atencion materna por hidropesia fetal,2,010A,054A
O363,Atencion materna por signos de hipoxia fetal,2,010A,054A
O364,Atencion materna por muerte intrauterina,2,010A,054A
O365,Atencion materna por deficit del crecimiento fetal,2,010A,054A
O366,Atencion materna por crecimiento fetal excesivo,2,010A,054A
O367,Atencion materna por feto viable en embarazo abdominal,2,010A,054A
O368,Atencion materna por otros problemas fetales especificados,2,010A,054A
O369,Atencion materna por problemas fetales no especificados,2,010A,054A
O40X,Polihidramnios,2,010A,054A
O410,Oligohidramnios,2,010A,054A
O411,Infeccion de la bolsa amniotica o de las membranas,2,010A,054A
O418,Otros trastornos especificados del liquido amniotico y de las membranas,2,010A,054A
O419,"Trastorno del liquido amniotico y de las membranas, no especificado",2,010A,054A
O420,"Ruptura prematura de las membranas, e inicio del trabajo de parto dentro de las 24 horas",2,010A,054A
O421,"Ruptura prematura de las membranas, e inicio del trabajo de parto despues de las 24 horas",2,010A,054A
O422,"Ruptura prematura de las membranas, trabajo de parto retrasado por la terapeutica",2,010A,054A
O429,"Ruptura prematura de las membranas, sin otra especificacion",2,010A,054A
O430,Sindrome de transfusion placentaria,2,010A,054A
O431,Malformacion de la placenta,2,010A,054A
O432,Placenta anormalmente adherida,2,010A,054A
O438,Otros trastornos placentarios,2,010A,054A
O439,"Trastorno de la placenta, no especificado",2,010A,054A
O440,Placenta previa con especificacion de que no hubo hemorragia,2,010A,054A
O441,Placenta previa con hemorragia,2,010A,054A
O450,Desprendimiento prematuro de la placenta con defecto de la coagulacion,2,010A,054A
O458,Otros desprendimientos prematuros de la placenta,2,010A,054A
O459,"Desprendimiento prematuro de la placenta, sin otra especificacion",2,010A,054A
O460,Hemorragia anteparto con defecto de la coagulacion,2,010A,054A
O468,Otras hemorragias anteparto,2,010A,054A
O469,"Hemorragia anteparto, no especificada",2,010A,054A
O470,Falso trabajo de parto antes de las 37 semanas completas de gestacion,2,010A,054A
O471,Falso trabajo de parto a las 37 y mas semanas completas de gestacion,2,010A,054A
O479,"Falso trabajo de parto, sin otra especificacion",2,010A,054A
O48X,Embarazo prolongado,2,010A,054A
O600,Trabajo de parto prematuro sin parto,2,010A,054A
O601,Trabajo de parto prematuro espontaneo con parto prematuro,2,010A,054A
O602,Trabajo de parto prematuro espontaneo con parto a termino,2,010A,054A
O603,Parto prematuro sin trabajo de parto espontáneo,2,010A,054A
O610,Fracaso de la induccion medica del trabajo de parto,2,010A,054A
O611,Fracaso de la induccion instrumental del trabajo de parto,2,010A,054A
O618,Otros fracasos de la induccion del trabajo de parto,2,010A,054A
O619,Fracaso no especificado de la induccion del trabajo de parto,2,010A,054A
O620,Contracciones primarias inadecuadas,2,010A,054A
O621,Inercia uterina secundaria,2,010A,054A
O622,Otras inercias uterinas,2,010A,054A
O623,Trabajo de parto precipitado,2,010A,054A
O624,"Contracciones uterinas hipertonicas, incoordinadas y prolongadas",2,010A,054A
O628,Otras anomalias dinamicas del trabajo de parto,2,010A,054A
O629,"Anomalia dinamica del trabajo de parto, no especificada",2,010A,054A
O630,Prolongacion del primer periodo (del trabajo de parto),2,010A,054A
O631,Prolongacion del segundo periodo (del trabajo de parto),2,010A,054A
O632,"Retraso de la expulsion del segundo gemelo, del tercero, etc.",2,010A,054A
O639,"Trabajo de parto prolongado, no especificado",2,010A,054A
O640,Trabajo de parto obstruido debido a rotacion incompleta de la cabeza fetal,2,010A,054A
O641,Trabajo de parto obstruido debido a presentacion de nalgas,2,010A,054A
O642,Trabajo de parto obstruido debido a presentacion de cara,2,010A,054A
O643,Trabajo de parto obstruido debido a presentacion de frente,2,010A,054A
O644,Trabajo de parto obstruido debido a presentacion de hombro,2,010A,054A
O645,Trabajo de parto obstruido debido a presentacion compuesta,2,010A,054A
O648,Trabajo de parto obstruido debido a otras presentaciones anormales del feto,2,010A,054A
O649,Trabajo de parto obstruido debido a presentacion anormal del feto no especificada,2,010A,054A
O650,Trabajo de parto obstruido debido a deformidad de la pelvis,2,010A,054A
O651,Trabajo de parto obstruido debido a estrechez general de la pelvis,2,010A,054A
O652,Trabajo de parto obstruido debido a disminucion del estrecho superior de la pelvis,2,010A,054A
O653,Trabajo de parto obstruido debido a disminucion del estrecho inferior de la pelvis,2,010A,054A
O654,"Trabajo de parto obstruido debido a desproporcion fetopelviana, sin otra especificacion",2,010A,054A
O655,Trabajo de parto obstruido debido a anomalias de los organos pelvianos maternos,2,010A,054A
O658,Trabajo de parto obstruido debido a otras anomalias pelvianas maternas,2,010A,054A
O659,Trabajo de parto obstruido debido a anomalia pelviana no especificada,2,010A,054A
O660,Trabajo de parto obstruido debido a distocia de hombros,2,010A,054A
O661,Trabajo de parto obstruido debido a distocia gemelar,2,010A,054A
O662,Trabajo de parto obstruido debido a distocia por feto inusualmente grande,2,010A,054A
O663,Trabajo de parto obstruido debido a otras anormalidades del feto,2,010A,054A
O664,"Fracaso de la prueba del trabajo de parto, no especificada",2,010A,054A
O665,Fracaso no especificado de la aplicacion de forceps o de ventosa extractora,2,010A,054A
O668,Otras obstrucciones especificadas del trabajo de parto,2,010A,054A
O669,"Trabajo de parto obstruido, sin otra especificacion",2,010A,054A
O670,Hemorragia intraparto con defectos de la coagulacion,2,010A,054A
O678,Otras hemorragias intraparto,2,010A,054A
O679,"Hemorragia intraparto, no especificada",2,010A,054A
O680,Trabajo de parto y parto complicados por anomalia de la frecuencia cardiaca fetal,2,010A,054A
O681,Trabajo de parto y parto complicados por la presencia de meconio en el liquido amniotico,2,010A,054A
O682,Trabajo de parto y parto complicados por anomalia de la frecuencia cardiaca fetal asociada con presencia de meconio en el liquido amniotico,2,010A,054A
O683,Trabajo de parto y parto complicados por evidencia bioquimica de sufrimiento fetal,2,010A,054A
O688,Trabajo de parto y parto complicados por otras evidencias de sufrimiento fetal,2,010A,054A
O689,"Trabajo de parto y parto complicados por sufrimiento fetal, sin otra especificacion",2,010A,054A
O690,Trabajo de parto y parto complicados por prolapso del cordon umbilical,2,010A,054A
O691,"Trabajo de parto y parto complicados por circular pericervical del cordon, con compresion",2,010A,054A
O692,Trabajo de parto y parto complicados por otros enredos del cordon umblical con compresion,2,010A,054A
O693,Trabajo de parto y parto complicados por cordon umbilical corto,2,010A,054A
O694,Trabajo de parto y parto complicados por vasa previa,2,010A,054A
O695,Trabajo de parto y parto complicados por lesion vascular del cordon,2,010A,054A
O698,Trabajo de parto y parto complicados por otros problemas del cordon umbilical,2,010A,054A
O699,Trabajo de parto y parto complicados por problemas no especificados del cordon umbilical,2,010A,054A
O700,Desgarro perineal de primer grado durante el parto,2,010A,054A
O701,Desgarro perineal de segundo grado durante el parto,2,010A,054A
O702,Desgarro perineal de tercer grado durante el parto,2,010A,054A
O703,Desgarro perineal de cuarto grado durante el parto,2,010A,054A
O709,"Desgarro perineal durante el parto, de grado no epecificado",2,010A,054A
O710,Ruptura del utero antes del inicio del trabajo de parto,2,010A,054A
O711,Ruptura del utero durante el trabajo de parto,2,010A,054A
O712,"Inversion del utero, postparto",2,010A,054A
O713,Desgarro obstetrico del cuello uterino,2,010A,054A
O714,Desgarro vaginal obstetrico alto,2,010A,054A
O715,Otros traumatismos obstetricos de los organos pelvianos,2,010A,054A
O716,Traumatismo obstetrico de los ligamentos y articulaciones de la pelvis,2,010A,054A
O717,Hematoma obstetrico de la pelvis,2,010A,054A
O718,Otros traumas obstetricos especificados,2,010A,054A
O719,"Trauma obstetrico, no especificado",2,010A,054A
O720,Hemorragia del tercer periodo del parto,2,010A,054A
O721,Otras hemorragias postparto inmediatas,2,010A,054A
O722,Hemorragia postparto secundaria o tardia,2,010A,054A
O723,Defecto de la coagulacion postparto,2,010A,054A
O730,Retencion de la placenta sin hemorragia,2,010A,054A
O731,"Retencion de fragmentos de la placenta o de las membranas, sin hemorragia",2,010A,054A
O740,Neumonitis por aspiracion debida a la anestesia administrada durante el trabajo de parto y el parto,2,010A,054A
O741,Otras complicaciones pulmonares debidas a la anestesia administrada durante el trabajo de parto y el parto,2,010A,054A
O742,Complicaciones cardiacas de la anestesia administrada durante el trabajo de parto y el parto,2,010A,054A
O743,Complicaciones del sistema nervioso central por la anestesia administrada durante el trabajo de parto y el parto,2,010A,054A
O744,Reaccion toxica a la anestesia local administrada durante el trabajo de parto y el parto,2,010A,054A
O745,Cefalalgia inducida por la anestesia espinal o epidural administradas durante el trabajo de parto y el parto,2,010A,054A
O746,Otras complicaciones de la anestesia espinal o epidural administradas durante el trabajo de parto y el parto,2,010A,054A
O747,Falla o dificultad en la intubacion durante el trabajo de parto y el parto,2,010A,054A
O748,Otras complicaciones de la anestesia administrada durante el trabajo de parto y el parto,2,010A,054A
O749,Complicacion no especificada de la anestesia administrada durante el trabajo de parto y el parto,2,010A,054A
O750,Sufrimiento materno durante el trabajo de parto y el parto,2,010A,054A
O751,Choque durante o despues del trabajo de parto y el parto,2,010A,054A
O752,"Pirexia durante el trabajo de parto, no clasificada en otra parte",2,010A,054A
O753,Otras infecciones durante el trabajo de parto,2,010A,054A
O754,Otras complicaciones de procedimientos y de cirugia  obstetrica,2,010A,054A
O755,Retraso del parto despues de la ruptura artificial de las membranas,2,010A,054A
O756,Retraso del parto despues de la ruptura espontanea o no especificada de las membranas,2,010A,054A
O757,Parto vaginal posterior a una cesarea previa,2,010A,054A
O758,Otras complicaciones especificadas del trabajo de parto y del parto,2,010A,054A
O759,Complicacion no especificada del trabajo de parto y del parto,2,010A,054A
O800,"Parto unico espontaneo, presentacion cefalica de vertice",2,010A,054A
O801,"Parto unico espontaneo, presentacion de nalgas o podalica",2,010A,054A
O808,"Parto unico espontaneo, otras presentaciones",2,010A,054A
O809,"Parto unico espontaneo, sin otra especificacion",2,010A,054A
O810,Parto con forceps bajo,2,010A,054A
O811,Parto con forceps medio,2,010A,054A
O812,Parto con forceps medio con rotacion,2,010A,054A
O813,Parto con forceps de otros tipos y los no especificados,2,010A,054A
O814,Parto con ventosa extractora,2,010A,054A
O815,Parto con combinacion de forceps y ventosa extractora,2,010A,054A
O820,Parto por cesarea electiva,2,010A,054A
O821,Parto por cesarea de emergencia,2,010A,054A
O822,Parto por cesarea con histerectomia,2,010A,054A
O828,Otros partos unicos por cesarea,2,010A,054A
O829,"Parto por cesarea, sin otra especificacion",2,010A,054A
O830,Extraccion de nalgas,2,010A,054A
O831,"Otros partos unicos asistidos, de nalgas",2,010A,054A
O832,Otros partos unicos con ayuda de manipulacion obstetrica,2,010A,054A
O833,Parto de feto viable en embarazo abdominal,2,010A,054A
O834,Operacion destructiva para facilitar el parto,2,010A,054A
O838,Otros partos unicos asistidos especificados,2,010A,054A
O839,"Parto unico asistido, sin otra especificacion",2,010A,054A
O840,"Parto multiple, todos espontaneos",2,010A,054A
O841,"Parto multiple, todos por forceps y ventosa extractora",2,010A,054A
O842,"Parto multiple, todos por cesarea",2,010A,054A
O848,Otros partos multiples,2,010A,054A
O849,"Parto multiple, no especificado",2,010A,054A
O85X,Sepsis puerperal,2,010A,054A
O860,Infeccion de herida quirurgica obstetrica,2,010A,054A
O861,Otras infecciones genitales consecutivas al parto,2,010A,054A
O862,Infeccion de las vias urinarias consecutiva al parto,2,010A,054A
O863,Otras infecciones de las vias genitourinarias consecutivas al parto,2,010A,054A
O864,Pirexia de origen desconocido consecutiva al parto,2,010A,054A
O868,Otras infecciones puerperales especificadas,2,010A,054A
O870,Tromboflebitis superficial en el puerperio,2,010A,054A
O871,Flebotrombosis profunda en el puerperio,2,010A,054A
O872,Hemorroides en el puerperio,2,010A,054A
O873,Trombosis venosa cerebral en el puerperio,2,010A,054A
O878,Otras complicaciones venosas en el puerperio,2,010A,054A
O879,"Complicacion venosa en el puerperio, no especificada",2,010A,054A
O880,"Embolia gaseosa, obstetrica",2,010A,054A
O881,Embolia de liquido amniotico,2,010A,054A
O882,"Embolia de coagulo sanguineo, obstetrica",2,010A,054A
O883,"Embolia septica y piemica, obstetrica",2,010A,054A
O888,Otras embolias obstetricas,2,010A,054A
O890,Complicaciones pulmonares de la anestesia administrada durante el puerperio,2,010A,054A
O891,Complicaciones cardiacas de la anestesia administrada durante el puerperio,2,010A,054A
O892,Complicaciones del sistema nervioso central debidas a la anestesia administrada durante el puerperio,2,010A,054A
O893,Reaccion toxica a la anestesia local administrada durante el puerperio,2,010A,054A
O894,Cefalalgia inducida por la anestesia espinal o epidural administradas durante el puerperio,2,010A,054A
O895,Otras complicaciones de la anestesia espinal o epidural administradas durante el puerperio,2,010A,054A
O896,Falla o dificultad de intubacion durante el puerperio,2,010A,054A
O898,Otras complicaciones de la anestesia administrada durante el puerperio,2,010A,054A
O899,Complicacion no especificada de la anestesia administrada durante el puerperio,2,010A,054A
O900,Dehiscencia de sutura de cesarea,2,010A,054A
O901,Dehiscencia de sutura obstetrica perineal,2,010A,054A
O902,Hematoma de herida quirurgica obstetrica,2,010A,054A
O903,Cardiomiopatia en el puerperio,2,010A,054A
O904,Insuficiencia renal aguda postparto,2,010A,054A
O905,Tiroiditis postparto,2,010A,054A
O908,"Otras complicaciones puerperales, no clasificadas en otra parte",2,010A,054A
O909,"Complicacion puerperal, no especificada",2,010A,054A
O910,Infecciones del pezon asociados con el parto,2,010A,054A
O911,Absceso de la mama asociado con el parto,2,010A,054A
O912,Mastitis no purulenta asociada con el parto,2,010A,054A
O920,Retraccion del pezon asociada con el parto,2,010A,054A
O921,Fisuras del pezon asociadas con el parto,2,010A,054A
O922,Otros trastornos de la mama y los no especificados asociados con el parto,2,010A,054A
O923,Agalactia,2,010A,054A
O924,Hipogalactia,2,010A,054A
O925,Supresion de la lactancia,2,010A,054A
O926,Galactorrea,2,010A,054A
O927,Otros trastornos y los no especificados de la lactancia,2,010A,054A
O93X,Muerte materna de causa basica especificada en otro capitulo,2,010A,054A
O94X,"Secuelas de complicaciones del embarazo, del parto y del puerperio",2,010A,054A
O95X,Muerte obstetrica de causa no especificada,2,010A,054A
O960,Muerte por causa obstétrica directa que ocurre después de 42 días pero antes de un año del parto,2,010A,054A
O961,Muerte por causa obstétrica indirecta que ocurre después de 42 días pero antes de un año del parto,2,010A,054A
O969,"Muerte por causa obstétrica no especificada, que ocurre después de 42 días pero antes de un año del parto",2,010A,054A
O970,Muerte por secuelas de causa obstétrica directa,2,010A,054A
O971,Muerte por secuelas de causa obstétrica indirecta,2,010A,054A
O979,Muerte por secuelas de causa obstétrica no especificada,2,010A,054A
O980,"Tuberculosis que complica el embarazo, el parto y el puerperio",2,010A,054A
O981,"Sifilis que complica el embarazo, el parto y el puerperio",2,010A,054A
O982,"Gonorrea que complica el embarazo, el parto y el puerperio",2,010A,054A
O983,"Otras infecciones con un modo de transmision predominantemente sexual que complican el embarazo, parto y puerperio",2,010A,054A
O984,"Hepatitis viral que complica el embarazo, el parto y el puerperio",2,010A,054A
O985,"Otras enfermedades virales que complican el embarazo, el parto y el puerperio",2,010A,054A
O986,"Enfermedades causadas por protozoarios que complican el embarazo, el parto y el puerperio",2,010A,054A
O987,"Enfermedad por virus de la inmunodeficiencia humana [VIH] que complica el embarazo, el parto y el puerperio",2,010A,054A
O988,"Otras enfermedades infecciosas y parasitarias maternas que complican el embarazo, el parto y el puerperio",2,010A,054A
O989,"Enfermedad infecciosa y parasitaria materna no especificada que complica el embarazo, el parto y el puerperio",2,010A,054A
O990,"Anemia que complica el embarazo, el parto y el puerperio",2,010A,054A
O991,"Otras enfermedades de la sangre y organos hematopoyeticos y ciertos trastornos que afectan el sistema inmunitario cuando complican el embarazo, el parto y puerperio",2,010A,054A
O992,"Enfermedades endocrinas, de la nutricion y del metabolismo que complican el embarazo, el parto y el puerperio",2,010A,054A
O993,"Trastornos mentales y enfermedades del sistema nervioso que complican el embarazo, el parto y el puerperio",2,010A,054A
O994,"Enfermedades del sistema circulatorio que complican el embarazo, el parto y el purperio",2,010A,054A
O995,"Enfermedades del sistema respiratorio que complican el embarazo, el parto y el puerperio",2,010A,054A
O996,"Enfermedades del sistema digestivo que complican el embarazo, el parto y el puerperio",2,010A,054A
O997,"Enfermedades de la piel y del tejido subcutaneo que complican el embarazo, el parto y el puerperio",2,010A,054A
O998,"Otras enfermedades especificadas y afecciones que complican el embarazo, el parto y el puerperio",2,010A,054A
P000,Feto y recien nacido afectados por trastornos hipertensivos de la madre,,000H,011M
P001,Feto y recien nacido afectados por enfermedades renales y de las vias urinarias de la madre,,000H,011M
P002,Feto y recien nacido afectados por enfermedades infecciosas y parasitarias de la madre,,000H,011M
P003,Feto y recien nacido afectados por otras enfermedades circulatorias y respiratorias de la madre,,000H,011M
P004,Feto y recien nacido afectados por trastornos nutricionales de la madre,,000H,011M
P005,Feto y recien nacido afectados por traumatismo de la madre,,000H,011M
P006,Feto y recien nacido afectados por procedimiento quirurgico en la madre,,000H,011M
P007,"Feto y recien nacido afectados por otro procedimiento medico en la madre, no clasificado en otra parte",,000H,011M
P008,Feto y recien nacido afectados por otras afecciones maternas,,000H,011M
P009,Feto y recien nacido afectados por afeccion materna no especificada,,000H,011M
P010,Feto y recien nacido afectados por incompetencia del cuello uterino,,000H,011M
P011,Feto y recien nacido afectados por ruptura prematura de las membranas,,000H,011M
P012,Feto y recien nacido afectados por oligohidramnios,,000H,011M
P013,Feto y recien nacido afectados por polihidramnios,,000H,011M
P014,Feto y recien nacido afectados por embarazo ectopico,,000H,011M
P015,Feto y recien nacido afectados por embarazo multiple,,000H,011M
P016,Feto y recien nacido afectados por muerte materna,,000H,011M
P017,Feto y recien nacido afectados por presentacion anomala antes del trabajo de parto,,000H,011M
P018,Feto y recien nacido afectados por otras complicaciones maternas del embarazo,,000H,011M
P019,Feto y recien nacido afectados por complicaciones maternas no especificadas del embarazo,,000H,011M
P020,Feto y recien nacido afectados por placenta previa,,000H,011M
P021,Feto y recien nacido afectados por otras formas de desprendimiento y de hemorragia placentarios,,000H,011M
P022,Feto y recien nacido afectados por otras anormalidades morfologicas y funcionales de la placenta y las no especificadas,,000H,011M
P023,Feto y recien nacido afectados por sindromes de transfusion placentaria,,000H,011M
P024,Feto y recien nacido afectados por prolapso del cordon umbilical,,000H,011M
P025,Feto y recien nacido afectados por otra compresion del cordon umbilical,,000H,011M
P026,Feto y recien nacido afectados por otras complicaciones del cordon umbilical y las no especificadas,,000H,011M
P027,Feto y recien nacido afectados por corioamnionitis,,000H,011M
P028,Feto y recien nacido afectados por otras anormalidades de las membranas,,000H,011M
P029,Feto y recien nacido afectados por anormalidad no especificada de las membranas,,000H,011M
P030,Feto y recien nacido afectados por parto y extraccion de nalgas,,000H,011M
P031,"Feto y recien nacido afectados por otra presentacion anomala, posicion anomala y desproporcion durante el trabajo de parto y el parto",,000H,011M
P032,Feto y recien nacido afectados por parto con forceps,,000H,011M
P033,Feto y recien nacido afectados por parto con ventosa extractora,,000H,011M
P034,Feto y recien nacido afectados por parto por cesarea,,000H,011M
P035,Feto y recien nacido afectados por parto precipitado,,000H,011M
P036,Feto y recien nacido afectados por contracciones uterinas anormales,,000H,011M
P038,Feto y recien nacido afectados por otras complicaciones especificadas del trabajo de parto y del parto,,000H,011M
P039,Feto y recien nacido afectados por complicaciones no especificadas del trabajo de parto y del parto,,000H,011M
P040,"Feto y recien nacido afectados por anestesia y analgesia materna en el embarazo, trabajo de parto y en el parto",,000H,011M
P041,Feto y recien nacido afectados por otras medicaciones maternas,,000H,011M
P042,Feto y recien nacido afectados por tabaquismo de la madre,,000H,011M
P043,Feto y recien nacido afectados por alcoholismo de la madre,,000H,011M
P044,Feto y recien nacido afectados por drogadiccion materna,,000H,011M
P045,Feto y recien nacido afectados por el uso materno de sustancias quimicas nutricionales,,000H,011M
P046,Feto y recien nacido afectados por exposicion materna a sustancias quimicas ambientales,,000H,011M
P048,Feto y recien nacido afectados por otras influencias nocivas de la madre,,000H,011M
P049,"Feto y recien nacido afectados por influencias nocivas de la madre, no especificadas",,000H,011M
P050,Bajo peso para la edad gestacional,,000H,011M
P051,Pequeno para la edad gestacional,,000H,011M
P052,"Desnutricion fetal, sin mencion de peso o talla bajos para la edad gestacional",,000H,011M
P059,"Retardo del crecimiento fetal, no especificado",,000H,011M
P070,Peso extremadamente bajo al nacer,,000H,011M
P071,Otro peso bajo al nacer,,000H,011M
P072,Inmaturidad extrema,,000H,011M
P073,Otros recien nacidos pretermino,,000H,011M
P080,Recien nacido excepcionalmente grande,,000H,011M
P081,Otros recien nacidos con sobrepeso para la edad gestacional,,000H,011M
P082,Recien nacido postermino sin sobrepeso para su edad gestacional,,000H,011M
P100,Hemorragia subdural debida a traumatismo del nacimiento,,000H,027D
P101,Hemorragia cerebral debida a traumatismo del nacimiento,,000H,027D
P102,Hemorragia intraventricular debida a traumatismo del nacimiento,,000H,027D
P103,Hemorragia subaracnoidea debida a traumatismo del nacimiento,,000H,027D
P104,Desgarro  tentorial debido a traumatismo del nacimiento,,000H,027D
P108,Otras Hemorragias y laceraciones intracraneales debidas a traumatismo del nacimiento,,000H,027D
P109,"Hemorragia y laceracion intracraneales no especificadas, debidas a traumatismo del nacimiento",,000H,027D
P110,Edema cerebral debido a traumatismo del nacimiento,,000H,011M
P111,"Otras lesiones especificadas del encefalo, debidas a traumatismo del nacimiento",,000H,011M
P112,"Lesion no especificada del encefalo, debida a traumatismo del nacimiento",,000H,011M
P113,Traumatismo del nacimiento en el nervio facial,,000H,011M
P114,Traumatismo del nacimiento en otros nervios craneales,,000H,011M
P115,Traumatismo del nacimiento en la columna vertebral y en la medula espinal,,000H,011M
P119,"Traumatismo del nacimiento en el sistema nervioso central, no especificado",,000H,011M
P120,Cefalohematoma debido a traumatismo del nacimiento,,000H,027D
P121,Caput succedaneum debido a traumatismo del nacimiento,,000H,027D
P122,Hemorragia epicraneal subaponeurotica debida a traumatismo del nacimiento,,000H,027D
P123,Equimosis del cuero cabelludo debida a traumatismo del nacimiento,,000H,027D
P124,Traumatismo en el cuero cabelludo del recien nacido por monitoreo fetal,,000H,027D
P128,Otros traumatismos del nacimiento en el cuero cabelludo,,000H,027D
P129,"Traumatismo del nacimiento en el cuero cabelludo, no especificado",,000H,027D
P130,Fractura del craneo debida a traumatismo del nacimiento,,000H,011M
P131,Otros traumatismos del craneo durante el nacimiento,,000H,011M
P132,Traumatismo del femur durante el nacimiento,,000H,011M
P133,Traumatismo de otros huesos largos durante el nacimiento,,000H,011M
P134,Fractura de la clavicula debida a traumatismo del nacimiento,,000H,011M
P138,Traumatismo del nacimiento en otras partes del esqueleto,,000H,011M
P139,Traumatismo no especificado del esqueleto durante el nacimiento,,000H,011M
P140,Paralisis de Erb debida a traumatismo del nacimiento,,000H,011M
P141,Paralisis de Klumpke debida a traumatismo del nacimiento,,000H,011M
P142,Paralisis del nervio frenico debida a traumatismo del nacimiento,,000H,011M
P143,Otro traumatismo del plexo braquial durante el nacimiento,,000H,011M
P148,Traumatismo durante el nacimiento en otras partes del sistema nervioso periferico,,000H,011M
P149,Traumatismo no especificado del sistema nervioso periferico durante el nacimiento,,000H,011M
P150,Lesion del higado durante el nacimiento,,000H,011M
P151,Lesion del bazo durante el nacimiento,,000H,011M
P152,Traumatismo del musculo esternocleidomastoideo durante el nacimiento,,000H,011M
P153,Traumatismo ocular durante el nacimiento,,000H,011M
P154,Traumatismo facial durante el nacimiento,,000H,011M
P155,Traumatismo de los genitales externos durante el nacimiento,,000H,011M
P156,Necrosis grasa subcutanea debida a traumatismo del nacimiento,,000H,011M
P158,"Otros traumatismos especificados, durante el nacimiento",,000H,011M
P159,"Traumatismo no especificado, durante el nacimiento",,000H,011M
P200,Hipoxia intrauterina notada por primera vez antes del inicio del trabajo de parto,,000H,011M
P201,Hipoxia intrauterina notada por primera vez durante el trabajo de parto y el parto,,000H,011M
P209,"Hipoxia intrauterina, no especificada",,000H,011M
P210,"Asfixia del nacimiento, severa",,000H,011M
P211,"Asfixia del nacimiento, leve y moderada",,000H,011M
P219,"Asfixia del nacimiento, no especificada",,000H,011M
P220,Sindrome de dificultad respiratoria del recien nacido,,000H,011M
P221,Taquipnea transitoria del recien nacido,,000H,011M
P228,Otras dificultades respiratorias del recien nacido,,000H,011M
P229,"Dificultad respiratoria del recien nacido, no especificada",,000H,011M
P230,Neumonia congenita debida a agente viral,,000H,011M
P231,Neumonia congenita debida a chlamydia,,000H,011M
P232,Neumonia congenita debida a estafilococos,,000H,011M
P233,Neumonia congenita debida a estreptococos del grupo B,,000H,011M
P234,Neumonia congenita debida a Escherichia coli,,000H,011M
P235,Neumonia congenita debida a Pseudomonas,,000H,011M
P236,Neumonia congenita debida a otros agentes bacterianos,,000H,011M
P238,Neumonia congenita debida a otros organismos,,000H,011M
P239,"Neumonia congenita, organismo no especificado",,000H,011M
P240,Aspiracion neonatal de meconio,,000H,011M
P241,Aspiracion neonatal de liquido amniotico y de moco,,000H,011M
P242,Aspiracion neonatal de sangre,,000H,011M
P243,Aspiracion neonatal de leche y alimento regurgitado,,000H,011M
P248,Otros sindromes de aspiracion neonatal,,000H,011M
P249,"Sindrome de aspiracion neonatal, sin otra especificacion",,000H,011M
P250,Enfisema intersticial originado en el periodo perinatal,,000H,011M
P251,Neumotorax originado en el periodo perinatal,,000H,011M
P252,Neumomediastino originado en el periodo perinatal,,000H,011M
P253,Neumopericardio originado en el periodo perinatal,,000H,011M
P258,"Otras afecciones relacionadas con el enfisema intersticial, originadas en el periodo perinatal",,000H,011M
P260,Hemorragia traqueobronquial originada en el periodo perinatal,,000H,011M
P261,Hemorragia pulmonar masiva originada en el periodo perinatal,,000H,011M
P268,Otras Hemorragias pulmonares originadas en el periodo perinatal,,000H,011M
P269,"Hemorragia pulmonar no especificada, originada en el periodo perinatal",,000H,011M
P270,Sindrome de Wilson-Mikity,,000H,011M
P271,Displasia broncopulmonar originada en el periodo perinatal,,000H,011M
P278,Otras enfermedades respiratorias cronicas originadas en el periodo perinatal,,000H,011M
P279,Enfermedad respiratoria cronica no especificada originada en el periodo perinatal,,000H,011M
P280,Atelectasia primaria del recien nacido,,000H,011M
P281,Otras atelectasias del recien nacido y las no especificadas,,000H,011M
P282,Ataque cianotico del recien nacido,,000H,011M
P283,Apnea primaria del sueno del recien nacido,,000H,011M
P284,Otras apneas del recien nacido,,000H,011M
P285,Insuficiencia respiratoria del recien nacido,,000H,011M
P288,Otros problemas respiratorios especificados del recien nacido,,000H,011M
P289,Afeccion respiratoria no especificada del recien nacido,,000H,011M
P290,Insuficiencia cardiaca neonatal,,000H,011M
P291,Disritmia cardiaca neonatal,,000H,011M
P292,Hipertension neonatal,,000H,011M
P293,Persistencia de la circulacion fetal,,000H,011M
P294,Isquemia miocardica transitoria del recien nacido,,000H,011M
P298,Otros trastornos cardiovasculares originados en el periodo perinatal,,000H,011M
P299,"Trastorno cardiovascular no especificado, originado en el periodo perinatal",,000H,011M
P350,Sindrome de rubeola congenita,,000H,011M
P351,Infeccion citomegalovirica congenita,,000H,011M
P352,Infecciones congenitas por virus del herpes simple,,000H,011M
P353,Hepatitis viral congenita,,000H,011M
P358,Otras enfermedades virales congenitas,,000H,011M
P359,"Enfermedad viral congenita, sin otra especificacion",,000H,011M
P360,Sepsis del recien nacido debida a estreptococo del grupo B,,000H,011M
P361,Sepsis del recien nacido debida a otros estreptococos  y a los no especificados,,000H,011M
P362,Sepsis del recien nacido debida a Staphylococcus aureus,,000H,011M
P363,Sepsis del recien nacido debida a otros estafilococos  y a los no especificados,,000H,011M
P364,Sepsis del recien nacido debida a Escherichia coli,,000H,011M
P365,Sepsis del recien nacido debida a anaerobios,,000H,011M
P368,Sepsis del recien nacido debida a otras bacterias,,000H,011M
P369,"Sepsis bacteriana del recien nacido, no especificada",,000H,011M
P370,Tuberculosis congenita,,000H,011M
P371,Toxoplasmosis congenita,,000H,011M
P372,Listeriosis congenita (diseminada),,000H,011M
P373,Paludismo congenito por Plasmodium falciparum,,000H,011M
P374,Otros paludismos congenitos,,000H,011M
P375,Candidiasis neonatal,,000H,011M
P378,Otras enfermedades neonatales infecciosas o parasitarias especificadas,,000H,011M
P379,"Enfermedad infecciosa y parasitaria congenita, no especificada",,000H,011M
P38X,Onfalitis del recien nacido con o sin hemorragia leve,,000H,011M
P390,Mastitis infecciosa neonatal,,000H,011M
P391,Conjuntivitis y dacriocistitis neonatales,,000H,011M
P392,"Infeccion intraamniotica del feto, no clasificada en otra parte",,000H,011M
P393,Infeccion neonatal de las vias urinarias,,000H,011M
P394,Infeccion cutanea neonatal,,000H,011M
P398,Otras infecciones especificadas propias del periodo perinatal,,000H,011M
P399,"Infeccion propia del periodo perinatal, no especificada",,000H,011M
P500,Perdida de sangre fetal por vasa previa,,000H,027D
P501,Perdida de sangre fetal por ruptura del cordon umbilical,,000H,027D
P502,Perdida de sangre fetal por la placenta,,000H,027D
P503,Hemorragia fetal hacia el otro gemelo,,000H,027D
P504,Hemorragia fetal hacia la circulacion materna,,000H,027D
P505,Perdida de sangre fetal por el corte del cordon umbilical en el otro gemelo,,000H,027D
P508,Otras perdidas de sangre fetal,,000H,027D
P509,"Perdida de sangre fetal, no especificada",,000H,027D
P510,Hemorragia umbilical masiva del recien nacido,,000H,027D
P518,Otras hemorragias umbilicales del recien nacido,,000H,027D
P519,"Hemorragia umbilical del recien nacido, sin otra especificacion",,000H,027D
P520,"Hemorragia intraventricular (no traumatica) grado 1, del feto y del recien nacido",,000H,027D
P521,"Hemorragia intraventricular (no traumatica) grado 2, del feto y del recien nacido",,000H,027D
P522,"Hemorragia intraventricular (no traumatica) grado 3, del feto y del recien nacido",,000H,027D
P523,"Hemorragia intraventricular (no traumatica) del feto y del recien nacido, sin otra especificacion",,000H,027D
P524,Hemorragia intracerebral (no traumatica) del feto y del recien nacido,,000H,027D
P525,Hemorragia subaracnoidea (no traumatica) del feto y del recien nacido,,000H,027D
P526,Hemorragia cerebelosa y de la fosa posterior (no traumatica) del feto y del recien nacido,,000H,027D
P528,Otras hemorragias intracraneales (no traumaticas) del feto y del recien nacido,,000H,027D
P529,"Hemorragia intracraneal (no traumatica) del feto y del recien nacido, sin otra especificacion",,000H,027D
P53X,Enfermedad hemorragica del feto y del recien nacido,,000H,027D
P540,Hematemesis neonatal,,000H,011M
P541,Melena neonatal,,000H,011M
P542,Hemorragia rectal neonatal,,000H,011M
P543,Otras hemorragias gastrointestinales neonatales,,000H,011M
P544,Hemorragia suprarrenal neonatal,,000H,011M
P545,Hemorragia cutanea neonatal,,000H,011M
P546,Hemorragia vaginal neonatal,2,000H,011M
P548,Otras hemorragias fetales y neonatales especificadas,,000H,011M
P549,"Hemorragia neonatal, no especificada",,000H,011M
P550,Incompatibilidad Rh del feto y del recien nacido,,000H,011M
P551,Incompatibilidad ABO del feto y del recien nacido,,000H,011M
P558,Otras enfermedades hemoliticas del feto y del recien nacido,,000H,011M
P559,"Enfermedad hemolitica del feto y del recien nacido, no especificada",,000H,011M
P560,Hidropesia fetal debida a incompatibilidad,,000H,011M
P569,Hidropesia fetal debida a otras enfermedades hemoliticas especificadas y a las no especificadas,,000H,011M
P570,Kernicterus debido a incompatibilidad,,000H,011M
P578,Kernicterus debido a otras causas especificadas,,000H,011M
P579,"Kernicterus, no especificado",,000H,011M
P580,Ictericia neonatal debida a contusion,,000H,011M
P581,Ictericia neonatal debida a hemorragia,,000H,011M
P582,Ictericia neonatal debida a infeccion,,000H,011M
P583,Ictericia neonatal debida a policitemia,,000H,011M
P584,Ictericia neonatal debida a drogas o toxinas transmitidas por la madre o administradas al recien nacido,,000H,011M
P585,Ictericia neonatal debida a deglucion de sangre materna,,000H,011M
P588,Ictericia neonatal debida a otras hemolisis excesivas especificadas,,000H,011M
P589,"Ictericia neonatal debida a hemolisis excesiva, sin otra especificacion",,000H,011M
P590,Ictericia neonatal asociada con el parto antes de termino,,000H,011M
P591,Sindrome de la bilis espesa,,000H,011M
P592,Ictericia neonatal debida a otra lesion hepatica especificada o no,,000H,011M
P593,Ictericia neonatal por inhibidor de la leche materna,,000H,011M
P598,Ictericia neonatal por otras causas especificadas,,000H,011M
P599,"Ictericia neonatal, no especificada",,000H,011M
P60X,Coagulacion intravascular diseminada en el feto y el recien nacido,,000H,011M
P610,Trombocitopenia neonatal transitoria,,000H,011M
P611,Policitemia neonatal,,000H,011M
P612,Anemia de la prematuridad,,000H,011M
P613,Anemia congenita debida a perdida de sangre fetal,,000H,011M
P614,"Otras anemias congenitas, no clasificadas en otra parte",,000H,011M
P615,Neutropenia neonatal transitoria,,000H,011M
P616,Otros trastornos neonatales transitorios de la coagulacion,,000H,011M
P618,Otros trastornos hematologicos perinatales especificados,,000H,011M
P619,"Trastorno hematologico perinatal, no especificado",,000H,011M
P700,Sindrome del recien nacido de madre con diabetes gestacional,,000H,011M
P701,Sindrome del recien nacido de madre diabetica,,000H,011M
P702,Diabetes mellitus neonatal,,000H,011M
P703,Hipoglicemia neonatal yatrogenica,,000H,011M
P704,Otras hipoglicemias neonatales,,000H,011M
P708,Otros trastornos transitorios del metabolismo de los carbohidratos en el feto y el recien nacido,,000H,011M
P709,Trastorno transitorio no especificado del metabolismo de los carbohidratos en el feto y el recien nacido,,000H,011M
P710,Hipocalcemia del recien nacido debida a la leche de vaca,,000H,011M
P711,Otra hipocalcemia neonatal,,000H,011M
P712,Hipomagnesemia neonatal,,000H,011M
P713,Tetania neonatal sin mencion de deficiencia de calcio o de magnesio,,000H,011M
P714,Hipoparatiroidismo neonatal transitorio,,000H,011M
P718,Otros trastornos neonatales transitorios del metabolismo del calcio y del magnesio,,000H,011M
P719,Trastorno neonatal transitorio no especificado del metabolismo del calcio y del magnesio,,000H,011M
P720,"Bocio neonatal, no clasificado en otra parte",,000H,011M
P721,Hipertiroidismo neonatal transitorio,,000H,011M
P722,"Otros trastornos neonatales transitorios de la funcion tiroidea, no clasificados en otra parte",,000H,011M
P728,Otros trastornos endocrinos neonatales transitorios especificados,,000H,011M
P729,"Trastorno endocrino neonatal transitorio, no especificado",,000H,011M
P740,Acidosis metabolica tardia del recien nacido,,000H,011M
P741,Deshidratacion del recien nacido,,000H,011M
P742,Alteraciones del equilibrio del sodio en el recien nacido,,000H,011M
P743,Alteraciones del equilibrio del potasio en el recien nacido,,000H,011M
P744,Otras alteraciones electroliticas transitorias del recien nacido,,000H,011M
P745,Tirosinemia transitoria del recien nacido,,000H,011M
P748,Otras alteraciones metabolicas transitorias del recien nacido,,000H,011M
P749,"Trastorno metabolico transitorio del recien nacido, no especificado",,000H,011M
P75X,ileo meconial en la fibrosis quistica (E84.1†),,000H,011M
P760,Sindrome del tapon de meconio,,000H,011M
P761,ileo transitorio del recien nacido,,000H,011M
P762,Obstruccion intestinal debida a la leche espesa,,000H,011M
P768,Otras obstrucciones intestinales especificadas del recien nacido,,000H,011M
P769,"Obstruccion intestinal del recien nacido, no especificada",,000H,011M
P77X,Enterocolitis necrotizante del feto y del recien nacido,,000H,011M
P780,Perforacion intestinal perinatal,,000H,011M
P781,Otras peritonitis neonatales,,000H,011M
P782,Hematemesis y melena neonatales debidas a la deglucion de sangre materna,,000H,011M
P783,Diarrea neonatal no infecciosa,,000H,011M
P788,Otros trastornos perinatales especificos del sistema digestivo,,000H,011M
P789,"Trastorno perinatal del sistema digestivo, no especificado",,000H,011M
P800,Sindrome del enfriamiento,,000H,011M
P808,Otras hipotermias del recien nacido,,000H,011M
P809,"Hipotermia del recien nacido, no especificada",,000H,011M
P810,Hipertermia del recien nacido inducida por las condiciones ambientales,,000H,011M
P818,Otras alteraciones especificadas de la regulacion de la temperatura del recien nacido,,000H,011M
P819,Alteracion no especificada de la regulacion de la temperatura en el recien nacido,,000H,011M
P830,Esclerema neonatal,,000H,011M
P831,Eritema toxico neonatal,,000H,011M
P832,Hidropesia fetal no debida a enfermedad hemolitica,,000H,011M
P833,"Otros edemas y los no especificados, propios del feto y del recien nacido",,000H,011M
P834,Ingurgitacion mamaria del recien nacido,,000H,011M
P835,Hidrocele congenito,,000H,011M
P836,Polipo umbilical del recien nacido,,000H,011M
P838,"Otras afecciones especificadas de la piel, propias del feto y del recien nacido",,000H,011M
P839,"Afeccion no especificada de la piel, propia del feto y del recien nacido",,000H,011M
P90X,Convulsiones del recien nacido,,000H,011M
P910,Isquemia cerebral neonatal,,000H,011M
P911,Quistes periventriculares adquiridos del recien nacido,,000H,011M
P912,Leucomalacia cerebral neonatal,,000H,011M
P913,Irritabilidad cerebral neonatal,,000H,011M
P914,Depresion cerebral neonatal,,000H,011M
P915,Coma neonatal,,000H,011M
P916,Encefalopatia hipoxico isquemica del recien nacido,,000H,011M
P918,Otras alteraciones cerebrales especificadas del recien nacido,,000H,011M
P919,Alteracion cerebral no especificada del recien nacido,,000H,011M
P920,Vomitos del recien nacido,,000H,011M
P921,Regurgitacion y rumiacion del recien nacido,,000H,011M
P922,Lentitud en la ingestion de alimentos del recien nacido,,000H,011M
P923,Hipoalimentacion del recien nacido,,000H,011M
P924,Hiperalimentacion del recien nacido,,000H,011M
P925,Dificultad neonatal en la lactancia materna,,000H,011M
P928,Otros problemas de alimentacion del recien nacido,,000H,011M
P929,Problema no especificado de la alimentacion del recien nacido,,000H,011M
P93X,Reacciones e intoxicaciones debidas a drogas administradas al feto y al recien nacido,,000H,011M
P940,Miastenia grave neonatal transitoria,,000H,011M
P941,Hipertonia congenita,,000H,011M
P942,Hipotonia congenita,,000H,011M
P948,Otros trastornos del tono muscular en el recien nacido,,000H,011M
P949,Trastorno no especificado del tono muscular en el recien nacido,,000H,011M
P95X,Muerte fetal de causa no especificada,,,
P960,Insuficiencia renal congenita,,000H,011M
P961,Sintomas neonatales de abstinencia por drogadiccion materna,,000H,011M
P962,Sintomas de abstinencia por el uso terapeutico de drogas en el recien nacido,,000H,011M
P963,Amplitud de las suturas craneales del recien nacido,,000H,011M
P964,"Terminacion del embarazo, feto y recien nacido",,000H,011M
P965,"Complicaciones de procedimientos intrauterinos, no clasificados en otra parte",,000H,011M
P968,Otras afecciones especificadas originadas en el periodo perinatal,,000H,011M
P969,Afeccion no especificada originada en el periodo perinatal,,000H,011M
Q000,Anencefalia,,000H,027D
Q001,Craneorraquisquisis,,000H,027D
Q002,Iniencefalia,,000H,027D
Q010,Encefalocele frontal,,,
Q011,Encefalocele nasofrontal,,,
Q012,Encefalocele occipital,,,
Q018,Encefalocele de otros sitios,,,
Q019,"Encefalocele, no especificado",,,
Q02X,Microcefalia,,,
Q030,Malformaciones del acueducto de Silvio,,,
Q031,Atresia de los agujeros de Magendie y de Luschka,,,
Q038,Otros hidrocefalos congenitos,,,
Q039,"Hidrocefalo congenito, no especificado",,,
Q040,Malformaciones congenitas del cuerpo calloso,,,
Q041,Arrinencefalia,,,
Q042,Holoprosencefalia,,,
Q043,Otras anomalias hipoplasicas del encefalo,,,
Q044,Displasia opticoseptal,,,
Q045,Megalencefalia,,,
Q046,Quistes cerebrales congenitos,,,
Q048,"Otras malformaciones congenitas del encefalo, especificadas",,,
Q049,"Malformacion congenita del encefalo, no especificada",,,
Q050,Espina bifida cervical con hidrocefalo,,,
Q051,Espina bifida toracica con hidrocefalo,,,
Q052,Espina bifida lumbar con hidrocefalo,,,
Q053,Espina bifida sacra con hidrocefalo,,,
Q054,"Espina bifida con hidrocefalo, sin otra especificacion",,,
Q055,Espina bifida cervical sin hidrocefalo,,,
Q056,Espina bifida toracica sin hidrocefalo,,,
Q057,Espina bifida lumbar sin hidrocefalo,,,
Q058,Espina bifida sacra sin hidrocefalo,,,
Q059,"Espina bifida, no especificada",,,
Q060,Amielia,,,
Q061,Hipoplasia y displasia de la medula espinal,,,
Q062,Diastematomielia,,,
Q063,Otras anomalias congenitas de la cola de caballo,,,
Q064,Hidromielia,,,
Q068,Otras malformaciones congenitas especificadas de la medula espinal,,,
Q069,"Malformacion congenita de la medula espinal, no especificada",,,
Q070,Sindrome de Arnold-Chiari,,,
Q078,"Otras malformaciones congenitas del sistema nervioso, especificadas",,,
Q079,"Otras malformaciones congenitas del sistema nervioso, no especificada",,,
Q100,Blefaroptosis congenita,,,
Q101,Ectropion congenito,,,
Q102,Entropion congenito,,,
Q103,Otras malformaciones congenitas de los parpados,,,
Q104,Ausencia y agenesia del aparato lagrimal,,,
Q105,Estenosis y estrechez congenitas del conducto lagrimal,,,
Q106,Otras malformaciones congenitas del aparato lagrimal,,,
Q107,Malformacion congenita de la orbita,,,
Q110,Globo ocular quistico,,,
Q111,Otras anoftalmias,,,
Q112,Microftalmia,,,
Q113,Macroftalmia,,,
Q120,Catarata congenita,,,
Q121,Desplazamiento congenito del cristalino,,,
Q122,Coloboma del cristalino,,,
Q123,Afaquia congenita,,,
Q124,Esferofaquia,,,
Q128,Otras malformaciones congenitas del cristalino,,,
Q129,"Malformacion congenita del cristalino, no especificada",,,
Q130,Coloboma del iris,,,
Q131,Ausencia del iris,,,
Q132,Otras malformaciones congenitas del iris,,,
Q133,Opacidad corneal congenita,,,
Q134,Otras malformaciones congenitas de la cornea,,,
Q135,Esclerotica azul,,,
Q138,Otras malformaciones congenitas del segmento anterior del ojo,,,
Q139,"Malformacion congenita del segmento anterior del ojo, no especificada",,,
Q140,Malformacion congenita del humor vitreo,,,
Q141,Malformacion congenita de la retina,,,
Q142,Malformacion congenita del disco optico,,,
Q143,Malformacion congenita de la coroides,,,
Q148,Otras malformaciones congenitas del segmento posterior del ojo,,,
Q149,"Malformacion congenita del segmento posterior del ojo, no especificada",,,
Q150,Glaucoma congenito,,,
Q158,"Otras malformaciones congenitas del ojo, especificadas",,,
Q159,"Malformaciones congenitas del ojo, no especificadas",,,
Q160,Ausencia congenita del pabellon (de la oreja),,,
Q161,"Ausencia congenita, atresia o estrechez del conducto auditivo (externo)",,,
Q162,Ausencia de la trompa de Eustaquio,,,
Q163,Malformacion congenita de los huesecillos del oido,,,
Q164,Otras malformaciones congenitas del oido medio,,,
Q165,Malformacion congenita del oido interno,,,
Q169,"Malformacion congenita del oido que causa alteracion de la audicion, sin otra especificacion",,,
Q170,Oreja supernumeraria,,,
Q171,Macrotia,,,
Q172,Microtia,,,
Q173,Otras deformidades del pabellon auricular,,,
Q174,Anomalia de la posicion de la oreja,,,
Q175,Oreja prominente,,,
Q178,"Otras malformaciones congenitas del oido, especificadas",,,
Q179,"Malformacion congenita del oido, no especificada",,,
Q180,"Seno, fistula o quiste de la hendidura branquial",,,
Q181,Seno y quiste preauricular,,,
Q182,Otras malformaciones de las hendiduras branquiales,,,
Q183,Pterigion del cuello,,,
Q184,Macrostomia,,,
Q185,Microstomia,,,
Q186,Macroqueilia,,,
Q187,Microqueilia,,,
Q188,Otras malformaciones congenitas especificadas de cara y cuello,,,
Q189,"Malformacion congenita de la cara y del cuello, no especificada",,,
Q200,Tronco arterioso comun,,,
Q201,Transposicion de los grandes vasos en ventriculo derecho,,,
Q202,Transposicion de los grandes vasos en ventriculo izquierdo,,,
Q203,Discordancia de la conexion ventriculoarterial,,,
Q204,Ventriculo con doble entrada,,,
Q205,Discordancia de la conexion auriculoventricular,,,
Q206,Isomerismo de los apendices auriculares,,,
Q208,Otras malformaciones congenitas de las camaras cardiacas y sus conexiones,,,
Q209,"Malformacion congenita de las camaras cardiacas y sus conexiones, no especificada",,,
Q210,Defecto del tabique ventricular,,,
Q211,Defecto del tabique auricular,,,
Q212,Defecto del tabique auriculoventricular,,,
Q213,Tetralogia de Fallot,,,
Q214,Defecto del tabique aortopulmonar,,,
Q218,Otras malformaciones congenitas de los tabiques cardiacos,,,
Q219,"Malformacion congenita del tabique cardiaco, no especificada",,,
Q220,Atresia de la valvula pulmonar,,,
Q221,Estenosis congenita de la valvula pulmonar,,,
Q222,Insuficiencia congenita de la valvula pulmonar,,,
Q223,Otras malformaciones congenitas de la valvula pulmonar,,,
Q224,Estenosis congenita de la valvula tricuspide,,,
Q225,Anomalia de Ebstein,,,
Q226,Sindrome de hipoplasia del corazon derecho,,,
Q228,Otras malformaciones congenitas de la valvula tricuspide,,,
Q229,"Malformacion congenita de la valvula tricuspide, no especificada",,,
Q230,Estenosis congenita de la valvula aortica,,,
Q231,Insuficiencia congenita de la valvula aortica,,,
Q232,Estenosis mitral congenita,,,
Q233,Insuficiencia mitral congenita,,,
Q234,Sindrome de hipoplasia del corazon izquierdo,,,
Q238,Otras malformaciones congenitas de las valvulas aortica y mitral,,,
Q239,"Malformacion congenita de las valvulas aortica y mitral, no especificada",,,
Q240,Dextrocardia,,,
Q241,Levocardia,,,
Q242,Corazon triauricular,,,
Q243,Estenosis del infundibulo pulmonar,,,
Q244,Estenosis subaortica congenita,,,
Q245,Malformacion de los vasos coronarios,,,
Q246,Bloqueo cardiaco congenito,,,
Q248,"Otras malformaciones congenitas del corazon, especificadas",,,
Q249,"Malformacion congenita del corazon, no especificada",,,
Q250,Conducto arterioso persistente,,,
Q251,Coartacion de la aorta,,,
Q252,Atresia de la aorta,,,
Q253,Estenosis de la aorta,,,
Q254,Otras malformaciones congenitas de la aorta,,,
Q255,Atresia de la arteria pulmonar,,,
Q256,Estenosis de la arteria pulmonar,,,
Q257,Otras malformaciones congenitas de la arteria pulmonar,,,
Q258,Otras malformaciones congenitas de las grandes arterias,,,
Q259,"Malformacion congenita de las grandes arterias, no especificada",,,
Q260,Estenosis congenita de la vena cava,,,
Q261,Persistencia de la vena cava superior izquierda,,,
Q262,Conexion anomala total de las venas pulmonares,,,
Q263,Conexion anomala parcial de las venas pulmonares,,,
Q264,"Conexion anomala de las venas pulmonares, sin otra especificacion",,,
Q265,Conexion anomala de la vena porta,,,
Q266,Fistula arteria hepatica-vena porta,,,
Q268,Otras malformaciones congenitas de las grandes venas,,,
Q269,"Malformacion congenita de las grandes venas, no especificada",,,
Q270,Ausencia e hipoplasia congenita de la arteria umbilical,,,
Q271,Estenosis congenita de la arteria renal,,,
Q272,Otras malformaciones congenitas de la arteria renal,,,
Q273,Malformacion arteriovenosa periferica,,,
Q274,Flebectasia congenita,,,
Q278,"Otras malformaciones congenitas del sistema vascular periferico, especificadas",,,
Q279,"Malformacion congenita del sistema vascular periferico, no especificada",,,
Q280,Malformacion arteriovenosa de los vasos precerebrales,,,
Q281,Otras malformaciones de los vasos precerebrales,,,
Q282,Malformacion arteriovenosa de los vasos cerebrales,,,
Q283,Otras malformaciones de los vasos cerebrales,,,
Q288,"Otras malformaciones congenitas del sistema circulatorio, especificadas",,,
Q289,"Malformacion congenita del sistema circulatorio, no especificada",,,
Q300,Atresia de las coanas,,,
Q301,Agenesia o hipoplasia de la nariz,,,
Q302,"Hendidura, fisura o muesca de la nariz",,,
Q303,Perforacion congenita del tabique nasal,,,
Q308,Otras malformaciones congenitas de la nariz,,,
Q309,"Malformacion congenita de la nariz, no especificada",,,
Q310,Pterigion de la laringe,,,
Q311,Estenosis subglotica congenita,,,
Q312,Hipoplasia laringea,,,
Q313,Laringocele,,,
Q315,Laringomalasia congenita,,,
Q318,Otras malformaciones congenitas de la laringe,,,
Q319,"Malformacion congenita de la laringe, no especificada",,,
Q320,Traqueomalacia congenita,,,
Q321,Otras malformaciones congenitas de la traquea,,,
Q322,Broncomalacia congenita,,,
Q323,Estenosis congenita de los bronquios,,,
Q324,Otras malformaciones congenitas de los bronquios,,,
Q330,Quiste pulmonar congenito,,,
Q331,Lobulo pulmonar supernumerario,,,
Q332,Secuestro del pulmon,,,
Q333,Agenesia del pulmon,,,
Q334,Bronquiectasia congenita,,,
Q335,Tejido ectopico en el pulmon,,,
Q336,Hipoplasia y displasia pulmonar,,,
Q338,Otras malformaciones congenitas del pulmon,,,
Q339,"Malformacion congenita del pulmon, no especificada",,,
Q340,Anomalia de la pleura,,,
Q341,Quiste congenito del mediastino,,,
Q348,Otras malformaciones congenitas especificadas del sistema respiratorio,,,
Q349,"Malformacion congenita del sistema respiratorio, no especificada",,,
Q351,Fisura del paladar duro,,,
Q353,Fisura del paladar blando,,,
Q355,Fisura del paladar duro y del paladar blando,,,
Q357,Fisura de la uvula,,,
Q359,"Fisura del paladar, sin otra especificacion",,,
Q360,"Labio leporino, bilateral",,,
Q361,"Labio leporino, linea media",,,
Q369,"Labio leporino, unilateral",,,
Q370,Fisura del paladar duro con labio leporino bilateral,,,
Q371,Fisura del paladar duro con labio leporino unilateral,,,
Q372,Fisura del paladar blando con labio leporino bilateral,,,
Q373,Fisura del paladar blando con labio leporino unilateral,,,
Q374,Fisura del paladar duro y del paladar blando con labio leporino bilateral,,,
Q375,Fisura del paladar duro y del paladar blando con labio leporino unilateral,,,
Q378,"Fisura del paladar con labio leporino bilateral, sin otra especificacion",,,
Q379,"Fisura del paladar con labio leporino unilateral, sin otra especificacion",,,
Q380,"Malformaciones congenitas de los labios, no clasificadas en otra parte",,,
Q381,Anquiloglosia,,,
Q382,Macroglosia,,,
Q383,Otras malformaciones congenitas de la lengua,,,
Q384,Malformaciones congenitas de las glandulas y de los conductos salivales,,,
Q385,"Malformaciones congenitas del paladar, no clasificadas en otra parte",,,
Q386,Otras malformaciones congenitas de la boca,,,
Q387,Diverticulo faringeo,,,
Q388,Otras malformaciones congenitas de la faringe,,,
Q390,Atresia del esofago sin mencion de fistula,,,
Q391,Atresia del esofago con fistula traqueoesofagica,,,
Q392,Fistula traqueoesofagica congenita sin mencion de atresia,,,
Q393,Estrechez o estenosis congenita del esofago,,,
Q394,Pterigion del esofago,,,
Q395,Dilatacion congenita del esofago,,,
Q396,Diverticulo del esofago,,,
Q398,Otras malformaciones congenitas del esofago,,,
Q399,"Malformacion congenita del esofago, no especificada",,,
Q400,Estenosis hipertrofica congenita del piloro,,,
Q401,Hernia hiatal congenita,,,
Q402,"Otras malformaciones congenitas del estomago, especificadas",,,
Q403,"Malformacion congenita del estomago, no especificada",,,
Q408,Otras malformaciones congenitas de la parte superior del tubo digestivo,,,
Q409,"Malformacion congenita de la parte superior del tubo digestivo, no especificada",,,
Q410,"Ausencia, atresia y estenosis congenita del duodeno",,,
Q411,"Ausencia, atresia y estenosis congenita del yeyuno",,,
Q412,"Ausencia, atresia y estenosis congenita del ileon",,,
Q418,"Ausencia, atresia y estenosis congenita de otras partes especificadas del intestino delgado",,,
Q419,"Ausencia, atresia y estenosis congenita del intestino delgado, parte no especificada",,,
Q420,"Ausencia, atresia y estenosis congenita del recto, con fistula",,,
Q421,"Ausencia, atresia y estenosis congenita del recto, sin fistula",,,
Q422,"Ausencia, atresia y estenosis congenita del ano, con fistula",,,
Q423,"Ausencia, atresia y estenosis congenita del ano, sin fistula",,,
Q428,"Ausencia, atresia y estenosis congenita de otras partes del intestino grueso",,,
Q429,"Ausencia, atresia y estenosis congenita del intestino grueso, parte no especificada",,,
Q430,Diverticulo de Meckel,,,
Q431,Enfermedad de Hirschsprung,,,
Q432,Otros trastornos funcionales congenitos del colon,,,
Q433,Malformaciones congenitas de la fijacion del intestino,,,
Q434,Duplicacion del intestino,,,
Q435,Ano ectopico,,,
Q436,Fistula congenita del recto y del ano,,,
Q437,Persistencia de la cloaca,,,
Q438,"Otras malformaciones congenitas del intestino, especificadas",,,
Q439,"Malformacion congenita del intestino, no especificada",,,
Q440,"Agenesia, aplasia e hipoplasia de la vesicula biliar",,,
Q441,Otras malformaciones congenitas de la vesicula biliar,,,
Q442,Atresia de los conductos biliares,,,
Q443,Estrechez y estenosis congenita de los conductos biliares,,,
Q444,Quiste del coledoco,,,
Q445,Otras malformaciones congenitas de los conductos biliares,,,
Q446,Enfermedad quistica del higado,,,
Q447,Otras malformaciones congenitas del higado,,,
Q450,"Agenesia, aplasia e hipoplasia del pancreas",,,
Q451,Pancreas anular,,,
Q452,Quiste congenito del pancreas,,,
Q453,Otras malformaciones congenitas del pancreas y del conducto pancreatico,,,
Q458,"Otras malformaciones congenitas del sistema digestivo, especificadas",,,
Q459,"Malformacion congenita del sistema digestivo, no especificada",,,
Q500,Ausencia congenita de ovario,2,,
Q501,Quiste en desarrollo del ovario,2,,
Q502,Torsion congenita del ovario,2,,
Q503,Otras malformaciones congenitas de los ovarios,2,,
Q504,Quiste embrionario de la trompa de Falopio,2,,
Q505,Quiste embrionario del ligamento ancho,2,,
Q506,Otras malformaciones congenitas de la trompa de Falopio y del ligamento ancho,2,,
Q510,Agenesia y aplasia del utero,2,,
Q511,Duplicacion del utero con duplicacion del cuello uterino y de la vagina,2,,
Q512,Otra duplicacion del utero,2,,
Q513,utero bicorne,2,,
Q514,utero unicorne,2,,
Q515,Agenesia y aplasia del cuello uterino,2,,
Q516,Quiste embrionario del cuello uterino,2,,
Q517,Fistula congenita entre el utero y el tracto digestivo y urinario,2,,
Q518,Otras malformaciones congenitas del utero y del cuello uterino,2,,
Q519,"Malformacion congenita del utero y del cuello uterino, no especificada",2,,
Q520,Ausencia congenita de la vagina,2,,
Q521,Duplicacion de la vagina,2,,
Q522,Fistula rectovaginal congenita,2,,
Q523,Himen imperforado,2,,
Q524,Otras malformaciones congenitas de la vagina,2,,
Q525,Fusion de labios de la vulva,2,,
Q526,Malformacion congenita del clitoris,2,,
Q527,Otras malformaciones congenitas de la vulva,2,,
Q528,"Otras malformaciones congenitas de los organos genitales femeninos, especificadas",2,,
Q529,"Malformacion congenita de los genitales femeninos, no especificada",2,,
Q530,Ectopia testicular,1,,
Q531,"Testiculo no descendido, unilateral",1,,
Q532,"Testiculo no descendido, bilateral",1,,
Q539,"Testiculo no descendido, sin otra especificacion",1,,
Q540,Hipospadias del glande,1,,
Q541,Hipospadias peneana,1,,
Q542,Hipospadias penoscrotal,1,,
Q543,Hipospadias perineal,1,,
Q544,Encordamiento congenito del pene,1,,
Q548,Otras hipospadias,1,,
Q549,"Hipospadias, no especificada",1,,
Q550,Ausencia y aplasia del testiculo,1,,
Q551,Hipoplasia del testiculo y del escroto,1,,
Q552,Otras malformaciones congenitas de los testiculos y del escroto,1,,
Q553,Atresia del conducto deferente,1,,
Q554,"Otras malformaciones congenitas de los conductos deferentes, del epididimo, de las vesiculas seminales y de la prostata",1,,
Q555,Aplasia y ausencia congenita del pene,1,,
Q556,Otras malformaciones congenitas del pene,1,,
Q558,"Otras malformaciones congenitas de los organos genitales masculinos, especificadas",1,,
Q559,"Malformacion congenita de los organos genitales masculinos, no especificada",1,,
Q560,"Hermafroditismo, no clasificado en otra parte",,,
Q561,"Seudohermafroditismo masculino, no clasificado en otra parte",,,
Q562,"Seudohermafroditismo femenino, no clasificado en otra parte",,,
Q563,"Seudohermafroditismo, no especificado",,,
Q564,"Sexo indeterminado, sin otra especificacion",,,
Q600,"Agenesia renal, unilateral",,,
Q601,"Agenesia renal, bilateral",,,
Q602,"Agenesia renal, sin otra especificacion",,,
Q603,"Hipoplasia renal, unilateral",,,
Q604,"Hipoplasia renal, bilateral",,,
Q605,"Hipoplasia renal, no especificada",,,
Q606,Sindrome de Potter,,,
Q610,Quiste renal solitario congenito,,,
Q611,"Rinon poliquistico, autosomico recesivo",,,
Q612,"Rinon poliquistico, autosomico dominante",,,
Q613,"Rinon poliquistico, tipo no especificado",,,
Q614,Displasia renal,,,
Q615,Rinon quistico medular,,,
Q618,Otras enfermedades renales quisticas,,,
Q619,"Enfermedad quistica del rinon, no especificada",,,
Q620,Hidronefrosis congenita,,,
Q621,Atresia y estenosis del ureter,,,
Q622,Megaloureter congenito,,,
Q623,Otros defectos obstructivos de la pelvis renal y del ureter,,,
Q624,Agenesia del ureter,,,
Q625,Duplicacion del ureter,,,
Q626,Mala posicion del ureter,,,
Q627,Reflujo vesico-uretero-renal congenito,,,
Q628,Otras malformaciones congenitas del ureter,,,
Q630,Rinon supernumerario,,,
Q631,"Rinon lobulado, fusionado y en herradura",,,
Q632,Rinon ectopico,,,
Q633,Hiperplasia renal y rinon gigante,,,
Q638,"Otras malformaciones congenitas del rinon, especificadas",,,
Q639,"Malformacion congenita del rinon, no especificada",,,
Q640,Epispadias,,,
Q641,Extrofia de la vejiga urinaria,,,
Q642,Valvulas uretrales posteriores congenitas,,,
Q643,Otras atresias y estenosis de la uretra y del cuello de la vejiga,,,
Q644,Malformacion del uraco,,,
Q645,Ausencia congenita de la vejiga y de la uretra,,,
Q646,Diverticulo congenito de la vejiga,,,
Q647,Otras malformaciones congenitas de la vejiga y de la uretra,,,
Q648,"Otras malformaciones congenitas del aparato urinario, especificadas",,,
Q649,"Malformacion congenita del aparato urinario, no especificada",,,
Q650,"Luxacion congenita de la cadera, unilateral",,,
Q651,"Luxacion congenita de la cadera, bilateral",,,
Q652,"Luxacion congenita de la cadera, no especificada",,,
Q653,"Subluxacion congenita de la cadera, unilateral",,,
Q654,"Subluxacion congenita de la cadera, bilateral",,,
Q655,"Subluxacion congenita de la cadera, no especificada",,,
Q656,Cadera inestable,,,
Q658,Otras deformidades congenitas de la cadera,,,
Q659,"Deformidad congenita de la cadera, no especificada",,,
Q660,Talipes equinovarus,,,
Q661,Talipes calcaneovarus,,,
Q662,Metatarsus varus,,,
Q663,Otras deformidades varus congenitas de los pies,,,
Q664,Talipes calcaneovalgus,,,
Q665,Pie plano congenito,,,
Q666,Otras deformidades valgus congenitas de los pies,,,
Q667,Pie cavus,,,
Q668,Otras deformidades congenitas de los pies,,,
Q669,"Deformidad congenita de los pies, no especificada",,,
Q670,Asimetria facial,,,
Q671,Facies comprimida,,,
Q672,Dolicocefalia,,,
Q673,Plagiocefalia,,,
Q674,"Otras deformidades congenitas del craneo, de la cara y de la mandibula",,,
Q675,Deformidad congenita de la columna vertebral,,,
Q676,Torax excavado,,,
Q677,Torax en quilla,,,
Q678,Otras deformidades congenitas del torax,,,
Q680,Deformidad congenita del musculo esternocleidomastoideo,,,
Q681,Deformidad congenita de la mano,,,
Q682,Deformidad congenita de la rodilla,,,
Q683,Curvatura congenita del femur,,,
Q684,Curvatura congenita de la tibia y del perone,,,
Q685,"Curvatura congenita de hueso(s) largo(s) del miembro inferior, sin otra especificacion",,,
Q688,"Otras deformidades congenitas osteomusculares, especificadas",,,
Q690,Dedo(s) supernumerario(s) de la mano,,,
Q691,Pulgar(es) supernumerario(s),,,
Q692,Dedo(s) supernumerario(s) del pie,,,
Q699,"Polidactilia, no especificada",,,
Q700,Fusion de los dedos de la mano,,,
Q701,Membrana interdigital de la mano,,,
Q702,Fusion de los dedos del pie,,,
Q703,Membrana interdigital del pie,,,
Q704,Polisindactilia,,,
Q709,"Sindactilia, no especificada",,,
Q710,Ausencia congenita completa del (de los) miembro(s) superior(es),,,
Q711,Ausencia congenita del brazo y del antebrazo con presencia de la mano,,,
Q712,Ausencia congenita del antebrazo y de la mano,,,
Q713,Ausencia congenita de la mano y el (los) dedo(s),,,
Q714,Defecto por reduccion longitudinal del radio,,,
Q715,Defecto por reduccion longitudinal del cubito,,,
Q716,Mano en pinza de langosta,,,
Q718,Otros defectos por reduccion del (de los) miembro(s) superior(es),,,
Q719,"Defecto por reduccion del miembro superior, no especificado",,,
Q720,Ausencia congenita completa del (de los) miembro(s) inferior(es),,,
Q721,Ausencia congenita del muslo y de la pierna con presencia del pie,,,
Q722,Ausencia congenita de la pierna y del pie,,,
Q723,Ausencia congenita del pie y dedo(s) del pie,,,
Q724,Defecto por reduccion longitudinal del femur,,,
Q725,Defecto por reduccion longitudinal de la tibia,,,
Q726,Defecto por reduccion longitudinal del perone,,,
Q727,Pie hendido,,,
Q728,Otros defectos por reduccion del (de los) miembro(s) inferior(es),,,
Q729,"Defecto por reduccion del miembro inferior, no especificado",,,
Q730,Ausencia completa de miembro(s) no especificado(s),,,
Q731,"Focomelia, miembro(s) no especificado(s)",,,
Q738,Otros defectos por reduccion de miembro(s) no especificado(s),,,
Q740,"Otras malformaciones congenitas del (de los) miembro(s) superior(es), incluida la cintura escapular",,,
Q741,Malformacion congenita de la rodilla,,,
Q742,"Otras malformaciones congenitas del (de los) miembro(s) inferior(es), incluida la cintura pelviana",,,
Q743,Artrogriposis multiple congenita,,,
Q748,Otras malformaciones congenitas especificadas del (de los) miembro(s),,,
Q749,"Malformacion congenita de miembro(s), no especificada",,,
Q750,Craneosinostosis,,,
Q751,Disostosis craneofacial,,,
Q752,Hipertelorismo,,,
Q753,Macrocefalia,,,
Q754,Disostosis maxilofacial,,,
Q755,Disostosis oculomaxilar,,,
Q758,Otras malformaciones congenitas especificadas de los huesos del craneo y de la cara,,,
Q759,Malformacion congenita no especificada de los huesos del craneo y de la cara,,,
Q760,Espina bifida oculta,,,
Q761,Sindrome de Klippel-Feil,,,
Q762,Espondilolistesis congenita,,,
Q763,Escoliosis congenita debida a malformacion congenita osea,,,
Q764,"Otra malformacion congenita de la columna vertebral, no asociada con escoliosis",,,
Q765,Costilla cervical,,,
Q766,Otras malformaciones congenitas de las costillas,,,
Q767,Malformacion congenita del esternon,,,
Q768,Otras malformaciones congenitas del torax oseo,,,
Q769,"Malformacion congenita del torax oseo, no especificada",,,
Q770,Acondrogenesis,,,
Q771,Enanismo tanatoforico,,,
Q772,Sindrome de costilla corta,,,
Q773,Condrodisplasia punctata,,,
Q774,Acondroplasia,,,
Q775,Displasia distrofica,,,
Q776,Displasia condroectodermica,,,
Q777,Displasia espondiloepifisaria,,,
Q778,Otras osteocondrodisplasias con defectos del crecimiento de los huesos largos y de la columna vertebral,,,
Q779,"Osteocondrodisplasia con defectos del crecimiento de los huesos largos y de la columna vertebral, sin otra especificacion",,,
Q780,Osteogenesis imperfecta,,,
Q781,Displasia poliostotica fibrosa,,,
Q782,Osteopetrosis,,,
Q783,Displasia diafisaria progresiva,,,
Q784,Encondromatosis,,,
Q785,Displasia metafisaria,,,
Q786,Exostosis congenita multiple,,,
Q788,Otras osteocondrodisplasias especificadas,,,
Q789,"Osteocondrodisplasia, no especificada",,,
Q790,Hernia diafragmatica congenita,,,
Q791,Otras malformaciones congenitas del diafragma,,,
Q792,Exonfalos,,,
Q793,Gastrosquisis,,,
Q794,Sindrome del abdomen en ciruela pasa,,,
Q795,Otras malformaciones congenitas de la pared abdominal,,,
Q796,Sindrome de Ehlers-Danlos,,,
Q798,Otras malformaciones congenitas del sistema osteomuscular,,,
Q799,"Malformacion congenita del sistema osteomuscular, no especificada",,,
Q800,Ictiosis vulgar,,,
Q801,Ictiosis ligada al cromosoma X,,,
Q802,Ictiosis lamelar,,,
Q803,Eritrodermia ictiosiforme vesicular congenita,,,
Q804,Feto arlequin,,,
Q808,Otras ictiosis congenitas,,,
Q809,"Ictiosis congenita, no especificada",,,
Q810,Epidermolisis bullosa simple,,,
Q811,Epidermolisis bullosa letal,,,
Q812,Epidermolisis bullosa distrofica,,,
Q818,Otras epidermolisis bullosas,,,
Q819,"Epidermolisis bullosa, no especificada",,,
Q820,Linfedema hereditario,,,
Q821,Xeroderma pigmentoso,,,
Q822,Mastocitosis,,,
Q823,Incontinencia pigmentaria,,,
Q824,Displasia ectodermica (anhidrotica),,,
Q825,"Nevo no neoplasico, congenito",,,
Q828,"Otras malformaciones congenitas de la piel, especificadas",,,
Q829,"Malformacion congenita de la piel, no especificada",,,
Q830,Ausencia congenita de la mama con ausencia del pezon,,,
Q831,Mama supernumeraria,,,
Q832,Ausencia del pezon,,,
Q833,Pezon supernumerario,,,
Q838,Otras malformaciones congenitas de la mama,,,
Q839,"Malformacion congenita de la mama, no especificada",,,
Q840,Alopecia congenita,,,
Q841,"Alteraciones morfologicas congenitas del pelo, no clasificadas en otra parte",,,
Q842,Otras malformaciones congenitas del pelo,,,
Q843,Anoniquia,,,
Q844,Leuconiquia congenita,,,
Q845,Agrandamiento e hipertrofia de las unas,,,
Q846,Otras malformaciones congenitas de las unas,,,
Q848,"Otras malformaciones congenitas de las faneras, especificadas",,,
Q849,"Malformacion congenita de las faneras, no especificada",,,
Q850,Neurofibromatosis (no maligna),,,
Q851,Esclerosis tuberosa,,,
Q858,"Otras facomatosis, no clasificadas en otra parte",,,
Q859,"Facomatosis, no especificada",,,
Q860,Sindrome fetal (dismorfico) debido al alcohol,,,
Q861,Sindrome de hidantoina fetal,,,
Q862,Dismorfismo debido a warfarina,,,
Q868,Otros sindromes de malformaciones congenitas debidos a causas exogenas conocidas,,,
Q870,Sindromes de malformaciones congenitas que afectan principalmente la apariencia facial,,,
Q871,Sindromes de malformaciones congenitas asociadas principalmente con estatura baja,,,
Q872,Sindromes de malformaciones congenitas que afectan principalmente los miembros,,,
Q873,Sindromes de malformaciones congenitas con exceso de crecimiento precoz,,,
Q874,Sindrome de Marfan,,,
Q875,Otros sindromes de malformaciones congenitas con otros cambios esqueleticos,,,
Q878,"Otros sindromes de malformaciones congenitas especificados, no clasificados en otra parte",,,
Q890,Malformaciones congenitas del bazo,,,
Q891,Malformaciones congenitas de la glandula suprarrenal,,,
Q892,Malformaciones congenitas de otras glandulas endocrinas,,,
Q893,Situs inversus,,,
Q894,Gemelos siameses,,,
Q897,"Malformaciones congenitas multiples, no clasificadas en otra parte",,,
Q898,"Otras malformaciones congenitas, especificadas",,,
Q899,"Malformacion congenita, no especificada",,,
Q900,"Trisomia 21, por falta de disyuncion meiotica",,,
Q901,"Trisomia 21, mosaico (por falta de disyuncion mitotica)",,,
Q902,"Trisomia 21, por translocacion",,,
Q909,"Sindrome de Down, no especificado",,,
Q910,"Trisomia 18, por falta de disyuncion meiotica",,,
Q911,"Trisomia 18, mosaico (por falta de disyuncion mitotica)",,,
Q912,"Trisomia 18, por translocacion",,,
Q913,"Sindrome de Edwards, no especificado",,,
Q914,"Trisomia 13, por falta de disyuncion meiotica",,,
Q915,"Trisomia 13, mosaico (por falta de disyuncion mitotica)",,,
Q916,"Trisomia 13, por translocacion",,,
Q917,"Sindrome de Patau, no especificado",,,
Q920,"Trisomia de un cromosoma completo, por falta de disyuncion meiotica",,,
Q921,"Trisomia de un cromosoma completo, mosaico (por falta de disyuncion mitotica)",,,
Q922,Trisomia parcial mayor,,,
Q923,Trisomia parcial menor,,,
Q924,Duplicaciones visibles solo en la prometafase,,,
Q925,Duplicaciones con otros reordenamientos complejos,,,
Q926,Cromosomas marcadores suplementarios,,,
Q927,Triploidia y poliploidia,,,
Q928,"Otras trisomias y trisomias parciales de los autosomas, especificadas",,,
Q929,"Trisomia y Trisomia parcial de los autosomas, sin otra especificacion",,,
Q930,"Monosomia completa de un cromosoma, por falta de disyuncion meiotica",,,
Q931,"Monosomia completa de un cromosoma, mosaico (por falta de disyuncion mitotica)",,,
Q932,Cromosoma reemplazado por anillo o dicentrico,,,
Q933,Supresion del brazo corto del cromosoma 4,,,
Q934,Supresion del brazo corto del cromosoma 5,,,
Q935,Otras supresiones de parte de un cromosoma,,,
Q936,Supresiones visibles solo en la prometafase,,,
Q937,Supresiones con otros reordenamientos complejos,,,
Q938,Otras supresiones de los autosomas,,,
Q939,"Supresion de los autosomas, no especificada",,,
Q950,Translocacion equilibrada e insercion en individuo normal,,,
Q951,Inversion cromosomica en individuo normal,,,
Q952,Reordenamiento autosomico equilibrado en individuo anormal,,,
Q953,Reordenamiento autosomico/sexual equilibrado en individuo anormal,,,
Q954,Individuos con heterocromatina marcadora,,,
Q955,Individuos con sitio fragil autosomico,,,
Q958,Otros reordenamientos equilibrados y marcadores estructurales,,,
Q959,"Reordenamiento equilibrado y marcador estructural, sin otra especificacion",,,
Q960,"Cariotipo 45,X",,,
Q961,"Cariotipo 46,X iso (Xq)",,,
Q962,"Cariotipo 46,X con cromosoma sexual anormal excepto iso (Xq)",,,
Q963,"Mosaico 45, X/46,XX o XY",,,
Q964,"Mosaico 45,X/otra(s) linea(s) celular(es) con cromosoma sexual anormal",,,
Q968,Otras variantes del sindrome de Turner,,,
Q969,"Sindrome de Turner, no especificado",,,
Q970,"Cariotipo 47, XXX",,,
Q971,Mujer con mas de tres cromosomas X,,,
Q972,"Mosaico, lineas con numero variable de cromosomas X",,,
Q973,"Mujer con cariotipo 46, XY",,,
Q978,"Otras anomalias de los cromosomas  sexuales, con fenotipo femenino, especificadas",,,
Q979,"Anomalia de los cromosomas sexuales, con fenotipo femenino, sin otra especificacion",,,
Q980,"Sindrome de Klinefelter, cariotipo 47, XXY",,,
Q981,"Sindrome de Klinefelter, hombre con mas de dos cromosomas X",,,
Q982,"Sindrome de Klinefelter, hombre con cariotipo 46, XX",,,
Q983,"Otro hombre con cariotipo 46, XX",,,
Q984,"Sindrome de Klinefelter, no especificado",,,
Q985,"Cariotipo 47, XYY",,,
Q986,Hombre con cromosoma sexual estructuralmente anormal,,,
Q987,Hombre con mosaico de cromosomas sexuales,,,
Q988,"Otras anomalias de los cromosomas sexuales, con fenotipo masculino, especificadas",,,
Q989,"Anomalia de los cromosomas sexuales, fenotipo masculino, sin otra especificacion",,,
Q990,"Quimera 46, XX/46, XY",,,
Q991,"Hermafrodita verdadero 46, XX",,,
Q992,Cromosoma X fragil,,,
Q998,"Otras anomalias de los cromosomas, especificadas",,,
Q999,"Anomalia cromosomica, no especificada",,,
R000,"Taquicardia, no especificada",,,
R001,"Bradicardia, no especificada",,,
R002,Palpitaciones,,,
R008,Otras anormalidades del latido cardiaco y las no especificadas,,,
R010,Soplos cardiacos benignos o inocentes,,,
R011,"Soplo cardiaco, no especificado",,,
R012,Otros sonidos cardiacos,,,
R02X,"Gangrena, no clasificada en otra parte",,,
R030,"Lectura elevada de la presion sanguinea, sin diagnostico de hipertension",,,
R031,Lectura de presion baja no especifica,,,
R040,Epistaxis,,028D,120A
R041,Hemorragia de la garganta,,,
R042,Hemoptisis,,028D,120A
R048,Hemorragia de otros sitios de las vias respiratorias,,028D,120A
R049,"Hemorragia de las vias respiratorias, no especificada",,,
R05X,Tos,,,
R060,Disnea,,028D,120A
R061,Estridor,,028D,120A
R062,Silbido,,,
R063,Respiracion periodica,,,
R064,Hiperventilacion,,,
R065,Respiracion con la boca,,,
R066,Hipo,,,
R067,Estornudo,,,
R068,Otras anormalidades de la respiracion y las no especificadas,,028D,120A
R070,Dolor de garganta,,,
R071,Dolor en el pecho al respirar,,,
R072,Dolor precordial,,,
R073,Otros dolores en el pecho,,,
R074,"Dolor en el pecho, no especificado",,,
R090,Asfixia,,028D,120A
R091,Pleuresia,,,
R092,Paro respiratorio,,028D,120A
R093,Esputo anormal,,,
R098,Otros sintomas y signos especificados que involucran los sistemas circulatorio y respiratorio,,,
R100,Abdomen agudo,,,
R101,Dolor abdominal localizado en parte superior,,,
R102,Dolor pelvico y perineal,,,
R103,Dolor localizado en otras partes inferiores del abdomen,,,
R104,Otros dolores abdominales y los no especificados,,,
R11X,Nausea y vomito,,028D,120A
R12X,Acidez,,,
R13X,Disfagia,,,
R14X,Flatulencia y afecciones afines,,,
R15X,Incontinencia fecal,,,
R160,"Hepatomegalia, no clasificada en otra parte",,,
R161,"Esplenomegalia, no clasificada en otra parte",,,
R162,"Hepatomegalia con esplenomegalia, no clasificadas en otra parte",,,
R17X,Ictericia no especificada,,028D,120A
R18X,Ascitis,,,
R190,"Tumefaccion, masa o prominencia intraabdominal y pelvica",,,
R191,Sonidos intestinales anormales,,,
R192,Peristalsis visible,,,
R193,Rigidez abdominal,,,
R194,Cambios en los habitos intestinales,,,
R195,Otras anormalidades fecales,,,
R196,Halitosis,,,
R198,Otros sintomas y signos especificados que involucran el sistema digestivo y el abdomen,,,
R200,Anestesia de la piel,,,
R201,Hipoestesia de la piel,,,
R202,Parestesia de la piel,,,
R203,Hiperestesia,,,
R208,Otras alteraciones de la sensibilidad cutanea y las no especificadas,,,
R21X,Salpullido y otras erupciones cutaneas no especificadas,,,
R220,"Tumefaccion, masa o prominencia localizada en la cabeza",,,
R221,"Tumefaccion, masa o prominencia localizada en el cuello",,,
R222,"Tumefaccion, masa o prominencia localizada en el tronco",,,
R223,"Tumefaccion, masa o prominencia localizada en el miembro superior",,,
R224,"Tumefaccion, masa o prominencia localizada en el miembro inferior",,,
R227,"Tumefaccion, masa o prominencia localizada en sitios multiples",,,
R229,"Tumefaccion, masa o prominencia localizada en parte no especificada",,,
R230,Cianosis,,028D,120A
R231,Palidez,,,
R232,Rubor,,,
R233,Equimosis espontanea,,028D,120A
R234,Cambios en la textura de la piel,,,
R238,Otros cambios de la piel y los no especificados,,,
R250,Movimientos anormales de la cabeza,,,
R251,Temblor no especificado,,,
R252,Calambres y espasmos,,,
R253,Fasciculacion,,,
R258,Otros movimientos anormales involuntarios y los no especificados,,,
R260,Marcha ataxica,,,
R261,Marcha paralitica,,,
R262,"Dificultad para caminar, no clasificada en otra parte",,,
R263,Inmovilidad,,,
R268,Otras anormalidades de la marcha y de la movilidad y las no especificadas,,,
R270,"Ataxia, no especificada",,,
R278,Otras fallas de la coordinacion y las no especificadas,,,
R290,Tetania,,028D,120A
R291,Meningismo,,,
R292,Reflejos anormales,,,
R293,Postura anormal,,,
R294,Chasquido de la cadera,,,
R296,"Tendencia a caer, no clasificada en otra parte",,,
R298,Otros sintomas y signos que involucran los sistemas nervioso y osteomuscular y los no especificados,,,
R300,Disuria,,,
R301,Tenesmo vesical,,,
R309,"Miccion dolorosa, no especificada",,,
R31X,"Hematuria, no especificada",,,
R32X,"Incontinencia urinaria, no especificada",,,
R33X,Retencion de orina,,,
R34X,Anuria y oliguria,,,
R35X,Poliuria,,,
R36X,Descarga uretral,,,
R390,Extravasacion de la orina,,,
R391,Otras dificultades de la miccion,,,
R392,Uremia extrarrenal,,,
R398,Otros sintomas y signos que involucran el sistema urinario y los no especificados,,,
R400,Somnolencia,,028D,120A
R401,Estupor,,028D,120A
R402,"Coma, no especificado",,028D,120A
R410,Desorientacion no especificada,,,
R411,Amnesia anterograda,,,
R412,Amnesia retrograda,,,
R413,Otra amnesia,,,
R418,Otros sintomas y signos que involucran la funcion cognoscitiva y la conciencia y los no especificados,,,
R42X,Mareo y desvanecimiento,,,
R430,Anosmia,,,
R431,Parosmia,,,
R432,Parageusia,,,
R438,Otras alteraciones del gusto y del olfato y las no especificadas,,,
R440,Alucinaciones auditivas,,,
R441,Alucinaciones visuales,,,
R442,Otras alucinaciones,,,
R443,"Alucinaciones, no especificadas",,,
R448,Otros sintomas y signos que involucran las sensaciones y percepciones generales y los no especificados,,,
R450,Nerviosismo,,,
R451,Inquietud y agitacion,,,
R452,Infelicidad,,,
R453,Desmoralizacion y apatia,,,
R454,Irritabilidad y enojo,,,
R455,Hostilidad,,,
R456,Violencia fisica,,,
R457,"Tension y estado de choque emocional, no especificado",,,
R458,Otros sintomas y signos que involucran el estado emocional,,,
R460,Muy bajo nivel de higiene personal,,,
R461,Apariencia personal extrana,,,
R462,Conducta extrana e inexplicable,,,
R463,Hiperactividad,,,
R464,Lentitud y pobre respuesta,,,
R465,Suspicacia y evasividad marcadas,,,
R466,Preocupacion indebida por sucesos que causan tension,,,
R467,Verbosidad y detalles circunstanciales que oscurecen la razon de la consulta o el contacto,,,
R468,Otros sintomas y signos que involucran la apariencia y el comportamiento,,,
R470,Disfasia y afasia,,,
R471,Disartria y anartria,,,
R478,Otras alteraciones del habla y las no especificadas,,,
R480,Dislexia y alexia,,,
R481,Agnosia,,,
R482,Apraxia,,,
R488,Otras disfunciones simbolicas y las no especificadas,,,
R490,Disfonia,,,
R491,Afonia,,,
R492,Hipernasalidad e hiponasalidad,,,
R498,Otras alteraciones de la voz y las no especificadas,,,
R502,Fiebre inducida por drogas,,028D,120A
R508,Otras fiebres especificadas,,028D,120A
R509,"Fiebre, no especificada",,028D,120A
R51X,Cefalea,,,
R520,Dolor agudo,,,
R521,Dolor cronico intratable,,,
R522,Otro dolor cronico,,,
R529,"Dolor, no especificado",,,
R53X,Malestar y fatiga,,,
R54X,Senilidad,,065A,120A
R55X,Sincope y colapso,,,
R560,Convulsiones febriles,,028D,120A
R568,Otras convulsiones y las no especificadas,,028D,120A
R570,Choque cardiogenico,,,
R571,Choque hipovolemico,,,
R572,Choque séptico,,,
R578,Otras formas de choque,,,
R579,"Choque, no especificado",,,
R58X,"Hemorragia, no clasificada en otra parte",,028D,120A
R590,Adenomegalia localizada,,,
R591,Adenomegalia generalizada,,,
R599,"Adenomegalia, no especificada",,,
R600,Edema localizado,,028D,120A
R601,Edema generalizado,,028D,120A
R609,"Edema, no especificado",,028D,120A
R610,Hiperhidrosis localizada,,,
R611,Hiperhidrosis generalizada,,,
R619,"Hiperhidrosis, no especificada",,,
R620,Retardo del desarrollo,,000H,021A
R628,Otras faltas del desarrollo fisiologico normal esperado,,000H,021A
R629,"Falta del desarrollo fisiologico normal esperado, sin otra especificacion",,000H,021A
R630,Anorexia,,,
R631,Polidipsia,,,
R632,Polifagia,,,
R633,Dificultades y mala administracion de la alimentacion,,028D,120A
R634,Perdida anormal de peso,,,
R635,Aumento anormal de peso,,,
R636,Ingesta insuficiente de alimentos y agua debida a descuido personal,,,
R638,Otros sintomas y signos concernientes a la alimentacion y a la ingestion de liquidos,,,
R64X,Caquexia,,,
R650,"Síndrome de respuesta inflamatoria sistémica de origen infeccioso, sin falla orgánica",,,
R651,"Síndrome de respuesta inflamatoria sistémica de origen infeccioso, con falla orgánica",,,
R652,"Síndrome de respuesta inflamatoria sistémica de origen no infeccioso, sin falla orgánica",,,
R653,"Síndrome de respuesta inflamatoria sistémica de origen no infeccioso, con falla orgánica",,,
R659,"Síndrome de respuesta inflamatoria sistémica, no especificado",,,
R680,Hipotermia no asociada con baja temperatura del ambiente,,028D,120A
R681,Sintomas no especificos propios de la infancia,,,
R682,"Boca seca, no especificada",,,
R683,Dedos de la mano deformes,,,
R688,Otros sintomas y signos generales especificados,,,
R69X,Causas de morbilidad desconocidas y no especificadas,,,
R700,Velocidad de eritrosedimentacion elevada,,,
R701,Viscosidad plasmatica anormal,,,
R71X,Anormalidad de los eritrocitos,,028D,120A
R72X,"Anormalidades de los leucocitos, no clasificadas en otra parte",,,
R730,Anormalidades en la prueba de tolerancia a la glucosa,,028D,120A
R739,"Hiperglicemia, no especificada",,028D,120A
R740,Elevacion de los niveles de transaminasas o deshidrogenasa lactica [DHL],,,
R748,Niveles anormales de otras enzimas en suero,,,
R749,"Nivel anormal de enzimas en suero, no especificado",,,
R75X,Evidencias de laboratorio del virus de la inmunodeficiencia humana [VIH],,,
R760,Titulacion elevada de anticuerpos,,028D,120A
R761,Reaccion anormal a la prueba con tuberculina,,,
R762,Falso positivo en la prueba serologica para sifilis,,,
R768,Otros hallazgos inmunologicos anormales especificados en suero,,,
R769,Hallazgos inmunologicos anormales no especificados en suero,,,
R770,Anormalidad de la albumina,,,
R771,Anormalidad de la globulina,,,
R772,Anormalidad de la alfafetoproteina,,,
R778,Otras anormalidades especificadas de las proteinas plasmaticas,,,
R779,Anormalidades no especificadas de las proteinas plasmaticas,,,
R780,Hallazgo de alcohol en la sangre,,,
R781,Hallazgo de drogas opiaceas en la sangre,,,
R782,Hallazgo de cocaina en la sangre,,,
R783,Hallazgo de alucinogenos en la sangre,,,
R784,Hallazgo de otras drogas potencialmente adictivas en la sangre,,,
R785,Hallazgo de drogas psicotropicas en la sangre,,,
R786,Hallazgo de agentes esteroides en la sangre,,,
R787,Hallazgo de niveles anormales de metales pesados en la sangre,,,
R788,Hallazgo de otras sustancias especificadas que normalmente no se encuentran en la sangre,,,
R789,Hallazgo de sustancia no especificada que normalmente no se encuentra en la sangre,,,
R790,Nivel anormal de mineral en la sangre,,,
R798,Otros hallazgos anormales especificados en la quimica sanguinea,,,
R799,"Hallazgo anormal en la quimica sanguinea, sin otra especificacion",,,
R80X,Proteinuria aislada,,,
R81X,Glucosuria,,,
R820,Quiluria,,,
R821,Mioglobinuria,,,
R822,Biliuria,,,
R823,Hemoglobinuria,,,
R824,Acetonuria,,,
R825,"Elevacion de los niveles de drogas, medicamentos y sustancias biologicas en la orina",,,
R826,Niveles anormales en la orina de sustancias de origen principalmente no medicinal,,,
R827,Hallazgos anormales en el examen microbiologico de la orina,,,
R828,Hallazgos anormales en el examen citologico e histologico de la orina,,,
R829,Otros hallazgos anormales en la orina y los no especificados,,,
R830,"Hallazgos anormales en el liquido cefalorraquideo, nivel anormal de enzimas",,,
R831,"Hallazgos anormales en el liquido cefalorraquideo, nivel anormal de hormonas",,,
R832,"Hallazgos anormales en el liquido cefalorraquideo, nivel anormal de otras drogas, medicamentos y sustancias biologicas",,,
R833,"Hallazgos anormales en el liquido cefalorraquideo, nivel anormal de sustancias de origen fundamentalmente no medicinal",,,
R834,"Hallazgos anormales en el liquido cefalorraquideo, hallazgos inmunologicos anormales",,,
R835,"Hallazgos anormales en el liquido cefalorraquideo, hallazgos microbiologicos anormales, hallazgos positivos  en el cultivo",,,
R836,"Hallazgos anormales en el liquido cefalorraquideo, hallazgos citologicos anormales, Frotis anormal de Papanicolaou",,,
R837,"Hallazgos anormales en el liquido cefalorraquideo, hallazgos histologicos anormales",,,
R838,"Hallazgos anormales en el liquido cefalorraquideo, otros hallazgos anormales, hallazgos cromosomicos anormales",,,
R839,"Hallazgos anormales en el liquido cefalorraquideo, hallazgos anormales no especificados",,,
R840,"Hallazgos anormales en muestras tomadas de organos respiratorios y toracicos, nivel anormal de enzimas",,,
R841,"Hallazgos anormales en muestras tomadas de organos respiratorios y toracicos, nivel anormal de hormonas",,,
R842,"Hallazgos anormales en muestras tomadas de organos respiratorios y toracicos,nivel anormal de otras drogas, medicamentos y sustancias biologicas",,,
R843,"Hallazgos anormales en muestras tomadas de organos respiratorios y toracicos, nivel anormal de sustancias de origen fundamentalmente no medicinal",,,
R844,"Hallazgos anormales en muestras tomadas de organos respiratorios y toracicos, hallazgos inmunologicos anormales",,,
R845,"Hallazgos anormales en muestras tomadas de organos respiratorios y toracicos, hallazgos microbiologicos anormales, hallazgos positivos en el cultivo",,,
R846,"Hallazgos anormales  en muestras tomadas de organos respiratorios y toracicos, hallazgos citologicos anormales, Frotis anormal de Papanicolaou",,,
R847,"Hallazgos anormales en muestras tomadas de organos respiratorios y toracicos, hallazgos histologicos anormales",,,
R848,"Hallazgos anormales  en muestras tomadas de organos respiratorias y toracicos otros hallazgos anormales, hallazgos cromosomicos anormales",,,
R849,"Hallazgos anormales en muestras tomadas de organos respiratorios y toracicos, hallazgos anormales no especificados",,,
R850,"Hallazgos anormales en muestras tomadas de organos digestivos y de la cavidad abdominal, nivel anormal de enzimas",,,
R851,"Hallazgos anormales en muestras tomadas de organos digestivos y de la cavidad abdominal, nivel anormal de hormonas",,,
R852,"Hallazgos anormales en muestras tomadas de organos digesivos y de la cavidad abdominal, nivel anormal de otras drogas, medicamentos y sustancias biologicas",,,
R853,"Hallazgos anormales en muestras tomadas de organos digestivos y de la cavidad abdominal, nivel anormal de sustancias de origen fundamentalmente no medicinal",,,
R854,"Hallazgos  anormales en muestras tomadas  de organos digestivos y de la cavidad abdominal, hallazgos inmunologicos anormales",,,
R855,"Hallazgos anormales en muestras tomadas de organos digestivos y de la cavidad abdominal, hallazgos microbiologicos anormales, hallazgos positivos en el cultivo",,,
R856,"Hallazgos  anormales en muestras tomadas de organos  digestivos y de la cavidad abdominal, hallazgos citologicos anormales, frotis anormal de Papanicolaou",,,
R857,"Hallazgos anormales en muestras tomadas de organos digestivos y de la cavidad abdominal, hallazgos histologicos  anormales",,,
R858,"Hallazgos anormales  en muestras tomadas de organos  digestivos y de la cavidad abdominal, otros hallazgos  anormales, hallazgos cromosomicos  anormales",,,
R859,"Hallazgos anormales  en muestra tomadas de organos digestivos y de la cavidad abdominal, hallazgos anormales no especificados",,,
R860,"Hallazgos anormales en muestras tomadas de organos genitales masculinos, nivel anormal de enzimas",1,010A,120A
R861,"Hallazgos anormales en muestras tomadas de organos genitales masculinos, nivel anormal de hormonas",1,010A,120A
R862,"Hallazgos anormales en muestras tomadas de organos  genitales masculinos, nivel anormal de otras drogas, medicamentos y sustancias biologicas",1,010A,120A
R863,"Hallazgos anormales en muestras tomadas de organos genitales masculinos, nivel anormal de sustancias de origen fundamentalmente no medicinal",1,010A,120A
R864,"Hallazgos anormales en muestras tomadas de organos genitales masculinos, hallazgos inmunologicos anormales",1,010A,120A
R865,"Hallazgos  anormales  en muestras tomadas de organos genitales  masculinos, hallazgos microbiologicos  anormales, hallazgos positivos en el cultivo",1,010A,120A
R866,"Hallazgos anormales en muestras tomadas de organos genitales masculinos, hallazgos citologicos anormales, frotis anormal de Papanicolaou",1,010A,120A
R867,"Hallazgos anormales en muestras tomadas de organos genitales masculinos, hallazgos histologicos anormales",1,010A,120A
R868,"Hallazgos  anormales  en muestras tomadas de organos  genitales masculinos, otros hallazgos anormales, hallazgos cromosomicos anormales",1,010A,120A
R869,"Hallazgos anormales en muestras tomadas de organos genitales masculinos, hallazgos anormales no especificados",1,010A,120A
R870,"Hallazgos anormales en muestras tomadas de organos genitales femeninos, nivel anormal de enzimas",2,010A,120A
R871,"Hallazgos anormales en muestras tomadas de organos genitales femeninos,  nivel anormal de hormonas",2,010A,120A
R872,"Hallazgos anormales en muestras tomadas de organos  genitales  femeninos,  nivel anormal de otras drogas, medicamentos y sustancias  biologicas.",2,010A,120A
R873,"Hallazgos anormales en muestras tomadas de organos genitales  femeninos, nivel anormal de sustancias de origen fundamentalmente no medicinal",2,010A,120A
R874,"Hallazgos anormales en muestras tomadas de organos genitales femeninos, hallazgos inmunologicos anormales",2,010A,120A
R875,"Hallazgos anormales en muestras tomadas de organos  genitales  femeninos, hallazgos microbiologicos anormales, hallazgos positivos en el cultivo",2,010A,120A
R876,"Hallazgos anormales.en muestras tomadas de organos genitales femeninos, hallazgos citologicos anormales, Frotis anormal de Papanicolaou",2,010A,120A
R877,"Hallazgos anormales en muestras tomadas de organos genitales femeninos, hallazgos histologicos anormales",2,010A,120A
R878,"Hallazgos anormales en muestras tomadas de organos genitales femeninos, otros hallazgos anormales, hallazgos cromosomicos anormales",2,010A,120A
R879,"Hallazgos anormales en muestras tomadas de organos genitales femeninos, hallazgos anormales, no especificados",2,010A,120A
R890,"Hallazgos anormales en muestras tomadas de otros organos, sistemas y tejidos, nivel anormal de enzimas",,,
R891,"Hallazgos anormales en muestras tomadas de otros organos, sistemas y tejidos, nivel anormal de hormonas",,,
R892,"Hallazgos  anormales en muestras tomadas de otros organos, sistemas y tejidos, nivel anormal de otras drogas, medicamentos y sustancias biologicas",,,
R893,"Hallazgos anormales en muestras tomadas de otros organos, sistemas y tejidos, nivel anormal de  sustancias de origen fundamentalmente no medicinal",,,
R894,"Hallazgos anormales en muestras tomadas de otros organos, sistemas y tejidos, hallazgos inmunologicos anormales",,,
R895,"Hallazgos anormales  en muestra tomadas de otros organos , sistemas y tejidos, hallazgos microbiologicos anormales, hallazgos positivos en el cultivo",,,
R896,"Hallazgos anormales  en muestra tomadas de otros organos, sistemas y tejidos, hallazgos citologicos anormales, frotis anormal de Papanicolaou",,,
R897,"Hallazgos anormales en muestras tomadas de otros organos, sistemas y tejidos, hallazgos histologicos anormales",,,
R898,"Hallazgos anormales en muestras tomadas de otros organos, sistemas y tejidos, otros hallazgos anormales, hallazgos cromosomicos anormales",,,
R899,"Hallazgos anormales en muestras tomadas de otros organos, sistemas y tejidos, hallazgos anormales no especificados.",,,
R900,Lesion que ocupa el espacio intracraneal,,,
R908,Otros hallazgos anormales en diagnostico por imagen del sistema nervioso central,,,
R91X,Hallazgos anormales en diagnostico por imagen del pulmon,,,
R92X,Hallazgos anormales en diagnostico por imagen de la mama,,,
R930,"Hallazgos anormales en diagnostico por imagen del craneo y de la cabeza, no clasificados en otra parte",,,
R931,Hallazgos anormales en diagnostico por imagen del corazon y de la circulacion coronaria,,,
R932,Hallazgos anormales en diagnostico por imagen del higado y de las vias biliares,,,
R933,Hallazgos anormales en diagnostico por imagen de otras partes de las vias digestivas,,,
R934,Hallazgos anormales en diagnostico por imagen de los organos urinarios,,,
R935,"Hallazgos anormales en diagnostico por imagen de otras regiones abdominales, incluido el retroperitoneo",,,
R936,Hallazgos anormales en diagnostico por imagen de los miembros,,,
R937,Hallazgos anormales en diagnostico por imagen de otras partes del sistema osteomuscular,,,
R938,Hallazgos anormales en diagnostico por imagen de otras estructuras especificadas del cuerpo,,,
R940,Resultados anormales en estudios funcionales del sistema nervioso central,,,
R941,Resultados anormales en estudios funcionales del sistema nervioso periferico y sentidos especiales,,,
R942,Resultados anormales en estudios funcionales del pulmon,,,
R943,Resultados anormales en estudios funcionales cardiovasculares,,,
R944,Resultados anormales en estudios funcionales del rinon,,,
R945,Resultados anormales en estudios funcionales del higado,,,
R946,Resultados anormales en estudios funcionales de la tiroides,,,
R947,Resultados anormales en otros estudios funcionales endocrinos,,,
R948,Resultados anormales en los estudios funcionales de otros organos y sistemas,,,
R950,"Síndrome de la muerte súbita infantil, con mención de autopsia",,000H,011M
R959,"Síndrome de la muerte súbita infantil, sin mención de autopsia",,000H,011M
R960,Muerte instantanea,,001A,120A
R961,"Muerte que ocurre en menos de 24 horas del inicio de los sintomas, no explicada de otra forma",,001A,120A
R98X,Muerte sin asistencia,,,
R99X,Otras causas mal definidas y las no especificadas de mortalidad,,,
S000,Traumatismo superficial del cuero cabelludo,,,
S001,Contusion de los parpados y de la region periocular,,,
S002,Otros traumatismos superficiales del parpado y de la region periocular,,,
S003,Traumatismo superficial de la nariz,,,
S004,Traumatismo superficial del oido,,,
S005,Traumatismo superficial del labio y de la cavidad bucal,,,
S007,Traumatismos superficiales multiples de la cabeza,,,
S008,Traumatismo superficial de otras partes de la cabeza,,,
S009,"Traumatismo superficial de la cabeza, parte no especificada",,,
S010,Herida del cuero cabelludo,,,
S011,Herida del parpado y de la region periocular,,,
S012,Herida de la nariz,,,
S013,Herida del oido,,,
S014,Herida de la mejilla y de la region temporomandibular,,,
S015,Herida del labio y de la cavidad bucal,,,
S017,Heridas multiples de la cabeza,,,
S018,Herida de otras partes de la cabeza,,,
S019,"Herida de la cabeza, parte no especificada",,,
S020,Fractura de la boveda del craneo,,,
S021,Fractura de la base del craneo,,,
S022,Fractura de los huesos de la nariz,,,
S023,Fractura del suelo de la orbita,,,
S024,Fractura del malar y del hueso maxilar superior,,,
S025,Fractura de los dientes,,,
S026,Fractura del maxilar inferior,,,
S027,Fracturas multiples que comprometen el craneo y los huesos de la cara,,,
S028,Fractura de otros huesos del craneo y de la cara,,,
S029,"Fractura del craneo y de los huesos de la cara, parte no especificada",,,
S030,Luxacion del maxilar,,,
S031,Luxacion del cartilago septal de la nariz,,,
S032,Luxacion de diente,,,
S033,Luxacion de otras partes y de las no especificadas de la cabeza,,,
S034,Esguinces y torceduras del maxilar,,,
S035,Esguinces y torceduras de articulaciones y ligamentos de otras partes y las no especificadas de la cabeza,,,
S040,Traumatismo del nervio optico [II par] y de las vias opticas,,,
S041,Traumatismo del nervio motor ocular comun [III par],,,
S042,Traumatismo del nervio patetico [IV par],,,
S043,Traumatismo del nervio trigemino [V par],,,
S044,Traumatismo del nervio motor ocular externo [VI par],,,
S045,Traumatismo del nervio facial [VII par],,,
S046,Traumatismo del nervio acustico [VIII par],,,
S047,Traumatismo del nervio espinal [XI par],,,
S048,Traumatismo de otros nervios craneales,,,
S049,"Traumatismo de nervios craneales, no especificado",,,
S050,Traumatismo de la conjuntiva y abrasion corneal sin mencion de cuerpo extrano,,,
S051,Contusion del globo ocular y del tejido orbitario,,,
S052,Laceracion y ruptura ocular con prolapso o perdida del tejido intraocular,,,
S053,Laceracion ocular sin prolapso o perdida del tejido intraocular,,,
S054,Herida penetrante de la orbita con o sin cuerpo extrano,,,
S055,Herida penetrante del globo ocular con cuerpo extrano,,,
S056,Herida penetrante del globo ocular sin cuerpo extrano,,,
S057,Avulsion de ojo,,,
S058,Otros traumatismos del ojo y de la orbita,,,
S059,"Traumatismo del ojo y de la orbita, no especificado",,,
S060,Concusion,,,
S061,Edema cerebral traumatico,,,
S062,Traumatismo cerebral difuso,,,
S063,Traumatismo cerebral focal,,,
S064,Hemorragia epidural,,,
S065,Hemorragia subdural traumatica,,,
S066,Hemorragia subaracnoidea traumatica,,,
S067,Traumatismo intracraneal con coma prolongado,,,
S068,Otros traumatismos intracraneales,,,
S069,"Traumatismo intracraneal, no especificado",,,
S070,Traumatismo por aplastamiento de la cara,,,
S071,Traumatismo por aplastamiento del craneo,,,
S078,Traumatismo por aplastamiento de otras partes de la cabeza,,,
S079,"Traumatismo por aplastamiento de la cabeza, parte no especificada",,,
S080,Avulsion del cuero cabelludo,,,
S081,Amputacion traumatica de la oreja,,,
S088,Amputacion traumatica de otras partes de la cabeza,,,
S089,Amputacion traumatica de parte no especificada de la cabeza,,,
S090,Traumatismo de los vasos sanguineos de la cabeza no clasificados en otra parte,,,
S091,Traumatismo de tendon y musculos de la cabeza,,,
S092,Ruptura traumatica del timpano del oido,,,
S097,Traumatismos multiples de la cabeza,,,
S098,"Otros traumatismos de la cabeza, especificados",,,
S099,"Traumatismo de la cabeza, no especificado",,,
S100,Contusion de la garganta,,,
S101,Otros traumatismos superficiales y los no especificados de la garganta,,,
S107,Traumatismo superficial multiple del cuello,,,
S108,Traumatismo superficial de otras partes del cuello,,,
S109,"Traumatismo superficial del cuello, parte no especificada",,,
S110,Herida que compromete la laringe y la traquea,,,
S111,Herida que compromete la glandula tiroides,,,
S112,Herida que compromete la faringe y el esofago cervical,,,
S117,Heridas multiples del cuello,,,
S118,Heridas de otras partes del cuello,,,
S119,"Herida de cuello, parte no especificada",,,
S120,Fractura de la primera vertebra cervical,,,
S121,Fractura de la segunda vertebra cervical,,,
S122,Fractura de otras vertebras cervicales especificadas,,,
S127,Fracturas multiples de columna cervical,,,
S128,Fractura de otras partes del cuello,,,
S129,"Fractura del cuello, parte no especificada",,,
S130,Ruptura traumatica de disco cervical intervertebral,,,
S131,Luxacion de vertebra cervical,,,
S132,Luxaciones de otras partes y de las no especificadas del cuello,,,
S133,Luxaciones multiples del cuello,,,
S134,Esguinces y torceduras de la columna cervical,,,
S135,Esguinces y torceduras de la region tiroidea,,,
S136,Esguinces y torceduras de articulaciones y ligamentos de otros sitios especificados y de los no especificados del cuello,,,
S140,Concusion y edema de la medula espinal cervical,,,
S141,Otros traumatismos de la medula espinal cervical y los no especificados,,,
S142,Traumatismo de raiz nerviosa de columna cervical,,,
S143,Traumatismo del plexo braquial,,,
S144,Traumatismo de nervios perifericos del cuello,,,
S145,Traumatismo de nervios cervicales simpaticos,,,
S146,Traumatismo de otros nervios y de los no especificados del cuello,,,
S150,Traumatismo de la arteria carotida,,,
S151,Traumatismo de la arteria vertebral,,,
S152,Traumatismo de la vena yugular externa,,,
S153,Traumatismo de la vena yugular interna,,,
S157,Traumatismo de multiples vasos sanguineos a nivel del cuello,,,
S158,Traumatismo de otros vasos sanguineos a nivel del cuello,,,
S159,Traumatismo de vasos sanguineos no especificados a nivel del cuello,,,
S16X,Traumatismo de tendon y musculos a nivel del cuello,,,
S170,Traumatismo por aplastamiento de la laringe y de la traquea,,,
S178,Traumatismo por aplastamiento de otras partes del cuello,,,
S179,"Traumatismo por aplastamiento del cuello, parte no especificada",,,
S18X,Amputacion traumatica a nivel del cuello,,,
S197,Traumatismos multiples del cuello,,,
S198,"Otros traumatismos del cuello, especificados",,,
S199,"Traumatismo del cuello, no especificado",,,
S200,Contusion de la mama,,,
S201,Otros traumatismos superficiales y los no especificados de la mama,,,
S202,Contusion del torax,,,
S203,Otros traumatismos superficiales de la pared anterior del torax,,,
S204,Otros traumatismos superficiales de la pared posterior del torax,,,
S207,Traumatismos superficiales multiples del torax,,,
S208,Traumatismo superficial de otras partes y de las no especificadas del torax,,,
S210,Herida de la mama,,,
S211,Herida de la pared anterior del torax,,,
S212,Herida de la pared posterior del torax,,,
S217,Herida multiple de la pared toracica,,,
S218,Herida de otras partes del torax,,,
S219,"Herida del torax, parte no especificada",,,
S220,Fractura de vertebra toracica,,,
S221,Fracturas multiples de columna toracica,,,
S222,Fractura del esternon,,,
S223,Fractura de costilla,,,
S224,Fracturas multiples de costillas,,,
S225,Torax azotado,,,
S228,Fractura de otras partes del torax oseo,,,
S229,"Fractura del torax oseo, parte no especificada",,,
S230,Ruptura traumatica de disco intervertebral toracico,,,
S231,Luxacion de vertebra toracica,,,
S232,Luxacion de otras partes y de las no especificadas del torax,,,
S233,Esguinces y torceduras de columna toracica,,,
S234,Esguinces y torceduras de costillas y esternon,,,
S235,Esguinces y torceduras de otras partes y de las no especificadas del torax,,,
S240,Concusion y edema de la medula espinal toracica,,,
S241,Otros traumatismos y los no especificados de la medula espinal toracica,,,
S242,Traumatismo de raices nerviosas de la columna toracica,,,
S243,Traumatismo de nervios perifericos del torax,,,
S244,Traumatismo de nervios simpaticos toracicos,,,
S245,Traumatismo de otros nervios del torax,,,
S246,Traumatismo de nervio no especificado del torax,,,
S250,Traumatismo de la aorta toracica,,,
S251,Traumatismo de la arteria innominada o subclavia,,,
S252,Traumatismo de vena cava superior,,,
S253,Traumatismo de la vena innominada o subclavia,,,
S254,Traumatismo de vasos sanguineos pulmonares,,,
S255,Traumatismo de vasos sanguineos intercostales,,,
S257,Traumatismo de multiples vasos sanguineos del torax,,,
S258,Traumatismo de otros vasos sanguineos del torax,,,
S259,Traumatismo de vasos sanguineos no especificados del torax,,,
S260,Traumatismo del corazon con hemopericardio,,,
S268,Otros traumatismos del corazon,,,
S269,"Traumatismo del corazon, no especificado",,,
S270,Neumotorax traumatico,,,
S271,Hemotorax traumatico,,,
S272,Hemoneumotorax traumatico,,,
S273,Otros traumatismos del pulmon,,,
S274,Traumatismo de los bronquios,,,
S275,Traumatismo de la traquea toracica,,,
S276,Traumatismo de la pleura,,,
S277,Traumatismos multiples de organos intratoracicos,,,
S278,"Traumatismo de otros organos intratoracicos, especificados",,,
S279,"Traumatismo de organo intratoracico, no especificado",,,
S280,Aplastamiento del torax,,,
S281,Amputacion traumatica de parte del torax,,,
S290,Traumatismo de tendon y musculos a nivel del torax,,,
S297,Traumatismos multiples del torax,,,
S298,"Otros traumatismos del torax, especificados",,,
S299,"Traumatismo del torax, no especificado",,,
S300,Contusion de la region lumbosacra y de la pelvis,,,
S301,Contusion de la pared abdominal,,,
S302,Contusion de organos genitales externos,,,
S307,"Traumatismos superficiales multiples del abdomen, de la region lumbosacra y de la pelvis",,,
S308,"Otros traumatismos superficiales del abdomen, de la region lumbosacra y de la pelvis",,,
S309,"Traumatismo superficial del abdomen, de la region lumbosacra y de la pelvis, parte no especificada",,,
S310,Herida de la region lumbosacra y de la pelvis,,,
S311,Herida de la pared abdominal,,,
S312,Herida del pene,1,,
S313,Herida del escroto y de los testiculos,1,,
S314,Herida de la vagina y de la vulva,2,,
S315,Herida de otros organos genitales externos y de los no especificados,,,
S317,"Heridas multiples del abdomen, de la region lumbosacra y de la pelvis",,,
S318,Heridas de otras partes y de las no especificadas del abdomen,,,
S320,Fractura de vertebra lumbar,,,
S321,Fractura del sacro,,,
S322,Fractura del coccix,,,
S323,Fractura del hueso iliaco,,,
S324,Fractura del acetabulo,,,
S325,Fractura del pubis,,,
S327,Fracturas multiples de la columna lumbar y de la pelvis,,,
S328,Fractura de otras partes y de las no especificadas de la columna lumbar y de la pelvis,,,
S330,Ruptura traumatica de disco intervertebral lumbar,,,
S331,Luxacion de vertebra lumbar,,,
S332,Luxacion de articulacion sacrococcigea y sacroiliaca,,,
S333,Luxacion de otras partes y de las no especificadas de la columna lumbar y de la pelvis,,,
S334,Ruptura traumatica de la sinfisis del pubis,,,
S335,Esguinces y torceduras de la columna lumbar,,,
S336,Esguinces y torceduras de la articulacion sacroiliaca,,,
S337,Esguinces y torceduras de otras partes y de la no especificadas de la columna lumbar y de la pelvis,,,
S340,Concusion y edema de la medula espinal lumbar,,,
S341,Otro traumatismo de la medula espinal lumbar,,,
S342,Traumatismo de raiz nerviosa de la columna lumbar y sacra,,,
S343,Traumatismo de la cola de caballo,,,
S344,Traumatismo del plexo lumbosacro,,,
S345,"Traumatismo de nervios(s) simpatico(s) lumbar(es),sacro(s) y pelvico(s)",,,
S346,"Traumatismo de nervio(s) periferico(s) del abdomen, de la region lumbosacra y de la pelvis",,,
S348,"Traumatismo de otros nervios a nivel del abdomen, de la region lumbosacra y de la pelvis y de los no especificados",,,
S350,Traumatismo de la aorta abdominal,,,
S351,Traumatismo de la vena cava inferior,,,
S352,Traumatismo de arterias celiacas y mesentericas,,,
S353,Traumatismo de venas porta y esplenica,,,
S354,Traumatismo de vasos sanguineos renales,,,
S355,Traumatismo de vasos sanguineos iliacos,,,
S357,"Traumatismo de multiples vasos sanguineos a nivel del abdomen, de la region lumbosacra y de la pelvis",,,
S358,"Traumatismo de otros vasos sanguineos a nivel del abdomen, de la region lumbosacra y de la pelvis",,,
S359,"Traumatismo de vasos sanguineos no especificados a nivel del abdomen, de la region lumbosacra y de la pelvis",,,
S360,Traumatismo del bazo,,,
S361,Traumatismo del higado y de la vesicula biliar,,,
S362,Traumatismo del pancreas,,,
S363,Traumatismo del estomago,,,
S364,Traumatismo del intestino delgado,,,
S365,Traumatismo del colon,,,
S366,Traumatismo del recto,,,
S367,Traumatismo de multiples organos intraabdominales,,,
S368,Traumatismo de otros organos intraabdominales,,,
S369,Traumatismo de organo intraabdominal no especificado,,,
S370,Traumatismo del rinon,,,
S371,Traumatismo del ureter,,,
S372,Traumatismo de la vejiga,,,
S373,Traumatismo de la uretra,,,
S374,Traumatismo del ovario,2,,
S375,Traumatismo de la trompa de Falopio,2,,
S376,Traumatismo del utero,2,,
S377,Traumatismo de multiples organos pelvicos,,,
S378,Traumatismo de otros organos pelvicos,,,
S379,Traumatismo de organo pelvico no especificado,,,
S380,Traumatismo por aplastamiento de organos genitales externos,,,
S381,"Traumatismo por aplastamiento de otras partes y de las no especificadas del abdomen, de la region lumbosacra y de la pelvis",,,
S382,Amputacion traumatica de organos genitales externos,,,
S383,"Amputacion traumatica de otras partes y de las no especificadas del abdomen, region lumbosacra y pelvis",,,
S390,"Traumatismo de tendon y de musculos del abdomen, de la region lumbosacra y de la pelvis",,,
S396,Traumatismo de organo(s) intraabdominal(es) con organo(s) pelvico(s),,,
S397,"Otros traumatismos multiples del abdomen, de la region lumbosacra y de la pelvis",,,
S398,"Otros traumatismos especificados del abdomen, de la region lumbosacra y de la pelvis",,,
S399,"Traumatismo no especificado del abdomen, de la region lumbosacra y de la pelvis",,,
S400,Contusion del hombro y del brazo,,,
S407,Traumatismos superficiales multiples del hombro y del brazo,,,
S408,Otros traumatismos superficiales del hombro y del brazo,,,
S409,Traumatismo superficial no especificado del hombro y del brazo,,,
S410,Herida del hombro,,,
S411,Herida del brazo,,,
S417,Heridas multiples del hombro y del brazo,,,
S418,Herida de otras partes y de las no especificadas del hombro y del brazo,,,
S420,Fractura de la clavicula,,,
S421,Fractura del omoplato,,,
S422,Fractura de la epifisis superior del humero,,,
S423,Fractura de la diafisis del humero,,,
S424,Fractura de la epifisis inferior del humero,,,
S427,"Fracturas multiples de la clavicula, del omoplato y del humero",,,
S428,Fractura de otras partes del hombro y del brazo,,,
S429,"Fractura del hombro y del brazo, parte no especificada",,,
S430,Luxacion de la articulacion del hombro,,,
S431,Luxacion de la articulacion acromioclavicular,,,
S432,Luxacion de la articulacion esternoclavicular,,,
S433,Luxacion de otras partes de la cintura escapular y de las no especificadas,,,
S434,Esguinces y torceduras de la articulacion del hombro,,,
S435,Esguinces y torceduras de la articulacion acromioclavicular,,,
S436,Esguinces y torceduras de la articulacion esternoclavicular,,,
S437,Esguinces y torceduras de otras partes y de las no especificadas de la cintura escapular,,,
S440,Traumatismo del nervio cubital a nivel del brazo,,,
S441,Traumatismo del nervio mediano a nivel del brazo,,,
S442,Traumatismo del nervio radial a nivel del brazo,,,
S443,Traumatismo del nervio axilar,,,
S444,Traumatismo del nervio musculocutaneo,,,
S445,Traumatismo del nervio sensitivo cutaneo a nivel del hombro y del brazo,,,
S447,Traumatismo de multiples nervios a nivel del hombro y del brazo,,,
S448,Traumatismo de otros nervios a nivel del hombro y del brazo,,,
S449,Traumatismo de nervio no especificado a nivel del hombro y del brazo,,,
S450,Traumatismo de la arteria axilar,,,
S451,Traumatismo de la arteria braquial,,,
S452,Traumatismo de la vena axilar o braquial,,,
S453,Traumatismo de vena superficial a nivel del hombro y del brazo,,,
S457,Traumatismo de multiples vasos sanguineos a nivel del hombro y del brazo,,,
S458,Traumatismo de otros vasos sanguineos a nivel del hombro y del brazo,,,
S459,Traumatismo de vaso sanguineo no especificado a nivel del hombro y del brazo,,,
S460,Traumatismo del musculo(s) y tendon(es) del manguito rotatorio del hombro,,,
S461,Traumatismo del tendon y musculo de la cabeza larga del biceps,,,
S462,Traumatismo del tendon y musculo de otras partes del biceps,,,
S463,Traumatismo del tendon y musculo del triceps,,,
S467,Traumatismo de multiples tendones y musculos a nivel del hombro y del brazo,,,
S468,Traumatismo de otros tendones y musculos a nivel del hombro y del brazo,,,
S469,"Traumatismo de tendon y musculo no especificado, a nivel del hombro y del brazo",,,
S47X,Traumatismo por aplastamiento del hombro y del brazo,,,
S480,Amputacion traumatica en la articulacion del hombro,,,
S481,Amputacion traumatica a nivel entre el hombro y el codo,,,
S489,"Amputacion traumatica del hombro y del brazo, nivel no especificado",,,
S497,Traumatismos multiples del hombro y del brazo,,,
S498,Otros traumatismos especificados del hombro y del brazo,,,
S499,Traumatismos no especificados del hombro y del brazo,,,
S500,Contusion del codo,,,
S501,Contusion de otras partes del antebrazo y de las no especificadas,,,
S507,Traumatismos superficiales multiples del antebrazo,,,
S508,Otros traumatismos superficiales del antebrazo,,,
S509,"Traumatismo superficial del antebrazo, no especificado",,,
S510,Herida del codo,,,
S517,Heridas multiples del antebrazo,,,
S518,Herida de otras partes del antebrazo,,,
S519,"Herida del antebrazo, parte no especificada",,,
S520,Fractura de la epifisis superior del cubito,,,
S521,Fractura de la epifisis superior del radio,,,
S522,Fractura de la diafisis del cubito,,,
S523,Fractura de la diafisis del radio,,,
S524,Fractura de la diafisis del cubito y del radio,,,
S525,Fractura de la epifisis inferior del radio,,,
S526,Fractura de la epifisis inferior del cubito y del radio,,,
S527,Fracturas multiples del antebrazo,,,
S528,Fractura de otras partes del antebrazo,,,
S529,"Fractura del antebrazo, parte no especificada",,,
S530,Luxacion de la cabeza del radio,,,
S531,"Luxacion del codo, no especificada",,,
S532,Ruptura traumatica del ligamento lateral del radio,,,
S533,Ruptura traumatica del ligamento lateral del cubito,,,
S534,Esguinces y torceduras del codo,,,
S540,Traumatismo del nervio cubital a nivel del antebrazo,,,
S541,Traumatismo del nervio mediano a nivel del antebrazo,,,
S542,Traumatismo del nervio radial a nivel del antebrazo,,,
S543,Traumatismo del nervio sensorial cutaneo a nivel del antebrazo,,,
S547,Traumatismo de multiples nervios a nivel del antebrazo,,,
S548,Traumatismo de otros nervios a nivel del antebrazo,,,
S549,Traumatismo de nervio no especificado a nivel del antebrazo,,,
S550,Traumatismo de la arteria cubital a nivel del antebrazo,,,
S551,Traumatismo de la arteria radial a nivel del antebrazo,,,
S552,Traumatismo de vena a nivel del antebrazo,,,
S557,Traumatismo de multiples vasos sanguineos a nivel del antebrazo,,,
S558,Traumatismo de otros vasos sanguineos a nivel del antebrazo,,,
S559,Traumatismo de vaso sanguineo no especificado a nivel del antebrazo,,,
S560,Traumatismo del tendon y musculo flexor del pulgar a nivel del antebrazo,,,
S561,Traumatismo del tendon y musculo flexor de otro(s) dedo(s) a nivel del antebrazo,,,
S562,Traumatismo de otro tendon y musculo flexor a nivel del antebrazo,,,
S563,Traumatismo de tendones y musculos abductores y extensores del pulgar a nivel del antebrazo,,,
S564,Traumatismo del tendon y musculo extensor de otro(s) dedo(s) a nivel del antebrazo,,,
S565,Traumatismo de otro tendon y musculo extensor a nivel del antebrazo,,,
S567,Traumatismo de multiples tendones y musculos a nivel del antebrazo,,,
S568,"Traumatismo de otros tendones y musculos y de los no especificados, a nivel del antebrazo",,,
S570,Traumatismo por aplastamiento del codo,,,
S578,Traumatismo por aplastamiento de otras partes del antebrazo,,,
S579,"Traumatismo por aplastamiento del antebrazo, parte no especificada",,,
S580,Amputacion traumatica a nivel del codo,,,
S581,Amputacion traumatica nivel entre el codo y la muneca,,,
S589,"Amputacion traumatica del antebrazo, nivel no especificado",,,
S597,Otros Traumatismos multiples del antebrazo,,,
S598,Otros traumatismos especificados del antebrazo,,,
S599,Traumatismo no especificado del antebrazo,,,
S600,"Contusion de dedo(s) de la mano, sin dano de la(s) una(s)",,,
S601,Contusion de dedo(s) de la mano con dano de la(s) una(s),,,
S602,Contusion de otras partes de la muneca y de la mano,,,
S607,Traumatismos superficiales multiples de la muneca y de la mano,,,
S608,Otros traumatismos superficiales de la muneca y de la mano,,,
S609,"Traumatismo superficial de la muneca y de la mano, no especificado",,,
S610,"Herida de dedo(s) de la mano, sin dano de la(s) una(s)",,,
S611,"Herida de dedo(s) de la mano, con dano de la(s) una(s)",,,
S617,Heridas multiples de la muneca y de la mano,,,
S618,Herida de otras partes de la muneca y de la mano,,,
S619,"Herida de la muneca y de la mano, parte no especificada",,,
S620,Fractura del hueso escafoides [navicular] de la mano,,,
S621,Fractura de otro(s) hueso(s) del carpo,,,
S622,Fractura del primer metacarpiano,,,
S623,Fractura de otros huesos metacarpianos,,,
S624,Fracturas multiples de huesos metacarpianos,,,
S625,Fractura del pulgar,,,
S626,Fractura de otro dedo de la mano,,,
S627,Fracturas multiples de los dedos de la mano,,,
S628,Fractura de otras partes y de las no especificadas de la muneca y de la mano,,,
S630,Luxacion de la muneca,,,
S631,Luxacion de dedos de la mano,,,
S632,Luxaciones multiples de dedos de la mano,,,
S633,Ruptura traumatica de ligamentos de la muneca y del carpo,,,
S634,Ruptura traumatica de ligamentos del dedo de la mano en la(s) articulacion(es) metacarpofalangica e interfalangica,,,
S635,Esguince y torcedura de la muneca,,,
S636,Esguinces y torceduras de dedo(s) de la mano,,,
S637,Esguinces y torceduras de otras partes y de las no especificadas de la muneca y de la mano,,,
S640,Traumatismo del nervio cubital a nivel de la muneca y de la mano,,,
S641,Traumatismo del nervio mediano a nivel de la muneca y de la mano,,,
S642,Traumatismo del nervio radial a nivel de la muneca y de la mano,,,
S643,Traumatismo del nervio digital del pulgar,,,
S644,Traumatismo del nervio digital de otro dedo,,,
S647,Traumatismo de multiples nervios a nivel de la muneca y de la mano,,,
S648,Traumatismo de otros nervios a nivel de la muneca y de la mano,,,
S649,Traumatismo de nervio no especificado a nivel de la muneca y de la mano,,,
S650,Traumatismo de la arteria cubital a nivel de la muneca y de la mano,,,
S651,Traumatismo de la arteria radial a nivel de la muneca y de la mano,,,
S652,Traumatismo del arco palmar superficial,,,
S653,Traumatismo del arco palmar profundo,,,
S654,Traumatismo de vaso(s) sanguineo(s) del pulgar,,,
S655,Traumatismo de vaso(s) sanguineo(s) de otro dedo,,,
S657,Traumatismo de multiples vasos sanguineos a nivel de la muneca y de la mano,,,
S658,Traumatismo de otros vasos sanguineos a nivel de la muneca y de la mano,,,
S659,"Traumatismo de vaso sanguineo no especificado, a nivel de la muneca y de la mano",,,
S660,Traumatismo del tendon y musculo flexor largo del pulgar a nivel de la muneca y de la mano,,,
S661,Traumatismo del tendon y musculo flexor de otro dedo a nivel de la muneca y de la mano,,,
S662,Traumatismo del tendon y musculo extensor del pulgar a nivel de la muneca y de la mano,,,
S663,Traumatismo del tendon y musculo extensor de otro(s) dedo(s) a nivel de la muneca y de la mano,,,
S664,Traumatismo del musculo y tendon intrinseco del pulgar a nivel de la muneca y de la mano,,,
S665,Traumatismo del musculo y tendon intrinseco de otro(s) dedo(s) a nivel de la muneca y de la mano,,,
S666,Traumatismo de multiples tendones y musculos flexores a nivel de la muneca y de la mano,,,
S667,Traumatismo de multiples tendones y musculos extensores a nivel de la muneca y de la mano,,,
S668,Traumatismo de otros tendones y musculos a nivel de la muneca y de la mano,,,
S669,"Traumatismo de tendon y musculo no especificado, a nivel de la muneca y de la mano",,,
S670,Traumatismo por aplastamiento del pulgar y otro(s) dedo(s),,,
S678,Traumatismo por aplastamiento de otras partes y de las no especificadas de la muneca y de la mano,,,
S680,Amputacion traumatica del pulgar (completa) (parcial),,,
S681,Amputacion traumatica de otro dedo unico (completa) (parcial),,,
S682,Amputacion traumatica de dos o mas dedos solamente (completa) (parcial),,,
S683,Amputacion traumatica combinada (de parte) de dedo(s) con otras partes de la muneca y de la mano,,,
S684,Amputacion traumatica de la mano a nivel de la muneca,,,
S688,Amputacion traumatica de otras partes de la muneca y de la mano,,,
S689,"Amputacion traumatica de la muneca y de la mano, nivel no especificado",,,
S697,Otros traumatismos multiples de la muneca y de la mano,,,
S698,Otros traumatismos especificados de la muneca y de la mano,,,
S699,Traumatismo no especificado de la muneca y de la mano,,,
S700,Contusion de la cadera,,,
S701,Contusion del muslo,,,
S707,Traumatismos superficiales multiples de la cadera y del muslo,,,
S708,Otros traumatismos superficiales de la cadera y del muslo,,,
S709,"Traumatismo superficial de la cadera y del muslo, no especificado",,,
S710,Herida de la cadera,,,
S711,Herida del muslo,,,
S717,Heridas multiples de la cadera y del muslo,,,
S718,Herida de otras partes y de las no especificadas de la cintura pelvica,,,
S720,Fractura del cuello de femur,,,
S721,Fractura pertrocanteriana,,,
S722,Fractura subtrocanteriana,,,
S723,Fractura de la diafisis del femur,,,
S724,Fractura de la epifisis inferior del femur,,,
S727,Fracturas multiples del femur,,,
S728,Fracturas de otras partes del femur,,,
S729,"Fractura del femur, parte no especificada",,,
S730,Luxacion de la cadera,,,
S731,Esguinces y torceduras de la cadera,,,
S740,Traumatismo del nervio ciatico a nivel de la cadera y del muslo,,,
S741,Traumatismo del nervio femorocutaneo a nivel de la cadera y del muslo,,,
S742,Traumatismo del nervio sensorial cutaneo a nivel de la cadera y del muslo,,,
S747,Traumatismo de nervios multiples a nivel de la cadera y del muslo,,,
S748,Traumatismo de otros nervios a nivel de la cadera y del muslo,,,
S749,Traumatismo de nervio no especificado a nivel de la cadera y del muslo,,,
S750,Traumatismo de la arteria femoral,,,
S751,Traumatismo de la vena femoral a nivel de la cadera y del muslo,,,
S752,Traumatismo de la gran vena safena a nivel de la cadera y del muslo,,,
S757,Traumatismo de multiples vasos sanguineos a nivel de la cadera y del muslo,,,
S758,Traumatismo de otros vasos sanguineos a nivel de la cadera y del muslo,,,
S759,Traumatismo de vaso sanguineo no especificado a nivel de la cadera y del muslo,,,
S760,Traumatismo del tendon y musculo de la cadera,,,
S761,Traumatismo del tendon y musculo cuadriceps,,,
S762,Traumatismo del tendon y musculo aductor mayor del muslo,,,
S763,Traumatismo de tendon y musculo del grupo muscular posterior a nivel del muslo,,,
S764,Traumatismo de otros tendones y musculos y los no especificados a nivel del muslo,,,
S767,Traumatismo de multiples tendones y musculos a nivel de la cadera y del muslo,,,
S770,Traumatismo por aplastamiento de la cadera,,,
S771,Traumatismo por aplastamiento del muslo,,,
S772,Traumatismo por aplastamiento de la cadera con el muslo,,,
S780,Amputacion traumatica de la articulacion de la cadera,,,
S781,Amputacion traumatica en algun nivel entre la cadera y la rodilla,,,
S789,"Amputacion traumatica de cadera y muslo, nivel no especificado",,,
S797,Traumatismos multiples de la cadera y del muslo,,,
S798,Otros traumatismos especificados de la cadera y del muslo,,,
S799,Traumatismo no especificado de la cadera y del muslo,,,
S800,Contusion de la rodilla,,,
S801,Contusion de otras partes y las no especificadas de la pierna,,,
S807,Traumatismos superficiales multiples de la pierna,,,
S808,Otros traumatismos superficiales de la pierna,,,
S809,"Traumatismo superficial de la pierna, no especificado",,,
S810,Herida de la rodilla,,,
S817,Heridas multiples de la pierna,,,
S818,Herida de otras partes de la pierna,,,
S819,"Herida de la pierna, parte no especificada",,,
S820,Fractura de la rotula,,,
S821,Fractura de la epifisis superior de la tibia,,,
S822,Fractura de la diafisis de la tibia,,,
S823,Fractura de la epifisis inferior de la tibia,,,
S824,Fractura del perone solamente,,,
S825,Fractura del maleolo interno,,,
S826,Fractura del maleolo externo,,,
S827,Fracturas multiples de la pierna,,,
S828,Fractura de otras partes de la pierna,,,
S829,"Fractura de la pierna, parte no especificada",,,
S830,Luxacion de la rotula,,,
S831,Luxacion de la rodilla,,,
S832,"Desgarro de meniscos, presente",,,
S833,"Desgarro del cartilago articular de la rodilla, presente",,,
S834,Esguinces y torceduras que comprometen los ligamentos laterales (externo) (interno) de la rodilla,,,
S835,Esguinces y torceduras que comprometen el ligamento cruzado (anterior) (posterior) de la rodilla,,,
S836,Esguinces y torceduras de otras partes y las no especificadas de la rodilla,,,
S837,Traumatismo de estructuras multiples de la rodilla,,,
S840,Traumatismo del nervio tibial a nivel de la pierna,,,
S841,Traumatismo del nervio peroneo a nivel de la pierna,,,
S842,Traumatismo del nervio sensorial cutaneo a nivel de la pierna,,,
S847,Traumatismo de nervios multiples a nivel de la pierna,,,
S848,Traumatismo de otros nervios a nivel de la pierna,,,
S849,Traumatismo de nervio no especificado a nivel de la pierna,,,
S850,Traumatismo de la arteria poplitea,,,
S851,Traumatismo de la arteria tibial (anterior) (posterior),,,
S852,Traumatismo de la arteria peronea,,,
S853,Traumatismo de la gran vena safena a nivel de la pierna,,,
S854,Traumatismo de la vena safena externa a nivel de la pierna,,,
S855,Traumatismo de la vena poplitea,,,
S857,Traumatismo de vasos sanguineos multiples a nivel de la pierna,,,
S858,Traumatismo de otros vasos sanguineos a nivel de la pierna,,,
S859,Traumatismo de vaso sanguineo no especificado a nivel de la pierna,,,
S860,Traumatismo del tendon de Aquiles,,,
S861,Traumatismo de otro(s) tendon(es) y musculo(s) del grupo muscular posterior a nivel de la pierna,,,
S862,Traumatismo de tendon(es) y musculo(s) del grupo muscular anterior a nivel de la pierna,,,
S863,Traumatismo de tendon(es) y musculo(s) del grupo muscular peroneo a nivel de la pierna,,,
S867,Traumatismo de multiples tendones y musculos a nivel de la pierna,,,
S868,Traumatismo de otros tendones y musculos a nivel de la pierna,,,
S869,Traumatismo de tendon y musculo no especificado a nivel de la pierna,,,
S870,Traumatismo por aplastamiento de la rodilla,,,
S878,Traumatismo por aplastamiento de otras partes y de las no especificadas de la pierna,,,
S880,Amputacion traumatica a nivel de la rodilla,,,
S881,Amputacion traumatica en algun nivel entre la rodilla y el tobillo,,,
S889,"Amputacion traumatica de la pierna, nivel no especificado",,,
S897,Traumatismos multiples de la pierna,,,
S898,"Otros traumatismos de la pierna, especificados",,,
S899,"Traumatismo de la pierna, no especificado",,,
S900,Contusion del tobillo,,,
S901,Contusion de dedo(s) del pie sin dano de la(s) una(s),,,
S902,Contusion de dedo(s) del pie con dano de la(s) una(s),,,
S903,Contusion de otras partes y de las no especificadas del pie,,,
S907,Traumatismos superficiales multiples del pie y del tobillo,,,
S908,Otros traumatismos superficiales del pie y del tobillo,,,
S909,"Traumatismo superficial del pie y del tobillo, no especificado",,,
S910,Herida del tobillo,,,
S911,Herida de dedo(s) del pie sin dano(s) de la(s) una(s),,,
S912,Herida de dedo(s) del pie con dano(s) de la(s) una(s),,,
S913,Herida de otras partes del pie,,,
S917,Heridas multiples del tobillo y del pie,,,
S920,Fractura del calcaneo,,,
S921,Fractura del astragalo,,,
S922,Fractura de otro(s) hueso(s) del tarso,,,
S923,Fractura de hueso del metatarso,,,
S924,Fractura de los huesos del dedo gordo del pie,,,
S925,Fractura de los huesos de otro(s) dedo(s) del pie,,,
S927,Fracturas multiples del pie,,,
S929,"Fractura del pie, no especificada",,,
S930,Luxacion de la articulacion del tobillo,,,
S931,Luxacion de dedo(s) del pie,,,
S932,Ruptura de ligamentos a nivel del tobillo y del pie,,,
S933,Luxacion de otros sitios y los no especificados del pie,,,
S934,Esguinces y torceduras del tobillo,,,
S935,Esguinces y torceduras de dedo(s) del pie,,,
S936,Esguinces y torceduras de otros sitios y los no especificados del pie,,,
S940,Traumatismo del nervio plantar externo,,,
S941,Traumatismo del nervio plantar interno,,,
S942,Traumatismo del nervio peroneal profundo a nivel del pie y del tobillo,,,
S943,Traumatismo de nervio sensorial cutaneo a nivel del pie y del tobillo,,,
S947,Traumatismo de multiples nervios a nivel del pie y del tobillo,,,
S948,Traumatismo de otros nervios a nivel del pie y del tobillo,,,
S949,Traumatismo de nervio no especificado a nivel del pie y del tobillo,,,
S950,Traumatismo de la arteria dorsal del pie,,,
S951,Traumatismo de la arteria plantar del pie,,,
S952,Traumatismo de la vena dorsal del pie,,,
S957,Traumatismo de multiples vasos sanguineos a nivel del pie y del tobillo,,,
S958,Traumatismo de otros vasos sanguineos a nivel del pie y del tobillo,,,
S959,Traumatismo de vaso sanguineo no especificado a nivel de pie y del tobillo,,,
S960,Traumatismo del tendon y musculo del flexor largo del dedo a nivel del pie y del tobillo,,,
S961,Traumatismo del tendon y musculo del extensor largo del (de los) dedo(s) a nivel del pie y del tobillo,,,
S962,Traumatismo de tendones y musculos intrinsecos a nivel del pie y del tobillo,,,
S967,Traumatismo de multiples tendones y musculos a nivel del pie y del tobillo,,,
S968,Traumatismo de otros tendones y musculos a nivel del pie y del tobillo,,,
S969,Traumatismo de tendones y musculos no especificados a nivel del pie y del tobillo,,,
S970,Traumatismo por aplastamiento del tobillo,,,
S971,Traumatismo por aplastamiento de dedo(s) del pie,,,
S978,Traumatismo por aplastamiento de otras partes del pie y del tobillo,,,
S980,Amputacion traumatica del pie a nivel del tobillo,,,
S981,Amputacion traumatica de un dedo del pie,,,
S982,Amputacion traumatica de dos a mas dedos del pie,,,
S983,Amputacion traumatica de otras partes del pie,,,
S984,"Amputacion del pie, nivel no especificado",,,
S997,Otros traumatismos multiples del pie y del tobillo,,,
S998,"Otros traumatismos del pie y del tobillo, especificados",,,
S999,"Traumatismo del pie y del tobillo, no especificado",,,
T000,Traumatismos superficiales que afectan la cabeza con el cuello,,,
T001,"Traumatismos superficiales que afectan el torax con el abdomen, la region lumbosacra y la pelvis",,,
T002,Traumatismos superficiales que afectan multiples regiones del(os) miembro(s) superior(es),,,
T003,Traumatismos superficiales que afectan multiples regiones del(de los) miembro(s) inferior(es),,,
T006,Traumatismos superficiales que afectan multiples regiones del (de los) miembro(s) superior(es) con miembro(s) inferior(es),,,
T008,Traumatismos superficiales que afectan otras combinaciones de regiones del cuerpo,,,
T009,"Traumatismos superficiales multiples, no especificados",,,
T010,Heridas que afectan la cabeza con el cuello,,,
T011,"Heridas que afectan el torax con el abdomen, la region lumbosacra y la pelvis",,,
T012,Heridas que afectan multiples regiones del (de los) miembro(s) superior(es),,,
T013,Heridas que afectan multiples regiones del (de los) miembro(s) inferior(es),,,
T016,Heridas que afectan multiples regiones del (de los) miembro(s) superior(es) con miembro(s) inferior(es),,,
T018,Heridas que afectan otras combinaciones de las regiones del cuerpo,,,
T019,"Heridas multiples, no especificadas",,,
T020,Fracturas que afectan la cabeza con el cuello,,,
T021,Fracturas que afectan el torax con la region lumbosacra y la pelvis,,,
T022,Fracturas que afectan multiples regiones de un miembro superior,,,
T023,Fracturas que afectan multiples regiones de un miembro inferior,,,
T024,Fracturas que afectan multiples regiones de ambos miembros superiores,,,
T025,Fracturas que afectan multiples regiones de ambos miembros inferiores,,,
T026,Fracturas que afectan multiples regiones de miembro(s) superior(es) con miembro(s) inferior(es),,,
T027,Fracturas que afectan el torax con la region lumbosacra y la pelvis con miembro(s),,,
T028,Fracturas que afectan otras combinaciones de las regiones del cuerpo,,,
T029,"Fracturas multiples, no especificadas",,,
T030,"Luxaciones, torceduras y esguinces que afectan la cabeza con el cuello",,,
T031,"Luxaciones, torceduras y esguinces que afectan el torax con la region lumbosacra y la pelvis",,,
T032,"Luxaciones, torceduras y esguinces que afectan multiples regiones del (de los) miembros(s) superior(es)",,,
T033,"Luxaciones, torceduras y esguinces que afectan multiples regiones del (de los) miembro(s) inferior(es)",,,
T034,"Luxaciones, torceduras esguinces que afectan  multiples regiones del (de los) miembro(s) superior(es) con miembro(s) inferior(es)",,,
T038,"Luxaciones, torceduras y esguinces que afectan otras combinaciones de regiones del cuerpo",,,
T039,"Luxaciones, torceduras y esguinces multiples, no especificados",,,
T040,Traumatismos por aplastamiento que afectan la cabeza con el cuello,,,
T041,"Traumatismos por aplastamiento que afectan el torax con el abdomen, la region lumbosacra y la pelvis",,,
T042,Traumatismos por aplastamiento que afectan multiples regiones del (de los) miembro(s) superior(es),,,
T043,Traumatismos por aplastamiento que afectan multiples regiones del (de los) miembro(s) inferior(es),,,
T044,Traumatismos por aplastamiento que afecta multiples regiones del (de los) miembro(s) superior(es) con miembro(s) inferior(es),,,
T047,"Traumatismos por aplastamiento del torax, del abdomen, de la region lumbosacra y de la pelvis con miembro(s)",,,
T048,Traumatismos por aplastamiento que afectan otras combinaciones de regiones del cuerpo,,,
T049,"Traumatismos por aplastamiento multiple, no especificados",,,
T050,Amputacion traumatica de ambas manos,,,
T051,"Amputacion traumatica de una mano y el otro brazo [cualquier nivel, excepto mano]",,,
T052,Amputacion traumatica de ambos brazos [cualquier nivel],,,
T053,Amputacion traumatica de ambos pies,,,
T054,"Amputacion traumatica de un pie y la otra pierna [cualquier nivel, excepto pie]",,,
T055,Amputacion traumatica de ambas piernas [cualquier nivel],,,
T056,"Amputacion traumatica de miembros superior(es) e inferior(es), cualquier combinacion [cualquier nivel]",,,
T058,Amputacion traumatica que afecta otras combinaciones de regiones del cuerpo,,,
T059,"Amputaciones traumaticas multiples, no especificadas",,,
T060,Traumatismos del encefalo y de nervios craneales con traumatismo de nervios y medula espinal a nivel del cuello,,,
T061,Traumatismos de nervios y medula espinal que afectan otras multiples regiones del cuerpo,,,
T062,Traumatismos de nervios que afectan multiples regiones del cuerpo,,,
T063,Traumatismos de vasos sanguineos que afectan multiples regiones del cuerpo,,,
T064,Traumatismos de tendones y musculos que afectan multiples regiones del cuerpo,,,
T065,Traumatismos de organos intratoracicos con organos intraabdominales y pelvicos,,,
T068,Otros traumatismos especificados que afectan multiples regiones del cuerpo,,,
T07X,"Traumatismos multiples, no especificados",,,
T08X,"Fractura de la columna vertebral, nivel no especificado",,,
T090,"Traumatismo superficial del tronco, nivel no especificado",,,
T091,"Herida del tronco, nivel no especificado",,,
T092,"Luxacion, esguince o torcedura de articulacion y ligamentos del tronco, no especificado",,,
T093,"Traumatismo de la medula espinal, nivel no especificado",,,
T094,"Traumatismo de nervios, raiz de nervio espinal y plexos del tronco no especificados",,,
T095,Traumatismo de tendones y musculos del tronco no especificados,,,
T096,"Amputacion traumatica del tronco, nivel no especificado",,,
T098,"Otros traumatismos especificados del tronco, nivel no especificado",,,
T099,"Traumatismo no especificado del tronco, nivel no especificado",,,
T10X,"Fractura de miembro superior, nivel no especificado",,,
T110,"Traumatismo superficial de miembro superior, nivel no especificado",,,
T111,"Herida de miembro superior, nivel no especificado",,,
T112,"Luxacion, esguince o torcedura de articulacion o ligamento no especificado de miembro superior, nivel no especificado",,,
T113,"Traumatismo de nervio no especificado de miembro superior, nivel no especificado",,,
T114,"Traumatismo de vasos sanguineos no especificados de miembro superior, nivel no especificado",,,
T115,"Traumatismo de tendon y musculo no especificados de miembro superior, nivel no especificado",,,
T116,"Amputacion traumatica de miembro superior, nivel no especificado",,,
T118,"Otros traumatismos especificados de miembro superior, nivel no especificado",,,
T119,"Traumatismo no especificado de miembro superior, nivel no especificado",,,
T12X,"Fractura de miembro inferior, nivel no especificado",,,
T130,"Traumatismo superficial de miembro inferior, nivel no especificado.",,,
T131,"Herida de miembro inferior, nivel no especificado",,,
T132,"Luxacion, esguince o torcedura de articulacion y ligamentos no especificados de miembro inferior, nivel no especificado",,,
T133,"Traumatismo de nervios no especificados de miembro inferior, nivel no especificado",,,
T134,"Traumatismo de vasos sanguineos no especificados de miembro inferior, nivel no especificado",,,
T135,"Traumatismo de tendones y musculos no especificados de miembro inferior, nivel no especificado",,,
T136,"Amputacion traumatica de miembro inferior, nivel no especificado",,,
T138,"Otros traumatismos especificados de miembro inferior, nivel no especificado",,,
T139,"Traumatismo no especificado de miembro inferior, nivel no especificado",,,
T140,Traumatismo superficial de region no especificada del cuerpo,,,
T141,Herida de region no especificada del cuerpo,,,
T142,Fractura de region no especificada del cuerpo,,,
T143,"Luxacion, esguince y torcedura de region no especificada del cuerpo",,,
T144,Traumatismo de nervio(s) de region no especificada del cuerpo,,,
T145,Traumatismo de vaso(s) sanguineo(s) de region no especificada del cuerpo,,,
T146,Traumatismo de tendones y musculos de region no especificada del cuerpo,,,
T147,Traumatismo por aplastamiento y amputacion traumatica de regiones no especificadas del cuerpo,,,
T148,Otros traumatismos de region no especificada del cuerpo,,,
T149,"Traumatismo, no especificado",,,
T150,Cuerpo extrano en la cornea,,,
T151,Cuerpo extrano en el saco conjuntival,,,
T158,Cuerpo extrano en otras y en multiples partes de la parte externa del ojo,,,
T159,"Cuerpo extrano en parte externa del ojo, sitio no especificado",,,
T16X,Cuerpo extrano del oido,,,
T170,Cuerpo extrano en seno paranasal,,,
T171,Cuerpo extrano en el orificio nasal,,,
T172,Cuerpo extrano en la faringe,,,
T173,Cuerpo extrano en la laringe,,,
T174,Cuerpo extrano en la traquea,,,
T175,Cuerpo extrano en bronquios,,,
T178,Cuerpo extrano en otras y en multiples partes de las vias respiratorias,,,
T179,"Cuerpo extrano en las vias respiratorias, parte no especificada",,,
T180,Cuerpo extrano en la boca,,,
T181,Cuerpo extrano en el esofago,,,
T182,Cuerpo extrano en el estomago,,,
T183,Cuerpo extrano en el intestino delgado,,,
T184,Cuerpo extrano en el colon,,,
T185,Cuerpo extrano en el ano y en el recto,,,
T188,Cuerpo extrano en otras y en multiples partes del tubo digestivo,,,
T189,"Cuerpo extrano en el tubo digestivo, parte no especificada",,,
T190,Cuerpo extrano en la uretra,,,
T191,Cuerpo extrano en la vejiga,,,
T192,Cuerpo extrano en la vulva y en la vagina,2,,
T193,Cuerpo extrano en el utero [cualquier parte],2,,
T198,Cuerpo extrano en otras y en multiples partes de las vias genitourinarias,,,
T199,"Cuerpo extrano en las vias genitourinarias, parte no especificada",,,
T200,"Quemadura de la cabeza y del cuello, grado no especificado",,,
T201,"Quemadura de la cabeza y del cuello, de primer grado",,,
T202,"Quemadura de la cabeza y del cuello, de segundo grado",,,
T203,"Quemadura de la cabeza y del cuello, de tercer grado",,,
T204,"Corrosion de la cabeza y del cuello, grado no especificado",,,
T205,"Corrosion de la cabeza y del cuello, de primer grado",,,
T206,"Corrosion de la cabeza y del cuello, de segundo grado",,,
T207,"Corrosion de la cabeza y del cuello, de tercer grado",,,
T210,"Quemadura del tronco, grado no especificado",,,
T211,"Quemadura del tronco, de primer grado",,,
T212,"Quemadura del tronco, de segundo grado",,,
T213,"Quemadura del tronco, de tercer grado",,,
T214,"Corrosion del tronco, grado no especificado",,,
T215,"Corrosion del tronco, de primer grado",,,
T216,"Corrosion del tronco, de segundo grado",,,
T217,"Corrosion del tronco, de tercer grado",,,
T220,"Quemadura del hombro y miembro superior, grado no especificado, excepto de la muneca y de la mano",,,
T221,"Quemadura del hombro y miembro superior, de primer grado, excepto de la muneca y de la mano",,,
T222,"Quemadura del hombro y miembro superior, de segundo grado, excepto de la muneca y de la mano",,,
T223,"Quemadura del hombro y miembro superior, de tercer grado, excepto de la muneca y de la mano",,,
T224,"Corrosion del hombro y miembro superior, grado no especificado, excepto de la muneca y de la mano",,,
T225,"Corrosion del hombro y miembro superior, de primer grado, excepto de la muneca y de la mano",,,
T226,"Corrosion del hombro y miembro superior, de segundo grado, excepto de la muneca y de la mano",,,
T227,"Corrosion del hombro y miembro superior, de tercer grado, excepto de la muneca y de la mano",,,
T230,"Quemadura de la muneca y de la mano, grado no especificado",,,
T231,"Quemadura de la muneca y de la mano, de primer grado",,,
T232,"Quemadura de la muneca y de la mano, de segundo grado",,,
T233,"Quemadura de la muneca y de la mano, de tercer grado",,,
T234,"Corrosion de la muneca y de la mano, grado no especificado",,,
T235,"Corrosion de la muneca y de la mano, de primer grado",,,
T236,"Corrosion de la muneca y de la mano, de segundo grado",,,
T237,"Corrosion de la muneca y de la mano, de tercer grado",,,
T240,"Quemadura de la cadera y miembro inferior, grado no especificado, excepto tobillo y pie",,,
T241,"Quemadura de la cadera y miembro inferior, de primer grado, excepto tobillo y pie",,,
T242,"Quemadura de la cadera y miembro inferior, de segundo grado , excepto tobillo y pie",,,
T243,"Quemadura de la cadera y miembro inferior, de tercer grado, excepto tobillo y pie",,,
T244,"Corrosion de la cadera y miembro inferior, grado no especificado, excepto tobillo y pie",,,
T245,"Corrosion de la cadera y miembro inferior, de primer grado, excepto tobillo y pie",,,
T246,"Corrosion de la cadera y miembro inferior, de segundo grado, excepto tobillo y pie",,,
T247,"Corrosion de la cadera y miembro inferior, de tercer grado, excepto tobillo y pie",,,
T250,"Quemadura del tobillo y del pie, grado no especificado",,,
T251,"Quemadura del tobillo y del pie, de primer grado",,,
T252,"Quemadura del tobillo y del pie, de segundo grado",,,
T253,"Quemadura del tobillo y del pie, de tercer grado",,,
T254,"Corrosion del tobillo y del pie, grado no especificado",,,
T255,"Corrosion del tobillo y del pie, de primer grado",,,
T256,"Corrosion del tobillo y del pie, de segundo grado",,,
T257,"Corrosion del tobillo y del pie, de tercer grado",,,
T260,Quemadura del parpado y area periocular,,,
T261,Quemadura de la cornea y saco conjuntival,,,
T262,Quemadura con ruptura y destruccion resultantes del globo ocular,,,
T263,Quemadura de otras partes del ojo y sus anexos,,,
T264,"Quemadura del ojo y anexos, parte no especificada",,,
T265,Corrosion del parpado y area periocular,,,
T266,Corrosion de la cornea y saco conjuntival,,,
T267,Corrosion con ruptura y destruccion resultantes del globo ocular,,,
T268,Corrosion de otras partes del ojo y sus anexos,,,
T269,"Corrosion del ojo y sus anexos, parte no especificada",,,
T270,Quemadura de la laringe y de la traquea,,,
T271,Quemadura que afecta la laringe y la traquea con el pulmon,,,
T272,Quemadura de otras partes de las vias respiratorias,,,
T273,"Quemadura de las vias respiratorias, parte no especificada",,,
T274,Corrosion de la laringe y de la traquea,,,
T275,Corrosion que afecta la laringe y la traquea con el pulmon,,,
T276,Corrosion de otras partes de las vias respiratorias,,,
T277,"Corrosion de las vias respiratorias, parte no especificada",,,
T280,Quemadura de la boca y de la faringe,,,
T281,Quemadura del esofago,,,
T282,Quemadura de otras partes del tubo digestivo,,,
T283,Quemadura de organos genitourinarios internos,,,
T284,Quemadura de otros organos internos y de los no especificados,,,
T285,Corrosion de la boca y de la faringe,,,
T286,Corrosion del esofago,,,
T287,Corrosion de otras partes del tubo digestivo,,,
T288,Corrosion de organos genitourinarios internos,,,
T289,Corrosion de otros organos internos y de los no especificados,,,
T290,"Quemaduras de multiples regiones, grado no especificado",,,
T291,"Quemaduras de multiples regiones, mencionadas como de no mas de primer grado",,,
T292,"Quemaduras de multiples regiones, mencionadas como de no mas de segundo grado",,,
T293,"Quemaduras multiples, con mencion al menos de una Quemadura de tercer grado",,,
T294,"Corrosiones de multiples regiones, grado no especificado",,,
T295,"Corrosiones multiples, mencionadas como de no mas de primer grado",,,
T296,"Corrosiones multiples, mencionadas como de no mas de segundo grado",,,
T297,"Corrosiones multiples, con mencion al menos de una corrosion de tercer grado",,,
T300,Quemadura de region del cuerpo y grado no especificados,,,
T301,"Quemadura de primer grado, region del cuerpo no especificada",,,
T302,"Quemadura de segundo grado, region del cuerpo no especificada",,,
T303,"Quemadura de tercer grado, region del cuerpo no especificada",,,
T304,Corrosion de region del cuerpo y grado no especificados,,,
T305,"Corrosion de primer grado, region del cuerpo no especificada",,,
T306,"Corrosion de segundo grado, region del cuerpo no especificada",,,
T307,"Corrosion de tercer grado, region del cuerpo no especificada",,,
T310,Quemaduras que afectan menos del 10% de la superficie del cuerpo,,,
T311,Quemaduras que afectan del 10 al 19% de la superficie del cuerpo,,,
T312,Quemaduras que afectan del 20 al 29% de la superficie del cuerpo,,,
T313,Quemaduras que afectan del 30 al 39% de la superficie del cuerpo,,,
T314,Quemaduras que afectan del 40 al 49% de la superficie del cuerpo,,,
T315,Quemaduras que afectan del 50 al 59% de la superficie del cuerpo,,,
T316,Quemaduras que afectan del 60 al 69% de la superficie del cuerpo,,,
T317,Quemaduras que afectan del 70 al 79% de la superficie del cuerpo,,,
T318,Quemaduras que afectan del 80 al 89% de la superficie del cuerpo,,,
T319,Quemaduras que afectan el 90% o mas de la superficie del cuerpo,,,
T320,Corrosiones que afectan menos del 10% de la superficie del cuerpo,,,
T321,Corrosiones que afectan del 10 al 19% de la superficie del cuerpo,,,
T322,Corrosiones que afectan del 20 al 29% de la superficie del cuerpo,,,
T323,Corrosiones que afectan del 30 al 39% de la superficie del cuerpo,,,
T324,Corrosiones que afectan del 40 al 49% de la superficie del cuerpo,,,
T325,Corrosiones que afectan del 50 al 59% de la superficie del cuerpo,,,
T326,Corrosiones que afectan del 60 al 69% de la superficie del cuerpo,,,
T327,Corrosiones que afectan del 70 al 79% de la superficie del cuerpo,,,
T328,Corrosiones que afectan del 80 al 89% de la superficie del cuerpo,,,
T329,Corrosiones que afectan el 90% o mas de la superficie del cuerpo,,,
T330,Congelamiento superficial de la cabeza,,,
T331,Congelamiento superficial del cuello,,,
T332,Congelamiento superficial del torax,,,
T333,"Congelamiento superficial de la pared abdominal, region lumbosacra y pelvis",,,
T334,Congelamiento superficial del brazo,,,
T335,Congelamiento superficial de la muneca y de la mano,,,
T336,Congelamiento superficial de la cadera y del muslo,,,
T337,Congelamiento superficial de la rodilla y de la pierna,,,
T338,Congelamiento superficial del tobillo y del pie,,,
T339,Congelamiento superficial de otros sitios y de los no especificados,,,
T340,Congelamiento con necrosis tisular de la cabeza,,,
T341,Congelamiento con necrosis tisular del cuello,,,
T342,Congelamiento con necrosis tisular del torax,,,
T343,"Congelamiento con necrosis tisular de la pared abdominal, region lumbosacra y pelvis",,,
T344,Congelamiento con necrosis tisular del brazo,,,
T345,Congelamiento con necrosis tisular de la muneca y de la mano,,,
T346,Congelamiento con necrosis tisular de la cadera y del muslo,,,
T347,Congelamiento con necrosis tisular de la rodilla y de la pierna,,,
T348,Congelamiento con necrosis tisular del tobillo y del pie,,,
T349,Congelamiento con necrosis tisular de otros sitios y de los no especificados,,,
T350,Congelamiento superficial que afecta multiples regiones del cuerpo,,,
T351,Congelamiento con necrosis tisular que afecta multiples regiones del cuerpo,,,
T352,Congelamiento no especificado de la cabeza y del cuello,,,
T353,"Congelamiento no especificado del torax, del abdomen, de la region lumbosacra y de la pelvis",,,
T354,Congelamiento no especificado del miembro superior,,,
T355,Congelamiento no especificado del miembro inferior,,,
T356,Congelamiento no especificado que afecta multiples regiones del cuerpo,,,
T357,"Congelamiento no especificado, de sitio no especificado",,,
T360,Envenenamiento por penicilinas,,,
T361,Envenenamiento por cefalosporinas y otros antibioticos beta-lactamicos,,,
T362,Envenenamiento por antibioticos del grupo del cloramfenicol,,,
T363,Envenenamiento por macrolidos,,,
T364,Envenenamiento por tetraciclinas,,,
T365,Envenenamiento por aminoglucosidos,,,
T366,Envenenamiento por rifamicinas,,,
T367,Envenenamiento por antibioticos antimicoticos usados sistemicamente,,,
T368,Envenenamiento por otros antibioticos sistemicos,,,
T369,"Envenenamiento por antibioticos sistemicos, no especificados",,,
T370,Envenenamiento por sulfonamidas,,,
T371,Envenenamiento por drogas antimicobacterianas,,,
T372,Envenenamiento por antipaludicos y drogas de accion contra otros protozoarios sanguineos,,,
T373,Envenenamiento por otras drogas antiprotozoarias,,,
T374,Envenenamiento por antihelminticos,,,
T375,Envenenamiento por drogas antivirales,,,
T378,Envenenamiento por otros antiinfecciosos y antiparasitarios sistemicos especificados,,,
T379,"Envenenamiento por antiinfecciosos y antiparasitarios sistemicos, no especificados",,,
T380,Envenenamiento por glucocorticoides y analogos sinteticos,,,
T381,Envenenamiento por hormonas tiroideas y sustitutos,,,
T382,Envenenamiento por drogas antitiroideas,,,
T383,Envenenamiento por insulina y drogas hipoglucemiantes orales [antidiabeticas],,,
T384,Envenenamiento por anticonceptivos orales,,,
T385,Envenenamiento por otros estrogenos y progestogenos,,,
T386,"Envenenamiento por antigonadotrofinas, antiestrogenos y antiandrogenos, no clasificados en otra parte",,,
T387,Envenenamiento por androgenos y sus congeneres anabolicos,,,
T388,Envenenamiento por otras hormonas y sustitutos sinteticos y los no especificados,,,
T389,Envenenamiento por otros antagonistas de las hormonas y los no especificados,,,
T390,Envenenamiento por salicilatos,,,
T391,Envenenamiento por derivados del paraaminofenol,,,
T392,Envenenamiento por derivados de la pirazolona,,,
T393,Envenenamiento por otras drogas antiiflamatorias no esteroideas [DAINE],,,
T394,"Envenenamiento por antirreumaticos, no clasificados en otra parte",,,
T398,"Envenenamiento por otros analgesicos no narcoticos y antipireticos, no clasificados en otra parte",,,
T399,"Envenenamiento por analgesicos no narcoticos, antipireticos y antirreumaticos, no especificados",,,
T400,Envenenamiento por opio,,,
T401,Envenenamiento por heroina,,,
T402,Envenenamiento por otros opiaceos,,,
T403,Envenenamiento por metadona,,,
T404,Envenenamiento por otros narcoticos sinteticos,,,
T405,Envenenamiento por cocaina,,,
T406, Envenenamiento por otros narcoticos y los no especificados,,,
T407,Envenenamiento por cannabis (derivados),,,
T408,Envenenamiento por acido lisergico [LSD],,,
T409,Envenenamiento por otros psicodislepticos y los no especificados [alucinogenos],,,
T410,Envenenamiento por anestesicos por inhalacion,,,
T411,Envenenamiento por anestesicos intravenosos,,,
T412,Envenenamiento por otros anestesicos generales y los no especificados,,,
T413,Envenenamiento por anestesicos locales,,,
T414,"Envenenamiento por anestesicos, no especificados",,,
T415,Envenenamiento por gases terapeuticos,,,
T420,Envenenamiento por derivados de la hidantoina,,,
T421,Envenenamiento por iminostilbenos,,,
T422,Envenenamiento por succinamidas y derivados de la oxazolidina,,,
T423,Envenenamiento por barbituricos,,,
T424,Envenenamiento por benzodiazepinas,,,
T425,"Envenenamiento por antiepilepticos mixtos, no clasificados en otra parte",,,
T426,Envenenamiento por otros antiepilepticos y drogas hipnotico-sedantes,,,
T427,"Envenenamiento por antiepilepticos y drogas hipnotico-sedantes, no especificados",,,
T428,Envenenamiento por drogas antiparkinsonianas y otros depresores del tono muscular central,,,
T430,Envenenamiento por antidepresivos triciclicos y tetraciclicos,,,
T431,Envenenamiento por antidepresivos inhibidores de la monoaminoxidasa,,,
T432,Envenenamiento por otros antidepresivos y los no especificados,,,
T433,Envenenamiento por antipsicoticos y neurolepticos fenotiacinicos,,,
T434,Envenenamiento por butirofenona y neurolepticos tioxantenicos,,,
T435,Envenenamiento por otros antipsicoticos y neurolepticos y los no especificados,,,
T436,Envenenamiento por psicoestimulantes con abuso potencial,,,
T438,"Envenenamiento por otras drogas psicotropicas, no clasificadas en otra parte",,,
T439,"Envenenamiento por droga psicotropica, no especificada",,,
T440,Envenenamiento por agentes anticolinesterasa,,,
T441,Envenenamiento por otros parasimpaticomimeticos [colinergicos],,,
T442,"Envenenamiento por drogas bloqueadoras ganglionares, no clasificadas en otra parte",,,
T443,"Envenenamiento por otros parasimpaticoliticos [anticolinergicos y antimuscarinicos] y espasmoliticos, no clasificados en otra parte",,,
T444,"Envenenamiento por agonistas, predominantemente alfa-adrenergicos, no clasificados en otra parte",,,
T445,"Envenenamiento por agonistas, predominantemente beta-adrenergicos, no clasificados en otra parte",,,
T446,"Envenenamiento por antagonistas alfa-adrenergicos, no clasificados en otra parte",,,
T447,"Envenenamiento por antagonistas beta-adrenergicos, no clasificados en otra parte",,,
T448,"Envenenamiento por agentes de accion central y bloqueadores neuronales adrenergicos, no clasificados en otra parte",,,
T449,Envenenamiento por otras drogas y las no especificadas que afectan principalmente el sistema nervioso autonomo,,,
T450,Envenenamiento por drogas antialergicas y antiemeticas,,,
T451,Envenenamiento por drogas antineoplasicas e inmunosupresoras,,,
T452,"Envenenamiento por vitaminas, no clasificadas en otra parte",,,
T453,"Envenenamiento por enzimas, no clasificadas en otra parte",,,
T454,Envenenamiento por hierro y sus compuestos,,,
T455,Envenenamiento por anticoagulantes,,,
T456,Envenenamiento por drogas que afectan la fibrinolisis,,,
T457,"Envenenamiento por antagonistas de anticoagulantes, vitamina K y otros coagulantes",,,
T458,Envenenamiento por otros agentes principalmente sistemicos y hematologicos,,,
T459,"Envenenamiento por agentes principalmente sistemicos y hematologicos, no especificados",,,
T460,Envenenamiento por glucosidos cardiotonicos y medicamentos de accion similar,,,
T461,Envenenamiento por bloqueadores del canal del calcio,,,
T462,"Envenenamiento por otras drogas antiarritmicas, no clasificadas en otra parte",,,
T463,"Envenenamiento por vasodilatadores coronarios, no clasificados en otra parte",,,
T464,Envenenamiento por inhibidores de la enzima convertidora de la angiotensina,,,
T465,"Envenenamiento por otras drogas antihipertensivas, no clasificadas en otra parte",,,
T466,Envenenamiento por drogas antilipemicas y antiarterioscleroticas,,,
T467,Envenenamiento por vasodilatadores perifericos,,,
T468,"Envenenamiento por drogas antivaricosas, inclusive agentes esclerosantes",,,
T469,Envenenamiento por otros agentes y los no especificados que afectan principalmente el sistema cardiovascular,,,
T470,Envenenamiento por antagonistas del receptor H2 de histamina,,,
T471,Envenenamiento por otras drogas antiacidas y que inhiben la secrecion gastrica,,,
T472,Envenenamiento por laxantes estimulantes,,,
T473,Envenenamiento por laxantes salinos y osmoticos,,,
T474,Envenenamiento por otros laxantes,,,
T475,Envenenamiento por digestivos,,,
T476,Envenenamiento por drogas antidiarreicas,,,
T477,Envenenamiento por emeticos,,,
T478,Envenenamiento por otros agentes que afectan principalmente el sistema gastrointestinal,,,
T479,Envenenamiento por agentes no especificados que afectan principalmente el sistema gastrointestinal,,,
T480,Envenenamiento por drogas oxitocicas,,,
T481,Envenenamiento por relajantes musculoesqueleticos [agentes bloqueadores neuromusculares],,,
T482,Envenenamiento por otros medicamentos y los no especificados de accion principal sobre los musculos,,,
T483,Envenenamiento por antitusigenos,,,
T484,Envenenamiento por expectorantes,,,
T485,Envenenamiento por drogas contra el catarro comun,,,
T486,"Envenenamiento por antiasmaticos, no clasificados en otra parte",,,
T487,Envenenamiento por otros agentes y los no especificados de accion principal sobre el sistema respiratorio,,,
T490,"Envenenamiento por drogas locales antimicoticas, antiinfecciosas y antiinflamatorias, no clasificadas en otra parte",,,
T491,Envenenamiento por antipruriticos,,,
T492,Envenenamiento por astringentes y detergentes locales,,,
T493,"Envenenamiento por emolientes, demulcentes y protectores",,,
T494,"Envenenamiento por queratoliticos, queratoplasticos, drogas y otras preparaciones para el tratamiento del cabello",,,
T495,Envenenamiento por drogas y preparaciones oftalmologicas,,,
T496,Envenenamiento por drogas y preparaciones otorrinolaringologicas,,,
T497,"Envenenamiento por drogas dentales, aplicadas topicamente",,,
T498,Envenenamiento por otros agentes topicos,,,
T499,"Envenenamiento por agentes topicos, no especificados",,,
T500,Envenenamiento por mineralocorticoides y sus antagonistas,,,
T501,Envenenamiento por diureticos del asa [dintel alto],,,
T502,"Envenenamiento por inhibidores de la anhidrasa del acido carbonico, benzotiazidas y otros diureticos",,,
T503,"Envenenamiento por agentes del equilibrio hidrolitico, electrolitico y calorico",,,
T504,Envenenamiento por drogas que afectan el metabolismo del acido urico,,,
T505,Envenenamiento por depresores del apetito,,,
T506,"Envenenamiento por antidotos y agentes quelantes, no clasificados en otra parte",,,
T507,Envenenamiento por analepticos y antagonistas del opio,,,
T508,Envenenamiento por agentes diagnosticos,,,
T509,"Envenenamiento por otras drogas y sustancias biologicas, y las no especificadas",,,
T510,Efecto toxico del etanol,,,
T511,Efecto toxico del metanol,,,
T512,Efecto toxico del propanol-2,,,
T513,Efecto toxico del licor de alcohol insuficientemente destilado,,,
T518,Efecto toxico de otros alcoholes,,,
T519,"Efecto toxico del alcohol, no especificado",,,
T520,Efecto toxico de productos del petroleo,,,
T521,Efecto toxico del benceno,,,
T522,Efecto toxico de homologos del benceno,,,
T523,Efecto toxico de glicoles,,,
T524,Efecto toxico de cetonas,,,
T528,Efecto toxico de otros disolventes organicos,,,
T529,"Efecto toxico de disolventes organicos, no especificados",,,
T530,Efecto toxico del tetracloruro de carbono,,,
T531,Efecto toxico del cloroformo,,,
T532,Efecto toxico del tricloroetileno,,,
T533,Efecto toxico del tetracloroetileno,,,
T534,Efecto toxico del dicloroetano,,,
T535,Efecto toxico de clorofluorocarburos,,,
T536,Efecto toxico de otros derivados halogenados de hidrocarburos alifaticos,,,
T537,Efecto toxico de otros derivados halogenados de hidrocarburos aromaticos,,,
T539,"Efecto toxico de derivados halogenados de hidrocarburos alifaticos y aromaticos, no especificados",,,
T540,Efecto toxico de fenol y homologos del fenol,,,
T541,Efecto toxico de otros compuestos organicos corrosivos,,,
T542,Efecto toxico de acidos corrosivos y sustancias acidas similares,,,
T543,Efecto toxico de alcalis causticos y sustancias alcalinas similares,,,
T549,"Efecto toxico de sustancia corrosiva, no especificada",,,
T55X,Efecto toxico de detergentes y jabones,,,
T560,Efecto toxico del plomo y sus compuestos,,,
T561,Efecto toxico del mercurio y sus compuestos,,,
T562,Efecto toxico del cromo y sus compuestos,,,
T563,Efecto toxico del cadmio y sus compuestos,,,
T564,Efecto toxico del cobre y sus compuestos,,,
T565,Efecto toxico del zinc y sus compuestos,,,
T566,Efecto toxico del estano y sus compuestos,,,
T567,Efecto toxico del berilio y sus compuestos,,,
T568,Efecto toxico de otros metales,,,
T569,"Efecto toxico de metal, no especificado",,,
T570,Efecto toxico del arsenico y sus compuestos,,,
T571,Efecto toxico del fosforo y sus compuestos,,,
T572,Efecto toxico del manganeso y sus compuestos,,,
T573,Efecto toxico del acido cianhidrico,,,
T578,"Efecto toxico de otras sustancias inorganicas, especificadas",,,
T579,"Efecto toxico de sustancia inorganica, no especificada",,,
T58X,Efecto toxico del monoxido de carbono,,,
T590,Efecto toxico de oxidos de nitrogeno,,,
T591,Efecto toxico del dioxido de sulfuro,,,
T592,Efecto toxico del formaldehido,,,
T593,Efecto toxico del gas lacrimogeno,,,
T594,Efecto toxico del cloro gaseoso,,,
T595,Efecto toxico del gas de fluor y fluoruro de hidrogeno,,,
T596,Efecto toxico del sulfuro de hidrogeno,,,
T597,Efecto toxico del dioxido de carbono,,,
T598,"Efecto toxico de otros gases, humos y vapores especificados",,,
T599,"Efecto toxico de gases, humos y vapores no especificados",,,
T600,Efecto toxico de insecticidas organofosforados y carbamatos,,,
T601,Efecto toxico de insecticidas halogenados,,,
T602,Efecto toxico de otros insecticidas,,,
T603,Efecto toxico de herbicidas y fungicidas,,,
T604,Efecto toxico de rodenticidas,,,
T608,Efecto toxico de otros plaguicidas,,,
T609,"Efecto toxico de plaguicida, no especificado",,,
T610,Envenenamiento ciguatero por pescado,,,
T611,Envenenamiento escombroideo por pescado,,,
T612,Otros envenenamientos por pescados y mariscos,,,
T618,Efecto toxico de otros alimentos marinos,,,
T619,Efecto toxico de alimentos marinos no especificados,,,
T620,Efecto toxico de hongos ingeridos,,,
T621,Efecto toxico de bayas ingeridas,,,
T622,Efecto toxico de otra(s) (partes de) planta(s) ingerida(s),,,
T628,Efecto toxico de otras sustancias nocivas especificadas ingeridas como alimento,,,
T629,"Efecto toxico de sustancia nociva ingerida como alimento, no especificada",,,
T630,Efecto toxico del veneno de serpiente,,,
T631,Efecto toxico del veneno de otros reptiles,,,
T632,Efecto toxico del veneno de escorpion,,,
T633,Efecto toxico del veneno de aranas,,,
T634,Efecto toxico del veneno de otros artropodos,,,
T635,Efecto toxico del contacto con peces,,,
T636,Efecto toxico del contacto con otros animales marinos,,,
T638,Efectos toxicos del contacto con otros animales venenosos,,,
T639,Efecto toxico del contacto con animal venenoso no especificado,,,
T64X,Efecto toxico de aflatoxina y otras micotoxinas contaminantes de alimentos,,,
T650,Efecto toxico del cianuro,,,
T651,Efecto toxico de la estricnina y sus sales,,,
T652,Efecto toxico del tabaco y la nicotina,,,
T653,Efecto toxico de nitroderivados y aminoderivados del benceno y sus homologos,,,
T654,Efecto toxico del bisulfuro de carbono,,,
T655,Efecto toxico de nitroglicerina y otros acidos y esteres nitricos,,,
T656,"Efecto toxico de pinturas y colorantes, no clasificados en otra parte",,,
T658,Efecto toxico de otras sustancias especificadas,,,
T659,Efecto toxico de sustancia no especificada,,,
T66X,Efectos no especificados de la radiacion,,,
T670,Golpe de calor e insolacion,,,
T671,Sincope por calor,,,
T672,Calambre por calor,,,
T673,"Agotamiento por calor, anhidrotico",,,
T674,Agotamiento por calor debida a deplecion de sal,,,
T675,Agotamiento por calor no especificado,,,
T676,"Fatiga por calor, transitoria",,,
T677,Edema por calor,,,
T678,Otros efectos del calor y de la luz,,,
T679,"Efecto del calor y de la luz, no especificado",,,
T68X,Hipotermia,,,
T690,Mano y pie de inmersion,,,
T691,Sabanon(es),,,
T698,Otros efectos especificados de la reduccion de la temperatura,,,
T699,"Efecto de la reduccion de la temperatura, no especificado",,,
T700,Barotrauma otitico,,,
T701,Barotrauma sinusal,,,
T702,Otros efectos y los no especificados de la gran altitud,,,
T703,Enfermedad por descompresion  [de los cajones sumergidos],,,
T704,Efectos de liquidos con alta presion,,,
T708,Otros efectos de la presion del aire y del agua,,,
T709,"Efecto de la presion del aire y del agua, no especificado",,,
T71X,Asfixia,,,
T730,Efectos del hambre,,,
T731,Efectos de la sed,,,
T732,Agotamiento debido a exposicion a la intemperie,,,
T733,Agotamiento debido a esfuerzo excesivo,,,
T738,Otros efectos de privacion,,,
T739,"Efectos de privacion, no especificados",,,
T740,Negligencia o abandono,,,
T741,Abuso fisico,,,
T742,Abuso sexual,,,
T743,Abuso psicologico,,,
T748,Otros sindromes del maltrato,,,
T749,"Sindrome del maltrato, no especificado",,,
T750,Efectos del rayo,,,
T751,Ahogamiento y sumersion no mortal,,,
T752,Efectos de la vibracion,,,
T753,Mal del movimiento,,,
T754,Efectos de la corriente electrica,,,
T758,Otros efectos especificados de causas externas,,,
T780,Choque anafilactico debido a reaccion adversa a alimentos,,,
T781,"Otra reaccion adversa a alimentos, no clasificada en otra parte",,,
T782,"Choque anafilactico, no especificado",,,
T783,Edema angioneurotico,,,
T784,Alergia no especificada,,,
T788,"Otros efectos adversos, no clasificados en otra parte",,,
T789,Efecto adverso no especificado,,,
T790,Embolia gaseosa (traumatica),,,
T791,Embolia grasa (traumatica),,,
T792,Hemorragia traumatica secundaria y recurrente,,,
T793,"Infeccion postraumatica de herida, no clasificada en otra parte",,,
T794,Choque traumatico,,,
T795,Anuria traumatica,,,
T796,Isquemia traumatica de musculo,,,
T797,Enfisema subcutaneo traumatico,,,
T798,Otras complicaciones precoces de los traumatismos,,,
T799,Complicaciones precoces no especificadas de los traumatismos,,,
T800,"Embolia gaseosa consecutiva a infusion, transfusion e inyeccion terapeutica",,,
T801,"Complicaciones vasculares consecutivas a infusion, transfusion e inyeccion terapeutica",,,
T802,"Infecciones consecutivas a infusion, transfusion e inyeccion terapeutica",,,
T803,Reaccion de incompatibilidad al grupo ABO,,,
T804,Reaccion de incompatibilidad a Rh,,,
T805,Choque anafilactico debido a suero,,,
T806,Otras reacciones al suero,,,
T808,"Otras complicaciones consecutivas a infusion, transfusion e inyeccion terapeutica",,,
T809,"Complicaciones no especificadas consecutivas a infusion, transfusion e inyeccion terapeutica",,,
T810,"Hemorragia y hematoma que complican un procedimiento, no clasificados en otra parte",,,
T811,"Choque durante o resultante de un procedimiento, no clasificado en otra parte",,,
T812,"Puncion o laceracion accidental durante un procedimiento, no clasificadas en otra parte",,,
T813,"Desgarro de herida operatoria, no clasificado en otra parte",,,
T814,"Infeccion consecutiva a procedimiento, no clasificada en otra parte",,,
T815,Cuerpo extrano dejado accidentalmente en cavidad corporal o en herida operatoria consecutiva a procedimiento,,,
T816,Reaccion aguda a sustancia extrana dejada accidentalmente durante un procedimiento,,,
T817,"Complicaciones vasculares consecutivas a procedimiento, no clasificadas en otra parte",,,
T818,"Otras complicaciones de procedimientos, no clasificadas en otra parte",,,
T819,"Complicacion de procedimientos, no especificada",,,
T820,Complicacion mecanica de protesis de valvula cardiaca,,,
T821,Complicacion mecanica de dispositivo electronico cardiaco,,,
T822,Complicacion mecanica de derivacion de arteria coronaria e injerto valvular,,,
T823,Complicacion mecanica de otros injertos vasculares,,,
T824,Complicacion mecanica de cateter para dialisis vascular,,,
T825,Complicacion mecanica de otros dispositivos e implantes cardiovasculares,,,
T826,Infeccion y reaccion inflamatoria debidas a protesis de valvula cardiaca,,,
T827,"Infeccion y reaccion inflamatoria debidas a otros dispositivos, implantes e injertos cardiovasculares",,,
T828,"Otras complicaciones especificadas de dispositivos protesicos, implantes e injertos cardiovasculares",,,
T829,"Complicacion no especificada de dispositivo protesico, implante e injerto cardiovascular",,,
T830,Complicacion mecanica de cateter urinario (fijo),,,
T831,Complicacion mecanica de otros dispositivos e implantes urinarios,,,
T832,Complicacion mecanica de injerto en organo urinario,,,
T833,Complicacion mecanica de dispositivo anticonceptivo intrauterino,2,010A,054A
T834,"Complicacion mecanica de otros dispositivos, implantes e injertos en el tracto genital",,,
T835,"Infeccion y reaccion inflamatoria debidas a dispositivo protesico, implante e injerto en el sistema urinario",,,
T836,"Infeccion y reaccion inflamatoria debidas a dispositivo protesico, implante e injerto en el tracto genital",,,
T838,"Otras complicaciones de dispositivos protesicos, implantes e injertos genitourinarios",,,
T839,"Complicacion no especificada de dispositivo protesico, implante e injerto genitourinario",,,
T840,Complicacion mecanica de protesis articular interna,,,
T841,Complicacion mecanica de dispositivo de fijacion interna de huesos de un miembro,,,
T842,Complicacion mecanica de dispositivo de fijacion interna de otros huesos,,,
T843,"Complicacion mecanica de otros dispositivos oseos, implantes e injertos",,,
T844,"Complicacion mecanica de otros dispositivos protesicos, implantes e injertos ortopedicos internos",,,
T845,Infeccion y reaccion inflamatoria debidas a protesis articular interna,,,
T846,infeccion y reaccion inflamatoria debidas a dispositivo de fijacion interna [cualquier sitio],,,
T847,"Infeccion y reaccion inflamatoria debidas a otros dispositivos protesicos, implantes e injertos ortopedicos internos",,,
T848,"Otras complicaciones de dispositivos protesicos, implantes e injertos ortopedicos internos",,,
T849,"Complicaciones no especificadas de dispositivos protesicos, implantes e injertos ortopedicos internos",,,
T850,Complicacion mecanica de derivacion (anastomotica) ventricular intracraneal,,,
T851,Complicacion mecanica de implante de estimulador electronico del sistema nervioso,,,
T852,Complicacion mecanica de lentes intraoculares,,,
T853,"Complicacion mecanica de otros dispositivos protesicos, implantes e injertos oculares",,,
T854,Complicacion mecanica de protesis e implante de mama,,,
T855,"Complicacion mecanica de dispositivo protesico, implante e injerto gastrointestinal",,,
T856,"Complicacion mecanica de otros dispositivos protesicos, implantes e injertos internos especificados",,,
T857,"Infeccion y reaccion inflamatoria debidas a otros dispositivos protesicos, implantes e injertos internos",,,
T858,"Otras complicaciones de dispositivos protesicos, implantes e injertos internos, no clasificadas en otra parte",,,
T859,"Complicacion no especificada de dispositivo protesico, implante e injerto interno",,,
T860,Rechazo de trasplante de medula osea,,,
T861,Falla y rechazo de trasplante de rinon,,,
T862,Falla y rechazo de trasplante de corazon,,,
T863,Falla y rechazo de trasplante de pulmon-corazon,,,
T864,Falla y rechazo de trasplante de higado,,,
T868,Falla y rechazo de  otros organos y tejidos trasplantados,,,
T869,Falla y rechazo de trasplante de organo y tejido no especificado,,,
T870,Complicaciones de la reinsercion (de parte) de extremidad superior,,,
T871,Complicaciones de la reinsercion (de parte) de extremidad inferior,,,
T872,Complicaciones de otras partes del cuerpo reinsertadas,,,
T873,Neuroma de munon de amputacion,,,
T874,Infeccion de munon de amputacion,,,
T875,Necrosis de munon de amputacion,,,
T876,Otras complicaciones y las no especificadas de munon de amputacion,,,
T880,Infeccion consecutiva a inmunizacion,,,
T881,"Otras complicaciones consecutivas a inmunizacion, no clasificadas en otra parte",,,
T882,Choque debido a la anestesia,,,
T883,Hipertermia maligna debida a la anestesia,,,
T884,Falla o dificultad de la intubacion,,,
T885,Otras complicaciones de la anestesia,,,
T886,Choque anafilactico debido a efecto adverso de droga o medicamento correcto administrado apropiadamente,,,
T887,Efecto adverso no especificado de droga o medicamento,,,
T888,"Otras complicaciones especificadas de la atencion medica y quirurgica, no clasificadas en otra parte",,,
T889,Complicaciones no especificadas de la atencion medica y quirurgica,,,
T900,Secuelas de traumatismo superficial de la cabeza,,028D,120A
T901,Secuelas de herida de la cabeza,,028D,120A
T902,Secuelas de fractura del craneo y de huesos faciales,,028D,120A
T903,Secuelas de traumatismo de nervios craneales,,028D,120A
T904,Secuelas de traumatismo del ojo y de la orbita,,028D,120A
T905,Secuelas de traumatismo intracraneal,,028D,120A
T908,Secuelas de otros traumatismos especificados de la cabeza,,028D,120A
T909,Secuelas de traumatismo no especificado de la cabeza,,028D,120A
T910,Secuelas de traumatismo superficial y de heridas del cuello y del tronco,,028D,120A
T911,Secuelas de fractura de la columna vertebral,,028D,120A
T912,Secuelas de otra fractura del torax y de la pelvis,,028D,120A
T913,Secuelas de traumatismo de la medula espinal,,028D,120A
T914,Secuelas de traumatismo de organos intratoracicos,,028D,120A
T915,Secuelas de traumatismo de organos intraabdominales y pelvicos,,028D,120A
T918,Secuelas de otros traumatismos especificados del cuello y del tronco,,028D,120A
T919,Secuelas de traumatismo no especificado del cuello y del tronco,,028D,120A
T920,Secuelas de herida de miembro superior,,028D,120A
T921,Secuelas de fractura del brazo,,028D,120A
T922,Secuelas de fractura de la muneca y de la mano,,028D,120A
T923,"Secuelas de luxacion, torcedura y esquince de miembro superior",,028D,120A
T924,Secuelas de traumatismo de nervio de miembro superior,,028D,120A
T925,Secuelas de traumatismo de tendon y musculo de miembro superior,,028D,120A
T926,Secuelas de aplastamiento y amputacion traumaticas de miembro superior,,028D,120A
T928,Secuelas de otros traumatismos especificados de miembro superior,,028D,120A
T929,Secuelas de traumatismo no especificado de miembro superior,,028D,120A
T930,Secuelas de herida de miembro inferior,,028D,120A
T931,Secuelas de fractura del femur,,028D,120A
T932,Secuelas de otras fracturas de miembro inferior,,028D,120A
T933,"Secuelas de luxacion, torcedura y esguince de miembro inferior",,028D,120A
T934,Secuelas de traumatismo de nervio de miembro inferior,,028D,120A
T935,Secuelas de traumatismo de tendon y musculo de miembro inferior,,028D,120A
T936,Secuelas de aplastamiento y amputacion traumaticas de miembro inferior,,028D,120A
T938,Secuelas de otros traumatismos especificados de miembro inferior,,028D,120A
T939,Secuelas de traumatismo no especificado de miembro inferior,,028D,120A
T940,Secuelas de traumatismos que afectan  multiples regiones del cuerpo,,028D,120A
T941,Secuelas de traumatismos de regiones no especificadas del cuerpo,,028D,120A
T950,"Secuelas de quemadura, corrosion y congelamiento de la cabeza y del cuello",,028D,120A
T951,"Secuelas de quemadura, corrosion y congelamiento del tronco",,028D,120A
T952,"Secuelas de quemadura, corrosion y congelamiento de miembro superior",,028D,120A
T953,"Secuelas de quemadura, corrosion y congelamiento de miembro inferior",,028D,120A
T954,Secuelas de quemadura y corrosion clasificables solo de acuerdo con la extension de la superficie del cuerpo afectada,,028D,120A
T958,"Secuelas de otras quemaduras, corrosiones y congelamientos especificados",,028D,120A
T959,"Secuelas de quemadura, corrosion y congelamiento no especificados",,028D,120A
T96X,"Secuelas de envenenamientos por drogas, medicamentos y sustancias biologicas",,028D,120A
T97X,Secuelas de efectos  toxicos de sustancias de procedencia principalmente no medicinal,,028D,120A
T980,Secuelas de efectos de cuerpos extranos que penetran en orificios naturales,,028D,120A
T981,Secuelas de otros efectos y los no especificados de causas externas,,028D,120A
T982,Secuelas de ciertas complicaciones precoces de los traumatismos,,028D,120A
T983,"Secuelas de complicaciones de la atencion medica y quirurgica, no clasificadas en otras parte",,028D,120A
V010,"Peaton lesionado por colision con vehiculo de pedal, accidente no de transito",,,
V011,"Peaton lesionado por colision con vehiculo de pedal, accidente de transito",,,
V019,"Peaton lesionado por colision con vehiculo de pedal, accidente no especificado como de transito o no de transito",,,
V020,"Peaton lesionado por colision con vehiculo de motor de dos o tres ruedas, accidente no de transito",,,
V021,"Peaton lesionado por colision con vehiculo de motor de dos o tres ruedas, accidente de transito",,,
V029,"Peaton lesionado por colision con vehiculo  de motor de dos o tres ruedas, accidente no especificado como de transito o no de transito",,,
V030,"Peaton lesionado por colision con automovil, camioneta o furgoneta, accidente no de transito",,,
V031,"Peaton lesionado por colision con automovil, camioneta o furgoneta, accidente de transito",,,
V039,"Peaton lesionado por colision con automovil, camioneta o furgoneta, accidente no especificado como de transito o no de transito",,,
V040,"Peaton lesionado por colision con vehiculo de transporte pesado o autobus, accidente no de transito",,,
V041,"Peaton lesionado por colision con vehiculo de transporte pesado o autobus, accidente de transito",,,
V049,"Peaton lesionado por colision con vehiculo de transporte pesado o autobus, accidente no especificado como de transito o no de transito",,,
V050,"Peaton lesionado por colision con tren o vehiculo de rieles, accidente no de transito",,,
V051,"Peaton lesionado por colision con tren o vehiculo de rieles, accidente de transito",,,
V059,"Peaton lesionado por colision con tren o vehiculo de rieles, accidente no especificado como de transito o no de transito",,,
V060,"Peaton lesionado por colision con otros vehiculos sin motor, accidente no de transito",,,
V061,"Peaton lesionado por colision con otros vehiculos sin motor, accidente de transito",,,
V069,"Peaton lesionado por colision con otros vehiculos sin motor, accidente no especificado como de transito o no de transito",,,
V090,"Peaton lesionado en accidente no de transito que involucra otros vehiculos de motor, y los no especificados",,,
V091,Peaton lesionado en accidente no de transito no especificado,,,
V092,"Peaton lesionado en accidente de transito que involucra otros vehiculos de motor, y los no especificados",,,
V093,Peaton lesionado en accidente de transito no especificado,,,
V099,Peaton lesionado en accidente de transporte no especificado,,,
V100,"Ciclista lesionado por colision con peaton o animal, conductor lesionado en accidente no de transito",,003A,085A
V101,"Ciclista lesionado por colision con peaton o animal, pasajero lesionado en accidente no de transito",,,
V102,"Ciclista lesionado por colision con peaton o animal, ciclista no especificado, lesionado en accidente no de transito",,,
V103,"Ciclista lesionado por colision con peaton o animal, persona lesionada al subir o bajar del vehiculo",,,
V104,"Ciclista lesionado por colision con peaton o animal, conductor lesionado en accidente de transito",,003A,085A
V105,"Ciclista lesionado por colision con peaton o animal, pasajero lesionado en accidente de transito",,,
V109,"Ciclista lesionado por colision con peaton o animal, ciclista no especificado, lesionado en accidente de transito",,,
V110,"Ciclista lesionado por colision con otro ciclista, conductor lesionado en accidente no de transito",,003A,085A
V111,"Ciclista lesionado por colision con otro ciclista, pasajero lesionado en accidente no de transito",,,
V112,"Ciclista lesionado por colision con otro ciclista, ciclista no especificado, lesionado en accidente no de transito",,,
V113,"Ciclista lesionado por colision con otro ciclista, persona lesionada al subir o bajar del vehiculo",,,
V114,"Ciclista lesionado por colision con otro ciclista, conductor lesionado en accidente de transito",,003A,085A
V115,"Ciclista lesionado por colision con otro ciclista, pasajero lesionado en accidente de transito",,,
V119,"Ciclista lesionado por colision con otro ciclista, ciclista no especificado, lesionado en accidente de transito",,,
V120,"Ciclista lesionado por colision con vehiculo de motor de dos o tres ruedas, conductor lesionado en accidente no de transito",,003A,085A
V121,"Ciclista lesionado por colision con vehiculo de motor de dos o tres ruedas, pasajero lesionado en accidentes no de transito",,,
V122,"Ciclista lesionado por colision con vehiculo de motor de dos o tres ruedas, ciclista no especificado,  lesionado en accidente no de transito",,,
V123,"Ciclista lesionado por colision con vehiculo de motor de dos o tres ruedas, persona lesionada al subir o bajar del vehiculo",,,
V124,"Ciclista lesionado por colision con vehiculo de motor de dos o tres ruedas, conductor lesionado en accidente de transito",,003A,085A
V125,"Ciclista lesionado por colision con vehiculo de motor de dos o tres ruedas, pasajero lesionado en accidente de transito",,,
V129,"Ciclista lesionado por colision con vehiculo de motor de dos o tres ruedas, ciclista no especificado, lesionado en accidente de transito",,,
V130,"Ciclista lesionado por colision con automovil, camioneta o furgoneta, conductor lesionado en accidente no de transito",,003A,085A
V131,"Ciclista lesionado por colision con automovil, camioneta o furgoneta, pasajero lesionado en accidente no de transito",,,
V132,"Ciclista lesionado por colision con automovil, camioneta o furgoneta, ciclista no especificado lesionado en accidente no de transito",,,
V133,"Ciclista lesionado por colision con automovil, camioneta o furgoneta, persona lesionada al subir o bajar del vehiculo",,,
V134,"Ciclista lesionado por colision con automovil, camioneta o furgoneta, conductor lesionado en accidente de transito",,003A,085A
V135,"Ciclista lesionado por colision con automovil, camioneta o furgoneta, pasajero lesionado en accidente de transito",,,
V139,"Ciclista lesionado por colision con automovil, camioneta o furgoneta, ciclista no especificado, lesionado en accidente de transito",,,
V140,"Ciclista lesionado por colision con vehiculo de transporte pesado o autobus, conductor lesionado en accidente no de transito",,003A,085A
V141,"Ciclista lesionado por colision con vehiculo de transporte pesado o autobus, pasajero lesionado en accidente no de transito",,,
V142,"Ciclista lesionado por colision con vehiculo de transporte pesado o autobus, ciclista no especificado, lesionado en accidente no de transito",,,
V143,"Ciclista lesionado por colision con vehiculo de transporte pesado o autobus, persona lesionada al subir o bajar del vehiculo",,,
V144,"Ciclista lesionado por colision con vehiculo de transporte pesado o autobus, conductor lesionado en accidente de transito",,003A,085A
V145,"Ciclista lesionado por colision con vehiculo de transporte pesado o autobus, pasajero lesionado en accidente de transito",,,
V149,"Ciclista lesionado por colision con vehiculo de transporte pesado o autobus, ciclista no especificado, lesionado en accidente de transito",,,
V150,"Ciclista lesionado por colision con tren o vehiculo de rieles, conductor lesionado en accidente no de transito",,003A,085A
V151,"Ciclista lesionado por colision con tren o vehiculo de rieles, pasajero lesionado en accidente no de transito",,,
V152,"Ciclista lesionado por colision con tren o vehiculo de rieles, ciclista no especificado, lesionado en accidente no de transito",,,
V153,"Ciclista lesionado por colision con tren o vehiculo de rieles, persona lesionada al subir o bajar del vehiculo",,,
V154,"Ciclista lesionado por colision con tren o vehiculo de rieles, conductor lesionado en accidente de transito",,003A,085A
V155,"Ciclista lesionado por colision con tren o vehiculo de rieles, pasajero lesionado en accidente de transito",,,
V159,"Ciclista lesionado por colision con tren o vehiculo de rieles, ciclista no especificado, lesionado en accidente de transito",,,
V160,"Ciclista lesionado por colision con otros vehiculos sin motor, conductor lesionado en accidente no de transito",,003A,085A
V161,"Ciclista lesionado por colision con otros vehiculos sin motor, pasajero lesionado en accidente no de transito",,,
V162,"Ciclista lesionado por colision con otros vehiculos sin motor, ciclista no especificado, lesionado en accidente no de transito",,,
V163,"Ciclista lesionado por colision con otros vehiculos sin motor, persona lesionada al subir o bajar del vehiculo",,,
V164,"Ciclista lesionado por colision con otros vehiculos sin motor, conductor lesionado en accidente de transito",,003A,085A
V165,"Ciclista lesionado por colision con otros vehiculos sin motor, pasajero lesionado en accidente de transito",,,
V169,"Ciclista lesionado por colision con otros vehiculos sin motor, ciclista no especificado, lesionado en accidente de transito",,,
V170,"Ciclista lesionado por colision con objeto estacionado o fijo, conductor lesionado en accidente no de transito",,003A,085A
V171,"Ciclista lesionado por colision con objeto estacionado o fijo, pasajero lesionado en accidente no de transito",,,
V172,"Ciclista lesionado por colision con objeto estacionado o fijo, ciclista no especificado, lesionado en accidente no de transito",,,
V173,"Ciclista lesionado por colision con objeto estacionado o fijo, persona lesionada al subir o bajar del vehiculo",,,
V174,"Ciclista lesionado por colision con objeto estacionado o fijo, conductor lesionado en accidente de transito",,003A,085A
V175,"Ciclista lesionado por colision con objeto estacionado o fijo, pasajero lesionado en accidente de transito",,,
V179,"Ciclista lesionado por colision con objeto estacionado o fijo, ciclista no especificado, lesionado en accidente de transito",,,
V180,"Ciclista lesionado en accidente de transporte sin colision, conductor lesionado en accidente no de transito",,003A,085A
V181,"Ciclista lesionado en accidente de transporte sin colision, pasajero lesionado en accidente no de transito",,,
V182,"Ciclista lesionado en accidente de transporte sin colision, ciclista no especificado, lesionado en accidente no de transito",,,
V183,"Ciclista lesionado en accidente de transporte sin colision, persona lesionada al subir o bajar del vehiculo",,,
V184,"Ciclista lesionado en accidente de transporte sin colision, conductor lesionado en accidente de transito",,003A,085A
V185,"Ciclista lesionado en accidente de transporte sin colision, pasajero lesionado en accidente de transito",,,
V189,"Ciclista lesionado en accidente de transporte sin colision, ciclista no especificado, lesionado en accidente de transito",,,
V190,"Conductor de vehiculo de pedal lesionado por colision con otros vehiculos de motor, y con los no especificados, en accidente no de transito",,003A,085A
V191,"Pasajero de vehiculo de pedal lesionado por colision con otros vehiculos de motor, y con los no especificados, en accidente no de transito",,,
V192,"Ciclista no especificado  lesionado por colision con otros vehiculos de motor, y con los no especificados, en accidente no de transito",,,
V193,"Ciclista (cualquiera) lesionado en accidente no de transito, no especificado",,,
V194,"Conductor de vehiculo de pedal lesionado por colision con otros vehiculos de motor, y con los no especificados, en accidente de transito",,003A,085A
V195,"Pasajero de vehiculo de pedal lesionado por colision con otros vehiculos de motor, y con los no especificados, en accidente de transito",,,
V196,"Ciclista no especificado lesionado por colision con otros vehiculos de motor, y con los no especificado, en accidente de transito",,,
V198,Ciclista [cualquiera] lesionado en otros accidentes de transporte especificados,,,
V199,Ciclista [cualquiera] lesionado en accidente de transito no especificado,,,
V200,"Motociclista lesionado por colision con peaton o animal, conductor lesionado en accidente no de transito",,005A,085A
V201,"Motociclista lesionado por colision con peaton o animal, pasajero lesionado en accidente no de transito",,,
V202,"Motociclista lesionado por colision con peaton o animal, motociclista no especificado, lesionado en accidente no de transito",,,
V203,"Motociclista lesionado por colision con peaton o animal, persona lesionada al subir o bajar del vehiculo",,,
V204,"Motociclista lesionado por colision con peaton o animal, conductor lesionado en accidente de transito",,005A,085A
V205,"Motociclista lesionado por colision con peaton o animal, pasajero lesionado en accidente de transito",,,
V209,"Motociclista lesionado por colision con peaton o animal, motociclista no especificado, lesionado en accidente de transito",,,
V210,"Motociclista lesionado por colision con vehiculo de pedal, conductor lesionado en accidente no de transito",,005A,085A
V211,"Motociclista lesionado por colision con vehiculo de pedal, pasajero lesionado en accidente no de transito",,,
V212,"Motociclista lesionado por colision con vehiculo de pedal, motociclista no especificado, lesionado en accidente no de transito",,,
V213,"Motociclista lesionado por colision con vehiculo de pedal, persona lesionada al subir o bajar del vehiculo",,,
V214,"Motociclista lesionado por colision con vehiculo de pedal, conductor lesionado en accidente de transito",,005A,085A
V215,"Motociclista lesionado por colision con vehiculo de pedal, pasajero lesionado en accidente de transito",,,
V219,"Motociclista lesionado por colision con vehiculo de pedal, motociclista no especificado, lesionado en accidente de transito",,,
V220,"Motociclista lesionado por colision con vehiculo de motor de dos o tres ruedas, conductor lesionado en accidente no de transito",,005A,085A
V221,"Motociclista lesionado por colision con vehiculo de motor de dos o tres ruedas, pasajero lesionado en accidente no de transito",,,
V222,"Motociclista lesionado por colision con vehiculo de motor de dos o tres ruedas, motociclista no especificado, lesionado en accidente no de transito",,,
V223,"Motociclista lesionado por colision con vehiculo de motor de dos o tres ruedas, persona lesionada al subir o bajar del vehiculo",,,
V224,"Motociclista lesionado por colision con vehiculo de motor de dos o tres ruedas, conductor lesionado en accidente de transito",,005A,085A
V225,"Motociclista lesionado por colision con vehiculo de motor de dos o tres ruedas, pasajero lesionado en accidente de transito",,,
V229,"Motociclista lesionado por colision con vehiculo de motor de dos o tres ruedas, motociclista no especificado, lesionado en accidente de transito",,,
V230,"Motociclista lesionado por colision con automovil, camioneta o furgoneta, conductor lesionado en accidente no de transito",,005A,085A
V231,"Motociclista lesionado por colision con automovil, camioneta o furgoneta, pasajero  lesionado en accidente no de transito",,,
V232,"Motociclista lesionado por colision con automovil, camioneta o furgoneta, motociclista no especificado lesionado en accidente no de transito",,,
V233,"Motociclista lesionado por colision con automovil, camioneta o furgoneta, persona lesionada al subir o bajar del vehiculo",,,
V234,"Motociclista lesionado por colision con automovil, camioneta o furgoneta, conductor lesionado en accidente de transito",,005A,085A
V235,"Motociclista lesionado por colision con automovil, camioneta o furgoneta, pasajero lesionado en accidente de transito",,,
V239,"Motociclista lesionado por colision con automovil, camioneta o furgoneta, motociclista no especificado, lesion en accidente de transito",,,
V240,"Motociclista lesionado por colision con vehiculo de transporte pesado o autobus, conductor lesionado en accidente no de transito",,005A,085A
V241,"Motociclista lesionado por colision con vehiculo de transporte pesado o autobus, pasajero lesionado en accidente no de transito",,,
V242,"Motociclista lesionado por colision con vehiculo de transporte pesado o autobus, motociclista no especificado, lesionado en accidente no de transito",,,
V243,"Motociclista lesionado por colision con vehiculo de transporte pesado o autobus, persona lesionada al subir o bajar del vehiculo",,,
V244,"Motociclista lesionado por colision con vehiculo de transporte pesado o autobus, conductor lesionado en accidente de transito",,005A,085A
V245,"Motociclista lesionado por colision con vehiculo de transporte pesado o autobus, pasajero lesionado en accidente de transito",,,
V249,"Motociclista lesionado por colision con vehiculo de transporte pesado o autobus, motociclista no especificado, lesionado en accidente de transito",,,
V250,"Motociclista lesionado por colision con tren o vehiculo de rieles, conductor lesionado en accidente no de transito",,005A,085A
V251,"Motociclista lesionado por colision con tren o vehiculo de rieles, pasajero lesionado en accidente no de transito",,,
V252,"Motociclista lesionado por colision con tren o vehiculo de rieles, motociclista no especificado, lesionado en accidente no de transito",,,
V253,"Motociclista lesionado por colision con tren o vehiculo de rieles, persona lesionada al subir o bajar del vehiculo",,,
V254,"Motociclista lesionado por colision con tren o vehiculo de rieles, conductor lesionado en accidente de transito",,005A,085A
V255,"Motociclista lesionado por colision con tren o vehiculo de rieles, pasajero lesionado en accidente de transito",,,
V259,"Motociclista lesionado por colision con tren o vehiculo de rieles, motociclista no especificado, lesionado en accidente de transito",,,
V260,"Motociclista lesionado por colision con otros vehiculos sin motor, conductor lesionado en accidente no de transito",,005A,085A
V261,"Motociclista lesionado por colision con otros vehiculos sin motor, pasajero lesionado en accidente no de transito",,,
V262,"Motociclista lesionado por colision con otros vehiculos sin motor, motociclista no especificado, lesionado en accidente no de transito",,,
V263,"Motociclista lesionado por colision con otros vehiculos sin motor, persona lesionada al subir o bajar del vehiculo",,,
V264,"Motociclista lesionado por colision con otros vehiculos sin motor, conductor lesionado en accidente de transito",,005A,085A
V265,"Motociclista lesionado por colision con otros vehiculos sin motor, pasajero lesionado en accidente de transito",,,
V269,"Motociclista lesionado por colision con otros vehiculos sin motor, motociclista no especificado, lesionado en accidente de transito",,,
V270,"Motociclista lesionado por colision con objeto fijo o estacionado, conductor lesionado en accidente no de transito",,005A,085A
V271,"Motociclista lesionado por colision con objeto fijo o estacionado, pasajero lesionado en accidente no de transito",,,
V272,"Motociclista lesionado por colision con objeto fijo o estacionado, motociclista no especificado, lesionado en accidente no de transito",,,
V273,"Motociclista lesionado por colision con objeto fijo o estacionado, persona lesionada al subir o bajar del vehiculo",,,
V274,"Motociclista lesionado por colision con objeto fijo o estacionado, conductor lesionado en accidente de transito",,005A,085A
V275,"Motociclista lesionado por colision con objeto fijo o estacionado, pasajero lesionado en accidente de transito",,,
V279,"Motociclista lesionado por colision con objeto fijo o estacionado, motociclista no especificado, lesionado en accidente de transito",,,
V280,"Motociclista lesionado en accidente de transporte sin colision, conductor lesionado en accidente no de transito",,005A,085A
V281,"Motociclista lesionado en accidente de transporte sin colision, pasajero lesionado en accidente no de transito",,,
V282,"Motociclista lesionado en accidente de transporte sin colision, motociclista no especificado, lesionado en accidente no de transito",,,
V283,"Motociclista lesionado en accidente de transporte sin colision, persona lesionada al subir o bajar del vehiculo",,,
V284,"Motociclista lesionado en accidente de transporte sin colision, conductor lesionado en accidente de transito",,005A,085A
V285,"Motociclista lesionado en accidente de transporte sin colision, pasajero lesionado en accidente de transito",,,
V289,"Motociclista lesionado en accidente de transporte sin colision, motociclista no especificado, lesionado en accidente de transito",,,
V290,"Conductor de motocicleta lesionado por colision con otros vehiculos de motor, y con los no especificados en accidente no de transito",,005A,085A
V291,"Pasajero de motocicleta lesionado por colision con otros vehiculos de motor, y con los no especificados en accidente no de transito",,,
V292,"Motociclista no especificado lesionado por colision con otros vehiculos de motor, y con los no especificados, en accidente no de transito",,,
V293,"Motociclista [cualquiera] lesionado en accidente no de transito, no especificado",,,
V294,"Conductor de motocicleta lesionado por colision con otros vehiculos de motor, y con los no especificados, en accidente de transito",,005A,085A
V295,"Pasajero de motocicleta lesionado por colision con otros vehiculos de motor, y con los no especificados, en accidente de transito",,,
V296,"Motociclista no especificado lesionado por colision con otros vehiculos de motor, y con los no especificados, en accidente de transito",,,
V298,Motociclista [cualquiera] lesionado en otros accidentes de transporte especificados,,,
V299,Motociclista [cualquiera] lesionado en accidente de transito no especificado,,,
V300,"Ocupante de vehiculo de motor de tres ruedas lesionado por colision con peaton o animal, conductor lesionado en accidente no de transito",,005A,085A
V301,"Ocupante de vehiculo de motor de tres ruedas lesionado por colision con peaton o animal, pasajero lesionado en accidente no de transito",,,
V302,"Ocupante de vehiculo de motor de tres ruedas lesionado por colision con peaton o animal, persona que viaja fuera del vehiculo, lesionada en accidente no de transito",,,
V303,"Ocupante de vehiculo de motor de tres ruedas lesionado por colision con peaton o animal, ocupante no especificado de vehiculo de motor de tres ruedas lesionado en accidente no de transito",,,
V304,"Ocupante de vehiculo de motor de tres ruedas lesionado por colision con peaton o animal, persona lesionada al subir o bajar del vehiculo",,,
V305,"Ocupante de vehiculo de motor de tres ruedas lesionado por colision con peaton o animal, conductor lesionado en accidente de transito",,005A,085A
V306,"Ocupante de vehiculo de motor de tres ruedas lesionado por colision con peaton o animal, pasajero lesionado en accidente de transito",,,
V307,"Ocupante de vehiculo de motor de tres ruedas lesionado por colision con peaton o animal, persona que viaja fuera del vehiculo, lesionada en accidente de transito",,,
V309,"Ocupante de vehiculo de motor de tres ruedas lesionado por colision con peaton o animal, ocupante no especificado de vehiculo de motor de tres ruedas, lesionado en accidente de transito",,,
V310,"Ocupante de vehiculo de motor de tres ruedas lesionado por colision con vehiculo de pedal, conductor lesionado en accidente no de transito",,005A,085A
V311,"Ocupante de vehiculo de motor de tres ruedas lesionado por colision con vehiculo de pedal, pasajero lesionado en accidente no de transito",,,
V312,"Ocupante de vehiculo de motor de tres ruedas lesionado por colision con vehiculo de pedal, persona que viaja fuera del vehiculo, lesionada en accidente no de transito",,,
V313,"Ocupante de vehiculo de motor de tres ruedas lesionado por colision con vehiculo de pedal, ocupante no especificado de vehiculo de motor de tres ruedas, lesionado en accidente no de transito",,,
V314,"Ocupante de vehiculo de motor de tres ruedas lesionado por colision con vehiculo de pedal, persona lesionada al subir o bajar del vehiculo",,,
V315,"Ocupante de vehiculo de motor de tres ruedas lesionado por colision con vehiculo de pedal, conductor lesionado en accidente de transito",,005A,085A
V316,"Ocupante de vehiculo de motor de tres ruedas lesionado por colision con vehiculo de pedal, pasajero lesionado en accidente de transito",,,
V317,"Ocupante de vehiculo de motor de tres ruedas lesionado por colision con vehiculo de pedal, persona que viaja fuera del vehiculo, lesionada en accidente de transito",,,
V319,"Ocupante de vehiculo de motor de tres ruedas lesionado por colision con vehiculo de pedal, ocupante no especificado de vehiculo de motor de tres ruedas,  lesionado en accidente de transito",,,
V320,"Ocupante de vehiculo de motor de tres ruedas lesionado por colision con otro vehiculo de motor de dos o tres ruedas, conductor lesionado en accidente no de transito",,005A,085A
V321,"Ocupante de vehiculo de motor de tres ruedas lesionado por colision con otro vehiculo de motor de dos o tres ruedas, pasajero lesionado en accidente no de transito",,,
V322,"Ocupante de vehiculo de motor de tres ruedas lesionado por colision con otro vehiculo de motor de dos o tres ruedas, persona que viaja fuera del vehiculo, lesionada en accidente no de transito",,,
V323,"Ocupante de vehiculo de motor de tres ruedas lesionado por colision con otro vehiculo de motor de dos o tres ruedas, ocupante no especificado de vehiculo de motor de tres ruedas, lesionado en accidente no de transito",,,
V324,"Ocupante de vehiculo de motor de tres ruedas lesionado por colision con otro vehiculo de motor de dos o tres ruedas, persona lesionada al subir o bajar del vehiculo",,,
V325,"Ocupante de vehiculo de motor de tres ruedas lesionado por colision con otro vehiculo de motor de dos o tres ruedas, conductor lesionado en accidente de transito",,005A,085A
V326,"Ocupante de vehiculo de motor de tres ruedas lesionado por colision con otro vehiculo de motor de dos o tres ruedas, pasajero lesionado en accidente de transito",,,
V327,"Ocupante de vehiculo de motor de tres ruedas lesionado por colision con otro vehiculo de motor de dos o tres ruedas, persona que viaja  fuera del vehiculo, lesionada en accidente de transito",,,
V329,"Ocupante de vehiculo de motor de tres ruedas lesionado por colision con otro vehiculo de motor de dos o tres ruedas, ocupante no especificado de vehiculo de motor de tres ruedas, lesionado en accidente de transito",,,
V330,"Ocupante de vehiculo de motor de tres ruedas lesionado por colision con automovil, camioneta o furgoneta, conductor lesionado en accidente no de transito",,005A,085A
V331,"Ocupante de vehiculo de motor de tres ruedas lesionado por colision con automovil, camioneta o furgoneta, pasajero lesionado en accidente no de transito",,,
V332,"Ocupante de vehiculo de motor de tres ruedas lesionado por colision con automovil, camioneta o furgoneta, persona que viaja  fuera del vehiculo, lesionada en accidente no de transito",,,
V333,"Ocupante de vehiculo de motor de tres ruedas lesionado por colision con automovil, camioneta o furgoneta, ocupante no especificado de vehiculo de motor de tres ruedas, lesionado en accidente no de transito",,,
V334,"Ocupante de vehiculo de motor de tres ruedas lesionado por colision con automovil, camioneta o furgoneta, persona lesionada al subir o bajar del vehiculo",,,
V335,"Ocupante de vehiculo de motor de tres ruedas lesionado por colision con automovil, camioneta o furgoneta, conductor lesionado en accidente de transito",,005A,085A
V336,"Ocupante de vehiculo de motor de tres ruedas lesionado por colision con automovil, camioneta o furgoneta, pasajero lesionado en accidente de transito",,,
V337,"Ocupante de vehiculo de motor de tres ruedas lesionado por colision con automovil, camioneta o furgoneta, persona que viaja fuera del vehiculo, lesionada en accidente de transito",,,
V339,"Ocupante de vehiculo de motor de tres ruedas lesionado por colision con automovil, camioneta o furgoneta, ocupante no especificado de vehiculo de motor de tres ruedas, lesionado en accidente de transito",,,
V340,"Ocupante de vehiculo de motor de tres ruedas lesionado por colision con vehiculo de transporte pesado o autobus, conductor lesionado en accidente no de transito",,005A,085A
V341,"Ocupante de vehiculo de motor de tres ruedas lesionado por colision con vehiculo de transporte pesado o autobus, pasajero lesionado en accidente no de transito",,,
V342,"Ocupante de vehiculo de motor de tres ruedas lesionado por colision con vehiculo de transporte pesado o autobus, persona que viaja fuera del vehiculo, lesionada en accidente no de transito",,,
V343,"Ocupante de vehiculo de motor de tres ruedas lesionado por colision con vehiculo de transporte pesado o autobus, ocupante no especificado de vehiculo de motor de tres ruedas, lesionado en accidente no de transito",,,
V344,"Ocupante de vehiculo de motor de tres ruedas lesionado por colision con vehiculo de transporte pesado o autobus, persona lesionada al subir o bajar del vehiculo",,,
V345,"Ocupante de vehiculo de motor de tres ruedas lesionado por colision con vehiculo de transporte pesado o autobus, conductor lesionado en accidente de transito",,005A,085A
V346,"Ocupante de vehiculo de motor de tres ruedas lesionado por colision con vehiculo de transporte pesado o autobus, pasajero lesionado en accidente de transito",,,
V347,"Ocupante de vehiculo de motor de tres ruedas lesionado por colision con vehiculo de transporte pesado o autobus, persona que viaja fuera del vehiculo, lesionada en accidente de transito",,,
V349,"Ocupante de vehiculo de motor de tres ruedas lesionado por colision con vehiculo de transporte pesado o autobus, ocupante no especificado de vehiculo de motor de tres ruedas, lesionado en accidente de transito",,,
V350,"Ocupante de vehiculo de motor de tres ruedas lesionado por colision con tren o vehiculo de rieles, conductor lesionado en accidente no de transito",,005A,085A
V351,"Ocupante de vehiculo de motor de tres ruedas lesionado por colision con tren o vehiculo de rieles, pasajero lesionado en accidente no de transito",,,
V352,"Ocupante de vehiculo de motor de tres ruedas lesionado por colision con tren o vehiculo de rieles, persona que viaja  fuera del vehiculo, lesionada en accidente no de transito",,,
V353,"Ocupante de vehiculo de motor de tres ruedas lesionado por colision con tren o vehiculo de rieles, ocupante no especificado de vehiculo de motor de tres ruedas, lesionado en accidente no de transito",,,
V354,"Ocupante de vehiculo de motor de tres ruedas lesionado por colision con tren o vehiculo de rieles, persona lesionada al subir o bajar del vehiculo",,,
V355,"Ocupante de vehiculo de motor de tres ruedas lesionado por colision con tren o vehiculo de rieles, conductor lesionado en accidente de transito",,005A,085A
V356,"Ocupante de vehiculo de motor de tres ruedas lesionado por colision con tren o vehiculo de rieles, pasajero lesionado en accidente de transito",,,
V357,"Ocupante de vehiculo de motor de tres ruedas lesionado por colision con tren o vehiculo de rieles, persona que viaja  fuera del vehiculo, lesionada en accidente de transito",,,
V359,"Ocupante de vehiculo de motor de tres ruedas lesionado por colision con tren o vehiculo de rieles, ocupante no especificado de vehiculo de motor de tres ruedas, lesionado en accidente de transito",,,
V360,"Ocupante de vehiculo de motor de tres ruedas lesionado por colision con otros vehiculos sin motor, conductor lesionado en accidente no de transito",,005A,085A
V361,"Ocupante de vehiculo de motor de tres ruedas lesionado por colision con otros vehiculos sin motor, pasajero lesionado en accidente no de transito",,,
V362,"Ocupante de vehiculo de motor de tres ruedas lesionado por colision con otros vehiculos sin motor, persona que viaja fuera del vehiculo, lesionada en accidente no de transito",,,
V363,"Ocupante de vehiculo de motor de tres ruedas lesionado por colision con otros vehiculos sin motor, ocupante no especificado de vehiculo de motor de tres ruedas, lesionado en accidente no de transito",,,
V364,"Ocupante de vehiculo de motor de tres ruedas lesionado por colision con otros vehiculos sin motor, persona lesionada al subir o bajar del vehiculo",,,
V365,"Ocupante de vehiculo de motor de tres ruedas lesionado por colision con otros vehiculos sin motor, conductor lesionado en accidente de transito",,005A,085A
V366,"Ocupante de vehiculo de motor de tres ruedas lesionado por colision con otros vehiculos sin motor, pasajero lesionado en accidente de transito",,,
V367,"Ocupante de vehiculo de motor de tres ruedas lesionado por colision con otros vehiculos sin motor, persona que viaja fuera del vehiculo, lesionada en accidente de transito",,,
V369,"Ocupante de vehiculo de motor de tres ruedas lesionado por colision con otros vehiculos sin motor, ocupante no especificado de vehiculo de motor de tres ruedas, lesionado en accidente de transito",,,
V370,"Ocupante de vehiculo de motor de tres ruedas lesionado por colision con objeto fijo o estacionado, conductor lesionado en accidente no de transito",,005A,085A
V371,"Ocupante de vehiculo de motor de tres ruedas lesionado por colision con objeto fijo o estacionado, pasajero lesionado en accidente no de transito",,,
V372,"Ocupante de vehiculo de motor de tres ruedas lesionado por colision con objeto fijo o estacionado, persona que viaja fuera del vehiculo, lesionada en accidente no de transito",,,
V373,"Ocupante de vehiculo de motor de tres ruedas lesionado por colision con objeto fijo o estacionado, ocupante no especificado de vehiculo de motor de tres ruedas, lesionado en accidente no de transito",,,
V374,"Ocupante de vehiculo de motor de tres ruedas lesionado por colision con objeto fijo o estacionado, persona lesionada al subir o bajar del vehiculo",,,
V375,"Ocupante de vehiculo de motor de tres ruedas lesionado por colision con objeto fijo o estacionado, conductor lesionado en accidente de transito",,005A,085A
V376,"Ocupante de vehiculo de motor de tres ruedas lesionado por colision con objeto fijo o estacionado, pasajero lesionado en accidente de transito",,,
V377,"Ocupante de vehiculo de motor de tres ruedas lesionado por colision con objeto fijo o estacionado, persona que viaja fuera del vehiculo, lesionada en accidente de transito",,,
V379,"Ocupante de vehiculo de motor de tres ruedas lesionado por colision con objeto fijo o estacionado, ocupante no especificado de vehiculo de motor de tres ruedas, lesionado en accidente de transito",,,
V380,"Ocupante de vehiculo de motor de tres ruedas lesionado en accidente de transporte sin colision, conductor lesionado en accidente no de transito",,005A,085A
V381,"Ocupante de vehiculo de motor de tres ruedas lesionado en accidente de transporte sin colision, pasajero lesionado en accidente no de transito",,,
V382,"Ocupante de vehiculo de motor de tres ruedas lesionado en accidente de transporte sin colision, persona que viaja fuera del vehiculo, lesionada en accidente no de transito",,,
V383,"Ocupante de vehiculo de motor de tres ruedas lesionado en accidente de transporte sin colision, ocupante no especificado de vehiculo de motor de tres ruedas, lesionado en accidente no de transito",,,
V384,"Ocupante de vehiculo de motor de tres ruedas lesionado en accidente de transporte sin colision, persona  lesionada al subir o bajar del vehiculo",,,
V385,"Ocupante de vehiculo de motor de tres ruedas lesionado en accidente de transporte sin colision, conductor lesionado en accidente de transito",,005A,085A
V386,"Ocupante de vehiculo de motor de tres ruedas lesionado en accidente de transporte sin colision, pasajero lesionado en accidente de transito",,,
V387,"Ocupante de vehiculo de motor de tres ruedas lesionado en accidente de transporte sin colision, persona que viaja fuera del vehiculo, lesionada en accidente de transito",,,
V389,"Ocupante de vehiculo de motor de tres ruedas lesionado en accidente de transporte sin colision, ocupante no especificado de vehiculo de motor de tres ruedas, lesionado en accidente de transito",,,
V390,"Conductor de vehiculo de motor de tres ruedas lesionado por colision con otros vehiculos de motor, y con los no especificados, en accidente no de transito",,005A,085A
V391,"Pasajero de  vehiculo de motor de tres ruedas lesionado por colision con otros vehiculos de motor, y con los no especificados, en accidente no de transito",,,
V392,"Ocupante no especificado de  vehiculo de motor de tres ruedas lesionado por colision con otros vehiculos de motor, y con los no especificados, en accidente no de transito",,,
V393,"Ocupante [cualquiera] de vehiculo de motor de tres ruedas lesionado en accidente no de transito, no especificado",,,
V394,"Conductor de vehiculo de motor de tres ruedas lesionado por colision con otros vehiculos de motor, y con los no especificados, en accidente de transito",,005A,085A
V395,"Pasajero de vehiculo de motor de tres ruedas lesionado por colision con otros vehiculos de motor, y con los no especificados, en accidente de transito",,,
V396,"Ocupante no especificado de vehiculo de motor de tres ruedas lesionado por colision con otros vehiculos de motor, y con los no especificados, en accidente de transito",,,
V398,Ocupante [cualquiera] de vehiculo de motor de tres ruedas lesionado en otros accidentes de transporte especificados,,,
V399,Ocupante [cualquiera] de vehiculo de motor de tres ruedas lesionado en accidente de transito no especificado,,,
V400,"Ocupante de automovil lesionado por colision con peaton o animal, conductor lesionado en accidente no de transito",,015A,095A
V401,"Ocupante de automovil lesionado por colision con peaton o animal, pasajero lesionado en accidente no de transito",,,
V402,"Ocupante de automovil lesionado por colision con peaton o animal, persona  que viaja fuera del vehiculo, lesionada en  accidente no de transito",,,
V403,"Ocupante de automovil lesionado por colision con peaton o animal, ocupante no especificado de  automovil, lesionado en accidente no de transito",,,
V404,"Ocupante de automovil lesionado por colision con peaton o animal, persona lesionada al subir o bajar del vehiculo",,,
V405,"Ocupante de automovil lesionado por colision con peaton o animal, conductor lesionado en accidente de transito",,015A,095A
V406,"Ocupante de automovil lesionado por colision con peaton o animal, pasajero lesionado en accidente de transito",,,
V407,"Ocupante de automovil lesionado por colision con peaton o animal, persona que viaja fuera del vehiculo, lesionada en accidente de transito",,,
V409,"Ocupante de automovil lesionado por colision con peaton o animal, ocupante no especificado de automovil, lesionado en accidente de transito",,,
V410,"Ocupante de automovil lesionado por colision con vehiculo de pedal, conductor lesionado en accidente no de transito",,015A,095A
V411,"Ocupante de automovil lesionado por colision con vehiculo de pedal, pasajero lesionado en accidente no de transito",,,
V412,"Ocupante de automovil lesionado por colision con vehiculo de pedal, persona que viaja fuera del vehiculo, lesionada en accidente no de transito",,,
V413,"Ocupante de automovil lesionado por colision con vehiculo de pedal, ocupante no especificado de automovil, lesionado en accidente no de transito",,,
V414,"Ocupante de automovil lesionado por colision con vehiculo de pedal, persona lesionada al subir o bajar del vehiculo",,,
V415,"Ocupante de automovil lesionado por colision con vehiculo de pedal, conductor lesionado en accidente de transito",,015A,095A
V416,"Ocupante de automovil lesionado por colision con vehiculo de pedal, pasajero lesionado en accidente de transito",,,
V417,"Ocupante de automovil lesionado por colision con vehiculo de pedal, persona que viaja  fuera del vehiculo, lesionada en accidente de transito",,,
V419,"Ocupante de automovil lesionado por colision con vehiculo de pedal, ocupante no especificado de automovil, lesionado en accidente de transito",,,
V420,"Ocupante de automovil lesionado por colision con vehiculo de motor de dos o tres ruedas, conductor lesionado en accidente no de transito",,015A,095A
V421,"Ocupante de automovil lesionado por colision con vehiculo de motor de dos o tres ruedas, pasajero lesionado en accidente no de transito",,,
V422,"Ocupante de automovil lesionado por colision con vehiculo de motor de dos o tres ruedas, persona que viaja fuera del vehiculo, lesionada en accidente no de transito",,,
V423,"Ocupante de automovil lesionado por colision con vehiculo de motor de dos o tres ruedas, ocupante no especificado de automovil, lesionado en accidente no de transito",,,
V424,"Ocupante de automovil lesionado por colision con vehiculo de motor de dos o tres ruedas, persona lesionada al subir o bajar del vehiculo",,,
V425,"Ocupante de automovil lesionado por colision con vehiculo de motor de dos o tres ruedas, conductor lesionado en accidente de transito",,015A,095A
V426,"Ocupante de automovil lesionado por colision con vehiculo de motor de dos o tres ruedas, pasajero lesionado en accidente de transito",,,
V427,"Ocupante de automovil lesionado por colision con vehiculo de motor de dos o tres ruedas, persona que viaja fuera del vehiculo, lesionada en accidente de transito",,,
V429,"Ocupante de automovil lesionado por colision con vehiculo de motor de dos o tres ruedas, ocupante no especificado de automovil, lesionado en accidente de transito",,,
V430,"Ocupante de automovil lesionado por colision con otro automovil, camioneta o furgoneta, conductor lesionado en  accidente no de transito",,015A,095A
V431,"Ocupante de automovil lesionado por colision con otro automovil, camioneta o furgoneta, pasajero lesionado en accidente no de transito",,,
V432,"Ocupante de automovil lesionado por colision con otro automovil, camioneta o furgoneta, persona que viaja  fuera del  vehiculo, lesionada en accidente no de transito",,,
V433,"Ocupante de automovil lesionado por colision con otro automovil, camioneta o furgoneta, ocupante no especificado de automovil, lesionado en accidente no de transito",,,
V434,"Ocupante de automovil lesionado por colision con otro automovil, camioneta o furgoneta, persona lesionada al subir o bajar del vehiculo",,,
V435,"Ocupante de automovil lesionado por colision con otro automovil, camioneta o furgoneta, conductor lesionado en accidente de transito",,015A,095A
V436,"Ocupante de automovil lesionado por colision con otro automovil, camioneta o furgoneta, pasajero lesionado en accidente de transito",,,
V437,"Ocupante de automovil lesionado por colision con otro automovil, camioneta o furgoneta, persona que viaja fuera del vehiculo, lesionada en accidente de transito",,,
V439,"Ocupante de automovil lesionado por colision con otro automovil, camioneta o furgoneta, ocupante no especificado de automovil, lesionado en accidente de transito",,,
V440,"Ocupante de automovil lesionado por colision con vehiculo de transporte pesado o autobus, conductor lesionado en accidente no de transito",,015A,095A
V441,"Ocupante de automovil lesionado por colision con vehiculo de transporte pesado o autobus, pasajero lesionado en accidente no de transito",,,
V442,"Ocupante de automovil lesionado por colision con vehiculo de transporte pesado o autobus, persona que viaja fuera del  vehiculo, lesionada en accidente no de transito",,,
V443,"Ocupante de automovil lesionado por colision con vehiculo de transporte pesado o autobus , ocupante no especificado de automovil, lesionado en accidente no de transito",,,
V444,"Ocupante de automovil lesionado por colision con vehiculo de transporte pesado o autobus , persona lesionada al subir o bajar del vehiculo",,,
V445,"Ocupante de automovil lesionado por colision con vehiculo de transporte pesado o autobus , conductor lesionado en accidente de transito",,015A,095A
V446,"Ocupante de automovil lesionado por colision con vehiculo de transporte pesado o autobus , pasajero lesionado en accidente de transito",,,
V447,"Ocupante de automovil lesionado por colision con vehiculo de transporte pesado o autobus, persona que viaja fuera del  vehiculo, lesionada en accidente de transito",,,
V449,"Ocupante de automovil lesionado por colision con vehiculo de transporte pesado o autobus , ocupante no especificado de automovil, lesionado en  accidente de transito",,,
V450,"Ocupante de automovil lesionado por colision con tren o vehiculo de rieles, conductor lesionado en accidente no de transito",,015A,095A
V451,"Ocupante de automovil lesionado por colision con tren o vehiculo de rieles, pasajero lesionado en accidente no de transito",,,
V452,"Ocupante de automovil lesionado por colision con tren o vehiculo de rieles, persona que viaja fuera del  vehiculo, lesionada en accidente no de transito",,,
V453,"Ocupante de automovil lesionado por colision con tren o vehiculo de rieles, ocupante no especificado de automovil, lesionado en accidente no de transito",,,
V454,"Ocupante de automovil lesionado por colision con tren o vehiculo de rieles, persona lesionada al subir o bajar del vehiculo",,,
V455,"Ocupante de automovil lesionado por colision con tren o vehiculo de rieles, conductor lesionado en accidente de transito",,015A,095A
V456,"Ocupante de automovil lesionado por colision con tren o vehiculo de rieles, pasajero lesionado en accidente de transito",,,
V457,"Ocupante de automovil lesionado por colision con tren o vehiculo de rieles, persona que viaja fuera del vehiculo, lesionada en accidente de transito",,,
V459,"Ocupante de automovil lesionado por colision con tren o vehiculo de rieles, ocupante no especificado de automovil, lesionado en accidente de transito",,,
V460,"Ocupante de automovil lesionado por colision con otros vehiculos sin motor, conductor lesionado en accidente no de transito",,015A,095A
V461,"Ocupante de automovil lesionado por colision con otros vehiculos sin motor, pasajero lesionado en accidente no de transito",,,
V462,"Ocupante de automovil lesionado por colision con otros vehiculos sin motor, persona que viaja fuera del  vehiculo, lesionada en  accidente no de transito",,,
V463,"Ocupante de automovil lesionado por colision con otros vehiculos sin motor, ocupante no especificado de automovil, lesionado  en  accidente no de transito",,,
V464,"Ocupante de automovil lesionado por colision con otros vehiculos sin motor, persona lesionada al subir o bajar del vehiculo",,,
V465,"Ocupante de automovil lesionado por colision con otros vehiculos sin motor, conductor lesionado en accidente de transito",,015A,095A
V466,"Ocupante de automovil lesionado por colision con otros vehiculos sin motor, pasajero lesionado en accidente de transito",,,
V467,"Ocupante de automovil lesionado por colision con otros vehiculos sin motor, persona que viaja fuera del  vehiculo, lesionada en  accidente de transito",,,
V469,"Ocupante de automovil lesionado por colision con otros vehiculos sin motor, ocupante no especificado de automovil, lesionado en accidente de transito",,,
V470,"Ocupante de automovil lesionado  por  colision con objeto fijo o estacionado, conductor lesionado en accidente no de transito",,015A,095A
V471,"Ocupante de automovil lesionado  por  colision con objeto fijo o estacionado, pasajero lesionado en accidente no de transito",,,
V472,"Ocupante de automovil lesionado  por  colision con objeto fijo o estacionado, persona que viaja fuera del  vehiculo, lesionada en  accidente no de transito",,,
V473,"Ocupante de automovil lesionado  por  colision con objeto fijo o estacionado, ocupante no especificado de automovil, lesionado  en  accidente no de transito",,,
V474,"Ocupante de automovil lesionado  por  colision con objeto fijo o estacionado, persona lesionada al subir o bajar del vehiculo",,,
V475,"Ocupante de automovil lesionado  por  colision con objeto fijo o estacionado, conductor lesionado en accidente de transito",,015A,095A
V476,"Ocupante de automovil lesionado  por  colision con objeto fijo o estacionado, pasajero lesionado en accidente de transito",,,
V477,"Ocupante de automovil lesionado  por  colision con objeto fijo o estacionado, persona que viaja fuera del  vehiculo, lesionada en accidente de transito",,,
V479,"Ocupante de automovil lesionado  por  colision con objeto fijo o estacionado, ocupante no especificado de automovil, lesionado en accidente de transito",,,
V480,"Ocupante de automovil lesionado en accidente de transporte sin colision, conductor lesionado en accidente no de transito",,015A,095A
V481,"Ocupante de automovil lesionado en accidente de transporte sin colision, pasajero lesionado en accidente no de transito",,,
V482,"Ocupante de automovil lesionado en accidente de transporte sin colision, persona que viaja  fuera del vehiculo, lesionada en accidente no de transito",,,
V483,"Ocupante de automovil lesionado en accidente de transporte sin colision, ocupante no especificado de automovil, lesionado en accidente no de transito",,,
V484,"Ocupante de automovil lesionado en accidente de transporte sin colision, persona lesionada al subir o bajar del vehiculo",,,
V485,"Ocupante de automovil lesionado en accidente de transporte sin colision, conductor lesionado en accidente de transito",,015A,095A
V486,"Ocupante de automovil lesionado en accidente de transporte sin colision, pasajero lesionado en accidente de transito",,,
V487,"Ocupante de automovil lesionado en accidente de transporte sin colision, persona que viaja  fuera del vehiculo, lesionada en accidente de transito",,,
V489,"Ocupante de automovil lesionado en accidente de transporte sin colision, ocupante no especificado de automovil, lesionado en accidente de transito",,,
V490,"Conductor de automovil lesionado por colision con otros vehiculos de motor, y con los no especificados, en accidente no de transito",,015A,095A
V491,"Pasajero de automovil lesionado por colision con otros vehiculos de motor, y con los no especificados, en accidente no de transito",,,
V492,"Ocupante no especificado de automovil lesionado por colision con otros vehiculos de motor, y con los no especificados, en accidente no de transito",,,
V493,"Ocupante (cualquiera) de automovil lesionado en accidente no de transito, no especificado",,,
V494,"Conductor de automovil lesionado por colision con otros vehiculos de motor, y con los no especificados, en accidente de transito",,015A,095A
V495,"Pasajero de automovil lesionado por colision con otros vehiculos de motor, y con los no especificados, en accidente de transito",,,
V496,"Ocupante no especificado de automovil lesionado por colision con otros vehiculos de motor, y con los no especificados, en accidente de transito",,,
V498,Ocupante (cualquiera) de automovil lesionado en otros accidentes de transporte especificados,,,
V499,Ocupante (cualquiera) de automovil lesionado en accidente de transito no especificado,,,
V500,"Ocupante de camioneta o furgoneta lesionado por colision con peaton o animal, conductor lesionado en accidente no de transito",,015A,095A
V501,"Ocupante de camioneta o furgoneta lesionado por colision con peaton o animal, pasajero lesionado en accidente no de transito",,,
V502,"Ocupante de camioneta o furgoneta lesionado por colision con peaton o animal, persona que viaja  fuera del vehiculo, lesionada en accidente no de transito",,,
V503,"Ocupante de camioneta o furgoneta lesionado por colision con peaton o animal, ocupante no especificado de camioneta o furgoneta, lesionado en accidente no de transito",,,
V504,"Ocupante de camioneta o furgoneta lesionado por colision con peaton o animal, persona lesionada al subir o bajar del vehiculo",,,
V505,"Ocupante de camioneta o furgoneta lesionado por colision con peaton o animal, conductor lesionado en accidente de transito",,015A,095A
V506,"Ocupante de camioneta o furgoneta lesionado por colision con peaton o animal, pasajero lesionado en accidente de transito",,,
V507,"Ocupante de camioneta o furgoneta lesionado por colision con peaton o animal, persona que viaja  fuera del vehiculo, lesionada en accidente de transito",,,
V509,"Ocupante de camioneta o furgoneta lesionado por colision con peaton o animal, ocupante no especificado de camioneta o furgoneta, lesionado en accidente de transito",,,
V510,"Ocupante de camioneta o furgoneta lesionado por colision con vehiculo de pedal, conductor lesionado en accidente no de transito",,015A,095A
V511,"Ocupante de camioneta o furgoneta lesionado por colision con vehiculo de pedal, pasajero lesionado en accidente no de transito",,,
V512,"Ocupante de camioneta o furgoneta lesionado por colision con vehiculo de pedal, persona que viaja  fuera del vehiculo, lesionada en accidente no de transito",,,
V513,"Ocupante de camioneta o furgoneta lesionado por colision con vehiculo de pedal, ocupante no especificado de camioneta o furgoneta,  lesionado en accidente no de transito",,,
V514,"Ocupante de camioneta o furgoneta lesionado por colision con vehiculo de pedal, persona lesionada al subir o bajar del vehiculo",,,
V515,"Ocupante de camioneta o furgoneta lesionado por colision con vehiculo de pedal, conductor lesionado en accidente de transito",,015A,095A
V516,"Ocupante de camioneta o furgoneta lesionado por colision con vehiculo de pedal, pasajero lesionado en accidente de transito",,,
V517,"Ocupante de camioneta o furgoneta lesionado por colision con vehiculo de pedal, persona que viaja  fuera del vehiculo, lesionada en accidente de transito",,,
V519,"Ocupante de camioneta o furgoneta lesionado por colision con vehiculo de pedal, ocupante no especificado de camioneta o furgoneta,  lesionado en accidente de transito",,,
V520,"Ocupante de camioneta o furgoneta lesionado por colision con vehiculo de motor de dos o tres ruedas, conductor lesionado en accidente no de transito",,015A,095A
V521,"Ocupante de camioneta o furgoneta lesionado por colision con vehiculo de motor de dos o tres ruedas, pasajero lesionado en accidente no de transito",,,
V522,"Ocupante de camioneta o furgoneta lesionado por colision con vehiculo de motor de dos o tres ruedas, persona que viaja  fuera del vehiculo, lesionada en accidente no de transito",,,
V523,"Ocupante de camioneta o furgoneta lesionado por colision con vehiculo de motor de dos o tres ruedas, ocupante no especificado de camioneta o furgoneta, lesionado en accidente no de transito",,,
V524,"Ocupante de camioneta o furgoneta lesionado por colision con vehiculo de motor de dos o tres ruedas, persona lesionada al subir o bajar del vehiculo",,,
V525,"Ocupante de camioneta o furgoneta lesionado por colision con vehiculo de motor de dos o tres ruedas, conductor lesionado en accidente de transito",,015A,095A
V526,"Ocupante de camioneta o furgoneta lesionado por colision con vehiculo de motor de dos o tres ruedas, pasajero lesionado en accidente de transito",,,
V527,"Ocupante de camioneta o furgoneta lesionado por colision con vehiculo de motor de dos o tres ruedas, persona que viaja fuera del  vehiculo, lesionada en accidente de transito",,,
V529,"Ocupante de camioneta o furgoneta lesionado por colision con vehiculo de motor de dos o tres ruedas, ocupante no especificado de camioneta o furgoneta, lesionado en accidente de transito",,,
V530,"Ocupante de camioneta o furgoneta lesionado por colision con automovil, camioneta o furgoneta, conductor lesionado en accidente no de transito",,015A,095A
V531,"Ocupante de camioneta o furgoneta lesionado por colision con automovil, camioneta o furgoneta, pasajero lesionado en accidente no de transito",,,
V532,"Ocupante de camioneta o furgoneta lesionado por colision con automovil, camioneta o furgoneta, persona que viaja fuera del  vehiculo, lesionada en accidente no de transito",,,
V533,"Ocupante de camioneta o furgoneta lesionado por colision con automovil, camioneta o furgoneta, ocupante no especificado de camioneta o furgoneta, lesionado en accidente no de transito",,,
V534,"Ocupante de camioneta o furgoneta lesionado por colision con automovil, camioneta o furgoneta, persona lesionada al subir o bajar del vehiculo",,,
V535,"Ocupante de camioneta o furgoneta lesionado por colision con automovil, camioneta o furgoneta, conductor lesionado en accidente de transito",,015A,095A
V536,"Ocupante de camioneta o furgoneta lesionado por colision con automovil, camioneta o furgoneta, pasajero lesionado en accidente de transito",,,
V537,"Ocupante de camioneta o furgoneta lesionado por colision con automovil, camioneta o furgoneta, persona que viaja fuera del  vehiculo, lesionada en accidente de transito",,,
V539,"Ocupante de camioneta o furgoneta lesionado por colision con automovil, camioneta o furgoneta, ocupante no especificado de  camioneta o furgoneta, lesionado en accidente de transito",,,
V540,"Ocupante de camioneta o furgoneta lesionado por colision con vehiculo de transporte pesado o autobus, conductor lesionado en accidente no de transito",,015A,095A
V541,"Ocupante de camioneta o furgoneta lesionado por colision con vehiculo de transporte pesado o autobus, pasajero lesionado en accidente no de transito",,,
V542,"Ocupante de camioneta o furgoneta lesionado por colision con vehiculo de transporte pesado o autobus, persona que viaja fuera del  vehiculo, lesionada en  accidente no de transito",,,
V543,"Ocupante de camioneta o furgoneta lesionado por colision con vehiculo de transporte pesado o autobus, ocupante no especificado de  camioneta o furgoneta, lesionado en  accidente no de transito",,,
V544,"Ocupante de camioneta o furgoneta lesionado por colision con vehiculo de transporte pesado o autobus, persona lesionada al subir o bajar del vehiculo",,,
V545,"Ocupante de camioneta o furgoneta lesionado por colision con vehiculo de transporte pesado o autobus, conductor lesionado en accidente de transito",,015A,095A
V546,"Ocupante de camioneta o furgoneta lesionado por colision con vehiculo de transporte pesado o autobus, pasajero lesionado en accidente de transito",,,
V547,"Ocupante de camioneta o furgoneta lesionado por colision con vehiculo de transporte pesado o autobus, persona que viaja fuera del  vehiculo, lesionada en  accidente de transito",,,
V549,"Ocupante de camioneta o furgoneta lesionado por colision con vehiculo de transporte pesado o autobus, ocupante no especificado de  camioneta o furgoneta, lesionado en  accidente de transito",,,
V550,"Ocupante de camioneta o furgoneta lesionado por colision con tren o vehiculo de rieles, conductor lesionado en accidente no de transito",,015A,095A
V551,"Ocupante de camioneta o furgoneta lesionado por colision con tren o vehiculo de rieles, pasajero lesionado en accidente no de transito",,,
V552,"Ocupante de camioneta o furgoneta lesionado por colision con tren o vehiculo de rieles, persona que viaja fuera del  vehiculo, lesionada en accidente no de transito",,,
V553,"Ocupante de camioneta o furgoneta lesionado por colision con tren o vehiculo de rieles, ocupante no especificado de camioneta o furgoneta, lesionado en accidente no de transito",,,
V554,"Ocupante de camioneta o furgoneta lesionado por colision con tren o vehiculo de rieles, persona lesionada al subir o bajar del vehiculo",,,
V555,"Ocupante de camioneta o furgoneta lesionado por colision con tren o vehiculo de rieles, conductor lesionado en accidente de transito",,015A,095A
V556,"Ocupante de camioneta o furgoneta lesionado por colision con tren o vehiculo de rieles, pasajero lesionado en accidente de transito",,,
V557,"Ocupante de camioneta o furgoneta lesionado por colision con tren o vehiculo de rieles, persona que viaja fuera del  vehiculo, lesionada en accidente de transito",,,
V559,"Ocupante de camioneta o furgoneta lesionado por colision con tren o vehiculo de rieles, ocupante no especificado de  camioneta o furgoneta, lesionado en  accidente de transito",,,
V560,"Ocupante de camioneta o furgoneta lesionado por colision con otros vehiculos sin motor, conductor lesionado en accidente no de transito",,015A,095A
V561,"Ocupante de camioneta o furgoneta lesionado por colision con otros vehiculos sin motor, pasajero lesionado en accidente no de transito",,,
V562,"Ocupante de camioneta o furgoneta lesionado por colision con otros vehiculos sin motor, persona que viaja fuera del  vehiculo, lesionada en accidente no de transito",,,
V563,"Ocupante de camioneta o furgoneta lesionado por colision con otros vehiculos sin motor, ocupante no especificado de camioneta o furgoneta, lesionado en accidente no de transito",,,
V564,"Ocupante de camioneta o furgoneta lesionado por colision con otros vehiculos sin motor, persona lesionada al subir o bajar del vehiculo",,,
V565,"Ocupante de camioneta o furgoneta lesionado por colision con otros vehiculos sin motor, conductor lesionado en accidente de transito",,015A,095A
V566,"Ocupante de camioneta o furgoneta lesionado por colision con otros vehiculos sin motor, pasajero lesionado en accidente de transito",,,
V567,"Ocupante de camioneta o furgoneta lesionado por colision con otros vehiculos sin motor, persona que viaja fuera del  vehiculo, lesionada en accidente de transito",,,
V569,"Ocupante de camioneta o furgoneta lesionado por colision con otros vehiculos sin motor, ocupante no especificado de  camioneta o furgoneta, lesionado en accidente de transito",,,
V570,"Ocupante de camioneta o furgoneta lesionado por colision con objeto fijo o estacionado, conductor lesionado en accidente no de transito",,015A,095A
V571,"Ocupante de camioneta o furgoneta lesionado por colision con objeto fijo o estacionado, pasajero lesionado en accidente no de transito",,,
V572,"Ocupante de camioneta o furgoneta lesionado por colision con objeto fijo o estacionado, persona que viaja fuera del vehiculo, lesionada en accidente no de transito",,,
V573,"Ocupante de camioneta o furgoneta lesionado por colision con objeto fijo o estacionado, ocupante no especificado de  camioneta o furgoneta, lesionando en  accidente no de transito",,,
V574,"Ocupante de camioneta o furgoneta lesionado por colision con objeto fijo o estacionado, persona lesionada al subir o bajar del vehiculo",,,
V575,"Ocupante de camioneta o furgoneta lesionado por colision con objeto fijo o estacionado, conductor lesionado en accidente de transito",,015A,095A
V576,"Ocupante de camioneta o furgoneta lesionado por colision con objeto fijo o estacionado, pasajero lesionado en accidente de transito",,,
V577,"Ocupante de camioneta o furgoneta lesionado por colision con objeto fijo o estacionado, persona que viaja fuera del  vehiculo, lesionada en  accidente de transito",,,
V579,"Ocupante de camioneta o furgoneta lesionado por colision con objeto fijo o estacionado, ocupante no especificado de camioneta o furgoneta, lesionado en  accidente de transito",,,
V580,"Ocupante de camioneta o furgoneta lesionado en accidente de transporte sin colision, conductor lesionado en accidente no de transito",,015A,095A
V581,"Ocupante de camioneta o furgoneta lesionado en accidente de transporte sin colision, pasajero lesionado en accidente no de transito",,,
V582,"Ocupante de camioneta o furgoneta lesionado en accidente de transporte sin colision, persona que viaja fuera del  vehiculo, lesionada en  accidente no de transito",,,
V583,"Ocupante de camioneta o furgoneta lesionado en accidente de transporte sin colision, ocupante no especificado camioneta o furgoneta, lesionado en accidente no de transito",,,
V584,"Ocupante de camioneta o furgoneta lesionado en accidente de transporte sin colision, persona lesionada al subir o bajar del vehiculo",,,
V585,"Ocupante de camioneta o furgoneta lesionado en accidente de transporte sin colision, conductor lesionado en accidente de transito",,015A,095A
V586,"Ocupante de camioneta o furgoneta lesionado en accidente de transporte sin colision, pasajero lesionado en accidente de transito",,,
V587,"Ocupante de camioneta o furgoneta lesionado en accidente de  transporte sin colision, persona que viaja fuera del  vehiculo, lesionada en accidente de transito",,,
V589,"Ocupante de camioneta o furgoneta lesionado en accidente de  transporte sin colision, ocupante no especificado de camioneta o furgoneta, lesionado en  accidente de transito",,,
V590,"Conductor de camioneta o furgoneta lesionado por colision con otros vehiculos de motor, y con los no especificados, en accidente no de transito",,015A,095A
V591,"Pasajero de camioneta o furgoneta lesionado por colision con otros vehiculos de motor, y con los no especificados, en accidente no de transito",,,
V592,"Ocupante no especificado de camioneta o furgoneta lesionado  por colision con otros vehiculos de motor, y con los no especificados, en accidente no de transito",,,
V593,"Ocupante [cualquiera] de camioneta o furgoneta lesionado en accidente no de transito, no especificado",,,
V594,"Conductor de camioneta o furgoneta lesionado por colision con otros vehiculos de motor, y con los no especificados, en accidente de transito",,015A,095A
V595,"Pasajero de camioneta o furgoneta lesionado por colision con otros vehiculos de motor, y con los no especificados, en accidente de transito",,,
V596,"Ocupante no especificado de camioneta o furgoneta lesionado por colision con otros vehiculos de motor, y con los no especificados, en accidente de transito",,,
V598,Ocupante [cualquiera] de camioneta o furgoneta lesionado en otros accidentes de transporte especificados,,,
V599,Ocupante [cualquiera] de camioneta o furgoneta lesionado en accidente de transito no especificado,,,
V600,"Ocupante de vehiculo de transporte pesado lesionado por colision con peaton o animal, conductor lesionado en accidente no de transito",,018A,064A
V601,"Ocupante de vehiculo de transporte pesado lesionado por colision con peaton o animal, pasajero lesionado en accidente no de transito",,,
V602,"Ocupante de vehiculo de transporte pesado lesionado por colision con peaton o animal, persona que viaja fuera del  vehiculo, lesionada en  accidente no de transito",,,
V603,"Ocupante de vehiculo de transporte pesado lesionado por colision con peaton o animal, ocupante no especificado de vehiculo de transporte pesado lesionado en  accidente no de transito",,,
V604,"Ocupante de vehiculo de transporte pesado lesionado por colision con peaton o animal, persona lesionada al subir o bajar del vehiculo",,,
V605,"Ocupante de vehiculo de transporte pesado lesionado por colision con peaton o animal, conductor lesionado en accidente de transito",,018A,064A
V606,"Ocupante de vehiculo de transporte pesado lesionado por colision con peaton o animal, pasajero lesionado en accidente de transito",,,
V607,"Ocupante de vehiculo de transporte pesado lesionado por colision con peaton o animal, persona que viaja fuera del  vehiculo, lesionada en accidente de transito",,,
V609,"Ocupante de vehiculo de transporte pesado lesionado por colision con peaton o animal, ocupante no especificado de vehiculo de transporte pesado, lesionado en accidente de transito",,,
V610,"Ocupante de vehiculo de transporte pesado lesionado por colision con vehiculo de pedal, conductor lesionado en accidente no de transito",,018A,064A
V611,"Ocupante de vehiculo de transporte pesado lesionado por colision con vehiculo de pedal, pasajero lesionado en accidente no de transito",,,
V612,"Ocupante de vehiculo de transporte pesado lesionado por colision con vehiculo de pedal, persona que viaja fuera del vehiculo, lesionada en accidente no de transito",,,
V613,"Ocupante de vehiculo de transporte pesado lesionado por colision con vehiculo de pedal, ocupante no especificado  de vehiculo de transporte pesado lesionado en accidente no de transito",,,
V614,"Ocupante de vehiculo de transporte pesado lesionado por colision con vehiculo de pedal, persona lesionada al subir o bajar del vehiculo",,,
V615,"Ocupante de vehiculo de transporte pesado lesionado por colision con vehiculo de pedal, conductor lesionado en accidente de transito",,018A,064A
V616,"Ocupante de vehiculo de transporte pesado lesionado por colision con vehiculo de pedal, pasajero lesionado en accidente de transito",,,
V617,"Ocupante de vehiculo de transporte pesado lesionado por colision con vehiculo de pedal, persona que viaja fuera del vehiculo, lesionada en accidente de transito",,,
V619,"Ocupante de vehiculo de transporte pesado lesionado por colision con vehiculo de pedal, ocupante no especificado de vehiculo  de transporte pesado lesionado en accidente de transito",,,
V620,"Ocupante de vehiculo de transporte pesado lesionado por colision con vehiculo de motor de dos o tres ruedas, conductor lesionado en accidente no de transito",,018A,064A
V621,"Ocupante de vehiculo de transporte pesado lesionado por colision con vehiculo de motor de dos o tres ruedas, pasajero lesionado en accidente no de transito",,,
V622,"Ocupante de vehiculo de transporte pesado lesionado por colision con vehiculo de motor de dos o tres ruedas, persona que viaja  fuera del vehiculo, lesionada en accidente no de transito",,,
V623,"Ocupante de vehiculo de transporte pesado lesionado por colision con vehiculo de motor de dos o tres ruedas, ocupante no especificado de vehiculo de transporte pesado lesionado en accidente no de transito",,,
V624,"Ocupante de vehiculo de transporte pesado lesionado por colision con vehiculo de motor de dos o tres ruedas, persona lesionada al subir o bajar del vehiculo",,,
V625,"Ocupante de vehiculo de transporte pesado lesionado por colision con vehiculo de motor de dos o tres ruedas, conductor lesionado en accidente de transito",,018A,064A
V626,"Ocupante de vehiculo de transporte pesado lesionado por colision con vehiculo de motor de dos o tres ruedas, pasajero lesionado en accidente de transito",,,
V627,"Ocupante de vehiculo de transporte pesado lesionado por colision con vehiculo de motor de dos o tres ruedas, persona que viaja fuera del  vehiculo, lesionada en accidente de transito",,,
V629,"Ocupante de vehiculo de transporte pesado lesionado por colision con vehiculo de motor de dos o tres ruedas, ocupante no especificado de vehiculo de transporte pesado, lesionado en accidente de transito",,,
V630,"Ocupante de vehiculo de transporte pesado lesionado por colision con automovil, camioneta o furgoneta, conductor lesionado en accidente no de transito",,018A,064A
V631,"Ocupante de vehiculo de transporte pesado lesionado por colision con automovil, camioneta o furgoneta, pasajero lesionado en accidente no de transito",,,
V632,"Ocupante de vehiculo de transporte pesado lesionado por colision con automovil, camioneta o furgoneta, persona que viaja fuera del vehiculo, lesionada en accidente no de transito",,,
V633,"Ocupante de vehiculo de transporte pesado lesionado por colision con automovil, camioneta o furgoneta, ocupante no especificado de vehiculo  de transporte pesado lesionado en accidente no de transito",,,
V634,"Ocupante de vehiculo de transporte pesado lesionado por colision con automovil, camioneta o furgoneta, persona lesionada al subir o bajar del vehiculo",,,
V635,"Ocupante de vehiculo de transporte pesado lesionado por colision con automovil, camioneta o furgoneta, conductor lesionado en accidente de transito",,018A,064A
V636,"Ocupante de vehiculo de transporte pesado lesionado por colision con automovil, camioneta o furgoneta, pasajero lesionado en accidente de transito",,,
V637,"Ocupante de vehiculo de transporte pesado lesionado por colision con automovil, camioneta o furgoneta, persona que viaja fuera del  vehiculo, lesionada en accidente de transito",,,
V639,"Ocupante de vehiculo de transporte pesado lesionado por colision con automovil, camioneta o furgoneta, ocupante no especificado de vehiculo de transporte pesado, lesionado en accidente de transito",,,
V640,"Ocupante de vehiculo de transporte pesado lesionado por colision con otro vehiculo de transporte pesado o autobus, conductor lesionado en accidente no de transito",,018A,064A
V641,"Ocupante de vehiculo de transporte pesado lesionado por colision con otro vehiculo de transporte pesado o autobus, pasajero lesionado en accidente no de transito",,,
V642,"Ocupante de vehiculo de transporte pesado lesionado por colision con otro vehiculo de transporte pesado o autobus, persona que viaja fuera del  vehiculo, lesionada en accidente no de transito",,,
V643,"Ocupante de vehiculo de transporte pesado lesionado por colision con otro vehiculo de transporte pesado o autobus, ocupante no especificado de vehiculo de transporte pesado lesionado en accidente no de transito",,,
V644,"Ocupante de vehiculo de transporte pesado lesionado por colision con otro vehiculo de transporte pesado o autobus, persona lesionada al subir o bajar del vehiculo",,,
V645,"Ocupante de vehiculo de transporte pesado lesionado por colision con otro vehiculo de transporte pesado o autobus, conductor lesionado en accidente de transito",,018A,064A
V646,"Ocupante de vehiculo de transporte pesado lesionado por colision con otro vehiculo de transporte pesado o autobus, pasajero lesionado en accidente de transito",,,
V647,"Ocupante de vehiculo de transporte pesado lesionado por colision con otro vehiculo de transporte pesado o autobus, persona que viaja fuera del vehiculo, lesionada en accidente de transito",,,
V649,"Ocupante de vehiculo de transporte pesado lesionado por colision con otro vehiculo de transporte pesado o autobus, ocupante no especificado de vehiculo de transporte pesado, lesionado en accidente de transito",,,
V650,"Ocupante de vehiculo de transporte pesado lesionado por colision con tren o vehiculo de rieles, conductor  lesionado en accidente no de transito",,018A,064A
V651,"Ocupante de vehiculo de transporte pesado lesionado por colision con tren o vehiculo de rieles, pasajero lesionado en accidente no de transito",,,
V652,"Ocupante de vehiculo de transporte pesado lesionado por colision con tren o vehiculo de rieles, persona que viaja fuera del  vehiculo, lesionada en accidente no de transito",,,
V653,"Ocupante de vehiculo de transporte pesado lesionado por colision con tren o vehiculo de rieles, ocupante no especificado de vehiculo de transporte pesado lesionado en accidente no de transito",,,
V654,"Ocupante de vehiculo de transporte pesado lesionado por colision con tren o vehiculo de rieles, persona lesionada al subir o bajar del vehiculo",,,
V655,"Ocupante de vehiculo de transporte pesado lesionado por colision con tren o vehiculo de rieles, conductor lesionado en accidente de transito",,018A,064A
V656,"Ocupante de vehiculo de transporte pesado lesionado por colision con tren o vehiculo de rieles, pasajero lesionado en accidente de transito",,,
V657,"Ocupante de vehiculo de transporte pesado lesionado por colision con tren o vehiculo de rieles, persona que viaja fuera del  vehiculo, lesionada en accidente de transito",,,
V659,"Ocupante de vehiculo de transporte pesado lesionado por colision con tren o vehiculo de rieles, ocupante no especificado de vehiculo de transporte pesado, lesionado en accidente de transito",,,
V660,"Ocupante de vehiculo de transporte pesado lesionado por colision con otros vehiculos sin motor, conductor lesionado en accidente no de transito",,018A,064A
V661,"Ocupante de vehiculo de transporte pesado lesionado por colision con otros vehiculos sin motor, pasajero lesionado en accidente no de transito",,,
V662,"Ocupante de vehiculo de transporte pesado lesionado por colision con otros vehiculos sin motor, persona que viaja fuera del  vehiculo, lesionada en  accidente no de transito",,,
V663,"Ocupante de vehiculo de transporte pesado lesionado por colision con otros vehiculos sin motor, ocupante no especificado, de vehiculo de transporte pesado lesionado en accidente no de transito",,,
V664,"Ocupante de vehiculo de transporte pesado lesionado por colision con otros vehiculos sin motor, persona lesionada al subir o bajar del vehiculo",,,
V665,"Ocupante de vehiculo de transporte pesado lesionado por colision con otros vehiculos sin motor, conductor lesionado en accidente de transito",,018A,064A
V666,"Ocupante de vehiculo de transporte pesado lesionado por colision con otros vehiculos sin motor, pasajero lesionado en accidente de transito",,,
V667,"Ocupante de vehiculo de transporte pesado lesionado por colision con otros vehiculos sin motor, persona que viaja fuera del  vehiculo, lesionada en  accidente de transito",,,
V669,"Ocupante de vehiculo de transporte pesado lesionado por colision con otros vehiculos sin motor, ocupante no especificado de vehiculo de transporte pesado, lesionado en accidente de transito",,,
V670,"Ocupante de vehiculo de transporte pesado lesionado por colision con objeto fijo o estacionado,  conductor lesionado en accidente no de transito",,018A,064A
V671,"Ocupante de vehiculo de transporte pesado lesionado por colision con objeto fijo o estacionado,  pasajero lesionado en accidente no de transito",,,
V672,"Ocupante de vehiculo de transporte pesado lesionado por colision con objeto fijo o estacionado,  persona que viaja fuera del  vehiculo, lesionada en accidente no de transito",,,
V673,"Ocupante de vehiculo de transporte pesado lesionado por colision con objeto fijo o estacionado,  ocupante no especificado de vehiculo de transporte pesado,  lesionado en accidente no de transito",,,
V674,"Ocupante de vehiculo de transporte pesado lesionado por colision con objeto fijo o estacionado,  persona lesionada al subir o bajar del vehiculo",,,
V675,"Ocupante de vehiculo de transporte pesado lesionado por colision con objeto fijo o estacionado,  conductor lesionado en accidente de transito",,018A,064A
V676,"Ocupante de vehiculo de transporte pesado lesionado por colision con objeto fijo o estacionado,  pasajero lesionado en accidente de transito",,,
V677,"Ocupante de vehiculo de transporte pesado lesionado por colision con objeto fijo o estacionado,  persona que  viaja fuera del vehiculo, lesionada en accidente de transito",,,
V679,"Ocupante de vehiculo de transporte pesado lesionado por colision con objeto fijo o estacionado, ocupante no especificado de vehiculo de transporte pesado, lesionado en accidente de transito",,,
V680,"Ocupante de vehiculo de transporte pesado lesionado en accidente de transporte sin colision, conductor lesionado en accidente no de transito",,018A,064A
V681,"Ocupante de vehiculo de transporte pesado lesionado en accidente de transporte sin colision, pasajero lesionado en accidente no de transito",,,
V682,"Ocupante de vehiculo de transporte pesado lesionado en accidente de transporte sin colision, persona que viaja fuera del  vehiculo, lesionada en accidente no de transito",,,
V683,"Ocupante de vehiculo de transporte pesado lesionado en accidente de transporte sin colision, ocupante no especificado de vehiculo de transporte pesado, lesionado en accidente no de transito",,,
V684,"Ocupante de vehiculo de transporte pesado lesionado en accidente de transporte sin colision, persona lesionada al subir o bajar del vehiculo",,,
V685,"Ocupante de vehiculo de transporte pesado lesionado en accidente de transporte sin colision, conductor lesionado en accidente de transito",,018A,064A
V686,"Ocupante de vehiculo de transporte pesado lesionado en accidente de transporte sin colision, pasajero lesionado en accidente de transito",,,
V687,"Ocupante de vehiculo de transporte pesado lesionado en accidente de transporte sin colision, persona que viaja fuera del  vehiculo, lesionada en accidente de transito",,,
V689,"Ocupante de vehiculo de transporte pesado lesionado en accidente de transporte sin colision, ocupante no especificado de vehiculo de transporte pesado, lesionado en accidente de transito",,,
V690,"Conductor de vehiculo de transporte pesado lesionado por colision con otros vehiculos de motor, y con los no especificados, en accidente no de transito",,018A,064A
V691,"Pasajero de vehiculo de transporte pesado lesionado por colision con otros vehiculos de motor, y con los no especificados, en accidente no de transito",,,
V692,"Ocupante no especificado de vehiculo de transporte pesado lesionado por colision con otros vehiculos de motor, y con los no especificados,  en accidente no de transito",,,
V693,"Ocupante [cualquiera] de vehiculo de transporte pesado lesionado en accidente no de transito, no especificado",,,
V694,"Conductor de vehiculo de transporte pesado lesionado por colision con otros vehiculos de motor, y con los no especificados, en accidente de transito",,018A,064A
V695,"Pasajero de vehiculo transporte pesado lesionado por colision con otros vehiculos de motor, y con los no especificados, en accidente de transito",,,
V696,"Ocupante no especificado de vehiculo de transporte pesado lesionado por colision con otros vehiculos de motor, y con los no especificados, en accidente de transito",,,
V698,Ocupante [cualquiera] de vehiculo de transporte pesado lesionado en otros accidentes de transporte especificados,,,
V699,Ocupante [cualquiera] de vehiculo de transporte pesado lesionado en accidente de transito no especificado,,,
V700,"Ocupante de autobus lesionado por colision con peaton o animal, conductor lesionado en accidente no de transito",,018A,064A
V701,"Ocupante de autobus lesionado por colision con peaton o animal, pasajero lesionado en accidente no de transito",,,
V702,"Ocupante de autobus lesionado por colision con peaton o animal, persona que viaja fuera del vehiculo, lesionada en accidente no de transito",,,
V703,"Ocupante de autobus lesionado por colision con peaton o animal, ocupante no especificado de autobus, lesionado en accidente no de transito",,,
V704,"Ocupante de autobus lesionado por colision con peaton o animal, persona lesionada al subir o bajar del vehiculo",,,
V705,"Ocupante de autobus lesionado por colision con peaton o animal, conductor lesionado en accidente de transito",,018A,064A
V706,"Ocupante de autobus lesionado por colision con peaton o animal, pasajero lesionado en accidente de transito",,,
V707,"Ocupante de autobus lesionado por colision con peaton o animal, persona que viaja fuera del vehiculo, lesionada en accidente de transito",,,
V709,"Ocupante de autobus lesionado por colision con peaton o animal, ocupante no especificado de autobus, lesionado en accidente de transito",,,
V710,"Ocupante de autobus lesionado por colision con vehiculo de pedal,  conductor lesionado en accidente no de transito",,018A,064A
V711,"Ocupante de autobus lesionado por colision con vehiculo de pedal,  pasajero lesionado en accidente no de transito",,,
V712,"Ocupante de autobus lesionado por colision con vehiculo de pedal,  persona que viaja fuera del vehiculo, lesionada en accidente no de transito",,,
V713,"Ocupante de autobus lesionado por colision con vehiculo de pedal,  ocupante no especificado de autobus, lesionado en accidente no de transito",,,
V714,"Ocupante de autobus lesionado por colision con vehiculo de pedal,  persona lesionada al subir o bajar del vehiculo",,,
V715,"Ocupante de autobus lesionado por colision con vehiculo de pedal,  conductor lesionado en accidente de transito",,018A,064A
V716,"Ocupante de autobus lesionado por colision con vehiculo de pedal,  pasajero lesionado en accidente de transito",,,
V717,"Ocupante de autobus lesionado por colision con vehiculo de pedal,  persona que viaja fuera del vehiculo, lesionada en accidente de transito",,,
V719,"Ocupante de autobus lesionado por colision con vehiculo de pedal,  ocupante no especificado de autobus, lesionado en accidente de transito",,,
V720,"Ocupante de autobus lesionado por colision con vehiculo de motor de dos o tres ruedas,   conductor lesionado en accidente no de transito",,018A,064A
V721,"Ocupante de autobus lesionado por colision con vehiculo de motor de dos o tres ruedas,   pasajero lesionado en accidente no de transito",,,
V722,"Ocupante de autobus lesionado por colision con vehiculo de motor de dos o tres ruedas,   persona que viaja fuera del vehiculo, lesionada en accidente no transito",,,
V723,"Ocupante de autobus lesionado por colision con vehiculo de motor de dos o tres ruedas,   ocupante no especificado de autobus, lesionado en accidente no de transito",,,
V724,"Ocupante de autobus lesionado por colision con vehiculo de motor de dos o tres ruedas,   persona lesionada al subir o bajar del vehiculo",,,
V725,"Ocupante de autobus lesionado por colision con vehiculo de motor de dos o tres ruedas,   conductor lesionado en accidente de transito",,018A,064A
V726,"Ocupante de autobus lesionado por colision con vehiculo de motor de dos o tres ruedas,   pasajero lesionado en accidente de transito",,,
V727,"Ocupante de autobus lesionado por colision con vehiculo de motor de dos o tres ruedas,   persona que viaja fuera del vehiculo, lesionada en accidente de transito",,,
V729,"Ocupante de autobus lesionado por colision con vehiculo de motor de dos o tres ruedas,   ocupante no especificado de autobus, lesionado en accidente de transito",,,
V730,"Ocupante de autobus lesionado por colision con automovil, camioneta o furgoneta, conductor lesionado en accidente no de transito",,018A,064A
V731,"Ocupante de autobus lesionado por colision con automovil, camioneta o furgoneta, pasajero lesionado en accidente no de transito",,,
V732,"Ocupante de autobus lesionado por colision con automovil, camioneta o furgoneta, persona que viaja  fuera del vehiculo lesionada en accidente no de transito",,,
V733,"Ocupante de autobus lesionado por colision con automovil, camioneta o furgoneta, ocupante no especificado de autobus, lesionado en accidente no de transito",,,
V734,"Ocupante de autobus lesionado por colision con automovil, camioneta o furgoneta, persona lesionada al subir o bajar del vehiculo",,,
V735,"Ocupante de autobus lesionado por colision con automovil, camioneta o furgoneta, conductor lesionado en accidente de transito",,018A,064A
V736,"Ocupante de autobus lesionado por colision con automovil, camioneta o furgoneta, pasajero lesionado en accidente de transito",,,
V737,"Ocupante de autobus lesionado por colision con automovil, camioneta o furgoneta, persona que viaja  fuera del vehiculo, lesionada en accidente de transito",,,
V739,"Ocupante de autobus lesionado por colision con automovil, camioneta o furgoneta, ocupante no especificado de autobus, lesionado en accidente de transito",,,
V740,"Ocupante de autobus lesionado por colision con vehiculo de transporte pesado o autobus, conductor lesionado en accidente no de transito",,018A,064A
V741,"Ocupante de autobus lesionado por colision con vehiculo de transporte pesado o autobus, pasajero lesionado en accidente no de transito",,,
V742,"Ocupante de autobus lesionado por colision con vehiculo de transporte pesado o autobus, persona que viaja  fuera del vehiculo, lesionada en accidente no de transito",,,
V743,"Ocupante de autobus lesionado por colision con vehiculo de transporte pesado o autobus, ocupante no especificado de autobus, lesionado en accidente no de transito",,,
V744,"Ocupante de autobus lesionado por colision con vehiculo de transporte pesado o autobus, persona lesionada al subir o bajar del vehiculo",,,
V745,"Ocupante de autobus lesionado por colision con vehiculo de transporte pesado o autobus, conductor lesionado en accidente de transito",,018A,064A
V746,"Ocupante de autobus lesionado por colision con vehiculo de transporte pesado o autobus, pasajero lesionado en accidente de transito",,,
V747,"Ocupante de autobus lesionado por colision con vehiculo de transporte pesado o autobus, persona que viaja  fuera del vehiculo lesionada en accidente de transito",,,
V749,"Ocupante de autobus lesionado por colision con vehiculo de transporte pesado o autobus, ocupante no especificado de autobus, lesionado en accidente de transito",,,
V750,"Ocupante de autobus lesionado por colision con tren o vehiculo de rieles, conductor lesionado en accidente no de transito",,018A,064A
V751,"Ocupante de autobus lesionado por colision con tren o vehiculo de rieles, pasajero lesionado en accidente no de transito",,,
V752,"Ocupante de autobus lesionado por colision con tren o vehiculo de rieles, persona que viaja  fuera del vehiculo, lesionada en  accidente no de transito",,,
V753,"Ocupante de autobus lesionado por colision con tren o vehiculo de rieles, ocupante no especificado de autobus, lesionado en accidente no de transito",,,
V754,"Ocupante de autobus lesionado por colision con tren o vehiculo de rieles, persona lesionada al subir o bajar del vehiculo",,,
V755,"Ocupante de autobus lesionado por colision con tren o vehiculo de rieles, conductor lesionado en accidente de transito",,018A,064A
V756,"Ocupante de autobus lesionado por colision con tren o vehiculo de rieles, pasajero lesionado en accidente de transito",,,
V757,"Ocupante de autobus lesionado por colision con tren o vehiculo de rieles, persona que viaja fuera del vehiculo, lesionada en  accidente de transito",,,
V759,"Ocupante de autobus lesionado por colision con tren o vehiculo de rieles, ocupante no especificado de autobus, lesionado en accidente de transito",,,
V760,"Ocupante de autobus lesionado por colision con otros vehiculos sin motor, conductor lesionado en accidente no de transito",,018A,064A
V761,"Ocupante de autobus lesionado por colision con otros vehiculos sin motor, pasajero lesionado en accidente no de transito",,,
V762,"Ocupante de autobus lesionado por colision con otros vehiculos sin motor, persona que viaja  fuera del vehiculo lesionada en accidente no de transito",,,
V763,"Ocupante de autobus lesionado por colision con otros vehiculos sin motor, ocupante no especificado de autobus, lesionado en accidente no de transito",,,
V764,"Ocupante de autobus lesionado por colision con otros vehiculos sin motor, persona lesionada al subir o bajar del vehiculo",,,
V765,"Ocupante de autobus lesionado por colision con otros vehiculos sin motor, conductor lesionado en accidente de transito",,018A,064A
V766,"Ocupante de autobus lesionado por colision con otros vehiculos sin motor, pasajero lesionado en accidente de transito",,,
V767,"Ocupante de autobus lesionado por colision con otros vehiculos sin motor, persona que viaja  fuera del vehiculo lesionada en accidente de transito",,,
V769,"Ocupante de autobus lesionado por colision con otros vehiculos sin motor, ocupante no especificado de autobus, lesionado en accidente de transito",,,
V770,"Ocupante de autobus lesionado por colision con objeto fijo o estacionado, conductor lesionado en accidente no de transito",,018A,064A
V771,"Ocupante de autobus lesionado por colision con objeto fijo o estacionado, pasajero lesionado en accidente no de transito",,,
V772,"Ocupante de autobus lesionado por colision con objeto fijo o estacionado, persona que viaja  fuera del  vehiculo lesionada en accidente no de transito",,,
V773,"Ocupante de autobus lesionado por colision con objeto fijo o estacionado, ocupante no especificado de autobus, lesionado en accidente no de transito",,,
V774,"Ocupante de autobus lesionado por colision con objeto fijo o estacionado, persona lesionada al subir  o bajar del vehiculo",,,
V775,"Ocupante de autobus lesionado por colision con objeto fijo o estacionado, conductor lesionado en accidente de transito",,018A,064A
V776,"Ocupante de autobus lesionado por colision con objeto fijo o estacionado, pasajero lesionado en accidente de transito",,,
V777,"Ocupante de autobus lesionado por colision con objeto fijo o estacionado, persona que viaja  fuera del vehiculo, lesionada en accidente de transito",,,
V779,"Ocupante de autobus lesionado por colision con objeto fijo o estacionado, ocupante no especificado de autobus, lesionado en accidente de transito",,,
V780,"Ocupante de autobus lesionado en accidente de transporte sin colision, conductor lesionado en accidente no de transito",,018A,064A
V781,"Ocupante de autobus lesionado en accidente de transporte o sin colision, pasajero lesionado en accidente no de transito",,,
V782,"Ocupante de autobus lesionado en accidente de transporte sin colision, persona que viaja  fuera del vehiculo lesionada en accidente no de transito",,,
V783,"Ocupante de autobus lesionado en accidente de transporte sin colision, ocupante no especificado de autobus, lesionado en accidente no de transito",,,
V784,"Ocupante de autobus lesionado en accidente de transporte sin colision, persona lesionada al subir o bajar del vehiculo",,,
V785,"Ocupante de autobus lesionado en accidente de transporte sin colision, conductor lesionado en accidente de transito",,018A,064A
V786,"Ocupante de autobus lesionado en accidente de transporte sin colision, pasajero lesionado en accidente de transito",,,
V787,"Ocupante de autobus lesionado en accidente de transporte sin colision, persona que viaja  fuera del vehiculo lesionada en accidente de transito",,,
V789,"Ocupante de autobus lesionado en accidente de transporte sin colision, ocupante no especificado de autobus, lesionado en accidente de transito",,,
V790,"Conductor de autobus lesionado por colision con otros vehiculos de motor, y con los no especificados en accidente no de transito",,018A,064A
V791,"Pasajero de autobus lesionado por colision con otros vehiculos de motor, y con los no especificados en accidente no de transito",,,
V792,"Ocupante no especificado de autobus lesionado por colision con otros vehiculos de motor, y con los no especificados en accidente no de transito",,,
V793,"Ocupante [cualquiera] de autobus lesionado en accidente no de transito, no especificado",,,
V794,"Conductor de autobus lesionado por colision con otros vehiculos  de motor, y con los no especificados en accidente de transito",,018A,064A
V795,"Pasajero de autobus lesionado por colision con otros vehiculos de motor, y con los no especificados, en accidente de transito",,,
V796,"Ocupante no especificado de autobus lesionado por colision con otros vehiculos de motor, y con los no especificados, en accidente de transito",,,
V798,Ocupante [cualquiera] de autobus lesionado en otros accidentes de transporte especificados,,,
V799,Ocupante [cualquiera] de autobus lesionado en accidente de transito no especificado,,,
V800,"Jinete u ocupante de vehiculo de traccion animal lesionado por caida (o por ser despedido) del animal o del vehiculo de traccion animal, en accidente sin colision",,,
V801,Jinete u ocupante de vehiculo de traccion animal lesionado por colision con peaton o animal,,,
V802,Jinete u ocupante de vehiculo de traccion animal lesionado por colision con vehiculo de pedal,,,
V803,Jinete u ocupante de vehiculo de traccion animal lesionado por colision con vehiculo de motor de dos o tres ruedas,,,
V804,"Jinete u ocupante de vehiculo de traccion animal lesionado por colision con automovil, camioneta o furgoneta, vehiculo de transporte pesado, o autobus",,,
V805,Jinete u ocupante de vehiculo de traccion animal lesionado por colision con otros vehiculos de motor especificados,,,
V806,Jinete u ocupante de vehiculo de traccion animal lesionado por colision con tren o vehiculo de rieles,,,
V807,Jinete u ocupante de vehiculo de traccion animal lesionado por colision con otros vehiculos sin motor,,,
V808,Jinete u ocupante de vehiculo de traccion animal lesionado por colision con objeto fijo o estacionado,,,
V809,"Jinete u ocupante de vehiculo de traccion animal lesionado en otros accidentes de transporte, y en los no especificados",,,
V810,"Ocupante de tren o vehiculo de rieles lesionado por colision con vehiculo de motor, en accidente no de transito",,,
V811,"Ocupante de tren o vehiculo de rieles lesionado por colision con vehiculo de motor, en accidente de transito",,,
V812,"Ocupante de tren o vehiculo de rieles lesionado por colision con, o golpeado por vagon",,,
V813,Ocupante de tren o vehiculo de rieles lesionado por colision con otros objetos,,,
V814,Persona lesionada al subir o bajar del tren o vehiculo de rieles,,,
V815,Ocupante de tren o vehiculo de rieles lesionado por caida dentro del tren o vehiculo de rieles,,,
V816,Ocupante de tren o vehiculo de rieles lesionado por caida desde el tren o vehiculo de rieles,,,
V817,Ocupante de tren o vehiculo de rieles lesionado en descarrilamiento sin colision anterior,,,
V818,Ocupante de tren o vehiculo de rieles lesionado en otros accidentes ferroviarios especificados,,,
V819,Ocupante de tren o vehiculo de rieles lesionado en accidente ferroviario no especificado,,,
V820,"Ocupante de tranvia lesionado por colision con vehiculo de motor, en accidente no de transito",,,
V821,"Ocupante de tranvia lesionado por colision con vehiculo de motor, en accidente  de transito",,,
V822,"Ocupante de tranvia lesionado por colision con, o golpeado por vagon",,,
V823,Ocupante de tranvia lesionado por colision con otros objetos,,,
V824,Persona lesionada al subir o bajar del tranvia,,,
V825,Ocupante de tranvia lesionado por caida dentro del tranvia,,,
V826,Ocupante de tranvia lesionado por caida desde el tranvia,,,
V827,"Ocupante de tranvia lesionado por descarrilamiento, sin colision anterior",,,
V828,"Ocupante de tranvia lesionado en otros accidentes de transporte, especificados",,,
V829,Ocupante de tranvia lesionado en accidente de transito no especificado,,,
V830,Conductor de vehiculo industrial especial lesionado en accidente de transito,,018A,064A
V831,Pasajero de vehiculo industrial especial lesionado en accidente de transito,,,
V832,Persona que viaja fuera de vehiculo industrial especial lesionada en accidente de transito,,,
V833,Ocupante no especificado de vehiculo industrial especial lesionado en accidente de transito,,,
V834,Persona lesionada al subir o bajar del vehiculo industrial especial,,,
V835,Conductor de vehiculo industrial especial lesionado en accidente no de transito,,018A,064A
V836,Pasajero de vehiculo industrial especial lesionado en accidente no de transito,,,
V837,Persona que viaja fuera del vehiculo industrial especial lesionada en accidente no de transito,,,
V839,Ocupante no especificado del vehiculo industrial especial lesionado en accidente no de transito,,,
V840,Conductor de vehiculo agricola especial lesionado en accidente de transito,,018A,064A
V841,Pasajero de vehiculo agricola especial lesionado en accidente de transito,,,
V842,Persona que viaja fuera del vehiculo agricola especial lesionada en accidente de transito,,,
V843,Ocupante no especificado de vehiculo agricola especial lesionado en accidente de transito,,,
V844,Persona lesionada al subir o bajar del vehiculo agricola especial,,,
V845,Conductor de vehiculo agricola especial lesionado en accidente no de transito,,018A,064A
V846,Pasajero de vehiculo agricola especial lesionado en accidente no de transito,,,
V847,Persona que viaja fuera del vehiculo agricola especial lesionada en accidente no de transito,,,
V849,Ocupante no especificado de vehiculo agricola especial lesionado en accidente no de transito,,,
V850,Conductor de vehiculo especial para construccion lesionado en accidente de transito,,018A,064A
V851,Pasajero de vehiculo especial para construccion lesionado en accidente de transito,,,
V852,Persona que viaja fuera del vehiculo especial para construccion lesionada en accidente de transito,,,
V853,Ocupante no especificado de vehiculo especial para construccion lesionado en accidente de transito,,,
V854,Persona lesionada al subir o bajar del vehiculo especial para construccion,,,
V855,Conductor de vehiculo especial para construccion lesionado en accidente no de transito,,018A,064A
V856,Pasajero de vehiculo especial para construccion lesionado en accidente no de transito,,,
V857,Persona que viaja fuera del vehiculo especial para construccion lesionada en accidente no de transito,,,
V859,Ocupante no especificado de vehiculo especial para construccion lesionado en accidente no de transito,,,
V860,Conductor de vehiculo para todo terreno o de otro vehiculo de motor para uso fuera de la carretera lesionado en accidente de transito,,018A,064A
V861,Pasajero de vehiculo para todo terreno o de otro vehiculo de motor para uso fuera de la carretera lesionado en accidente de transito,,,
V862,Persona que viaja  fuera del vehiculo para todo terreno o de otro vehiculo de motor para uso fuera de la carretera lesionada en accidente de transito,,,
V863,Ocupante no especificado de vehiculo para todo terreno o de otro vehiculo de motor para uso fuera de la carretera lesionado en accidente de transito,,,
V864,Persona lesionada en accidente de transito al subir o bajar de vehiculo para todo terreno o de otro vehiculo de motor para uso fuera de carretera,,,
V865,Conductor de vehiculo para todo terreno o de otro vehiculo de motor para uso fuera de la carretera lesionado en accidente no de transito,,018A,064A
V866,Pasajero de vehiculo para todo terreno o de otro vehiculo de motor para uso fuera de la carretera lesionado en accidente no de transito,,,
V867,Persona que viaja  fuera de vehiculo para todo terreno o de otro vehiculo motor para uso fuera de carretera lesionada en accidente no de transito,,,
V869,Ocupante no especificado de vehiculo para todo terreno o de otro vehiculo de motor para uso fuera de la carretera lesionado en accidente no de transito,,,
V870,Persona lesionada por colision entre automovil y vehiculo de motor de dos o tres ruedas (transito),,,
V871,Persona lesionada por colision entre otros vehiculos de motor y un vehiculo de motor de dos o tres ruedas (transito),,,
V872,Persona lesionada por colision entre automovil y camioneta o furgoneta (transito),,,
V873,Persona lesionada por colision entre automovil y autobus (transito),,,
V874,Persona lesionada por colision entre automovil y vehiculo de transporte pesado (transito),,,
V875,Persona lesionada por colision entre vehiculo de transporte pesado y autobus (transito),,,
V876,Persona lesionada por colision entre tren o vehiculo de rieles y automovil (transito),,,
V877,Persona lesionada por colision entre otros vehiculos de motor especificados (transito),,,
V878,Persona lesionada en otros accidentes especificados de transporte de vehiculo de motor sin colision (transito),,,
V879,Persona lesionada en otros accidentes especificados de transporte de vehiculo sin motor (con colision)(sin colision)(transito),,,
V880,"Persona lesionada por colision entre automovil y vehiculo de motor de dos o tres ruedas, no de transito",,,
V881,"Persona lesionada por colision entre otros vehiculos de motor y un vehiculo de motor de dos o tres ruedas, no de transito",,,
V882,"Persona lesionada por colision entre automovil y camioneta o furgoneta, no de transito",,,
V883,"Persona lesionada por colision entre automovil y autobus, no de transito",,,
V884,"Persona lesionada por colision entre automovil y vehiculo de transporte pesado, no de transito",,,
V885,"Persona lesionada por colision entre vehiculo de transporte  pesado y autobus, no de transito",,,
V886,"Persona lesionada por colision entre tren o vehiculo de rieles y automovil, no de transito",,,
V887,"Persona lesionada por colision entre otros vehiculos de motor especificados, no de transito",,,
V888,"Persona lesionada en otros accidentes especificados de transporte de vehiculo de motor sin colision, no de transito",,,
V889,"Persona lesionada en otros accidentes especificados de transporte de vehiculo sin motor (con colision)(sin colision), no de transito",,,
V890,"Persona lesionada en accidente no de transito, de vehiculo de motor no especificado",,,
V891,"Persona lesionada en accidente no de transito, de vehiculo sin motor no especificado",,,
V892,"Persona lesionada en accidente de transito, de vehiculo de motor no especificado",,,
V893,"Persona lesionada en accidente de transito, de vehiculo sin motor no especificado",,,
V899,Persona lesionada en accidente de vehiculo no especificado,,,
V900,"Accidente de embarcacion que causa ahogamiento y sumersion, barco mercante",,,
V901,"Accidente de embarcacion que causa ahogamiento y sumersion, barco de pasajeros",,,
V902,"Accidente de embarcacion que causa ahogamiento y sumersion, bote de pesca",,,
V903,"Accidente de embarcacion que causa ahogamiento y sumersion, otro vehiculo acuatico con motor",,,
V904,"Accidente de embarcacion que causa ahogamiento y sumersion, velero",,,
V905,"Accidente de embarcacion que causa ahogamiento y sumersion, canoa o kayac",,,
V906,"Accidente de embarcacion que causa ahogamiento y sumersion, balsa inflable (sin motor)",,,
V907,"Accidente de embarcacion que causa ahogamiento y sumersion, esqui acuatico",,,
V908,"Accidente de embarcacion que causa ahogamiento y sumersion, otro vehiculo acuatico sin motor",,,
V909,"Accidente de embarcacion que causa ahogamiento y sumersion, vehiculo acuatico no especificado",,,
V910,"Accidente de embarcacion que causa otros tipos de traumatismo, barco mercante",,,
V911,"Accidente de embarcacion que causa otros tipos de traumatismo, barco de pasajeros",,,
V912,"Accidente de embarcacion que causa otros tipos de traumatismo, bote de pesca",,,
V913,"Accidente de embarcacion que causa otros tipos de traumatismo, otro vehiculo acuatico con motor",,,
V914,"Accidente de embarcacion que causa otros tipos de traumatismo, velero",,,
V915,"Accidente de embarcacion que causa otros tipos de traumatismo, canoa o kayak",,,
V916,"Accidente de embarcacion que causa otros tipos de traumatismo, balsa inflable (sin motor)",,,
V917,"Accidente de embarcacion que causa otros tipos de traumatismo, esqui acuatico",,,
V918,"Accidente de embarcacion que causa otros tipos de traumatismo, otro vehiculo acuatico sin motor",,,
V919,"Accidente de embarcacion que causa otros tipos de traumatismo, vehiculo acuatico no especificado",,,
V920,"Ahogamiento y sumersion relacionados con transporte por agua, sin accidente a la embarcacion, barco mercante",,,
V921,"Ahogamiento y sumersion relacionados con transporte por agua, sin accidente a la embarcacion, barco de pasajeros",,,
V922,"Ahogamiento y sumersion relacionados con transporte por agua, sin accidente a la embarcacion, bote de pesca",,,
V923,"Ahogamiento y sumersion relacionados con transporte por agua, sin accidente a la embarcacion, otro vehiculo acuatico con motor",,,
V924,"Ahogamiento y sumersion relacionados con transporte por agua, sin accidente a la embarcacion, velero",,,
V925,"Ahogamiento y sumersion relacionados con transporte por agua, sin accidente a la embarcacion, canoa o kayak",,,
V926,"Ahogamiento y sumersion relacionados con transporte por agua, sin accidente a la embarcacion, balsa inflable (sin motor)",,,
V927,"Ahogamiento y sumersion relacionados con transporte por agua, sin accidente a la embarcacion, esqui acuatico",,,
V928,"Ahogamiento y sumersion relacionados con transporte por agua, sin accidente a la embarcacion, otro vehiculo acuatico sin motor",,,
V929,"Ahogamiento y sumersion relacionados con transporte por agua, sin accidente a la embarcacion, vehiculo acuatico no especificado",,,
V930,"Accidente en una embarcacion, sin accidente a la embarcacion, que no causa ahogamiento o sumersion, barco mercante",,,
V931,"Accidente en una embarcacion, sin accidente a la embarcacion, que no causa ahogamiento o sumersion, barco de pasajeros",,,
V932,"Accidente en una embarcacion, sin accidente a la embarcacion, que no causa ahogamiento o sumersion, bote de pesca",,,
V933,"Accidente en una embarcacion, sin accidente a la embarcacion, que no causa ahogamiento o  sumersion, otro vehiculo acuatico con motor",,,
V934,"Accidente en una embarcacion, sin accidente a la embarcacion, que no causa ahogamiento o  sumersion, velero",,,
V935,"Accidente en una embarcacion, sin accidente a la embarcacion, que no causa ahogamiento o sumersion, canoa o kayak",,,
V936,"Accidente en una embarcacion, sin accidente a la embarcacion, que no causa ahogamiento o  sumersion, balsa inflable (sin motor)",,,
V937,"Accidente en una embarcacion, sin accidente a la embarcacion, que no causa ahogamiento o sumersion, esqui acuatico",,,
V938,"Accidente en una embarcacion, sin accidente a la embarcacion, que no causa ahogamiento o sumersion, otro vehiculo acuatico sin motor",,,
V939,"Accidente en una embarcacion, sin accidente a la embarcacion, que no causa ahogamiento o sumersion, vehiculo acuatico no especificado",,,
V940,"Otros accidentes de transporte por agua, y los no especificados, barco mercante",,,
V941,"Otros accidentes de transporte por agua, y los no especificados, barco de pasajeros",,,
V942,"Otros accidentes de transporte por agua, y los no especificados, bote de pesca",,,
V943,"Otros accidentes de transporte por agua, y los no especificados, otro vehiculo acuatico con motor",,,
V944,"Otros accidentes de transporte por agua, y los no especificados, velero",,,
V945,"Otros accidentes de transporte por agua, y los no especificados, canoa o kayak",,,
V946,"Otros accidentes de transporte por agua, y los no especificados, balsa inflable (sin motor)",,,
V947,"Otros accidentes de transporte por agua, y los no especificados, esqui acuatico",,,
V948,"Otros accidentes de transporte por agua, y los no especificados, otro vehiculo acuatico sin motor",,,
V949,"Otros accidentes de transporte por agua, y los no especificados, vehiculo acuatico no especificado",,,
V950,Accidente de helicoptero con ocupante lesionado,,,
V951,"Accidente de planeador ultra liviano, micro liviano o motorizado, con ocupante lesionado",,,
V952,"Accidente de otros vehiculos aereos de alas fijas, privados, con ocupante lesionado",,,
V953,"Accidente de vehiculo aereo de alas fijas, comercial, con ocupante lesionado",,,
V954,"Accidente de nave espacial, con ocupante lesionado",,,
V958,"Accidente de otras aeronaves, con ocupante lesionado",,,
V959,"Accidente de aeronave no especificada, con ocupante lesionado",,,
V960,"Accidente de globo aerostatico, con ocupante lesionado",,,
V961,"Accidente de ala delta, con ocupante lesionado",,,
V962,"Accidente de planeador (sin motor), con ocupante lesionado",,,
V968,"Accidente de otras aeronaves sin motor, con ocupante lesionado",,,
V969,"Accidente de aeronave sin motor no especificada, con ocupante lesionado",,,
V970,Ocupante de aeronave lesionado en otros accidentes especificados de transporte aereo,,,
V971,Persona lesionada al subir o bajar de una aeronave,,,
V972,Paracaidista lesionado en accidente de transporte aereo,,,
V973,Persona en tierra lesionada por accidente de transporte aereo,,,
V978,"Otros accidentes de transporte aereo, no clasificados en otra parte",,,
V98X,Otros accidentes de transporte especificados,,,
V99X,Accidente de transporte no especificado,,,
W000,"Caida en el mismo nivel por hielo o nieve, vivienda",,,
W001,"Caida en el mismo nivel por hielo o nieve, institucion residencial",,,
W002,"Caida en el mismo nivel por hielo o nieve, escuelas, otras instituciones y areas administrativas publicas",,,
W003,"Caida en el mismo nivel por hielo o nieve, areas de deporte y atletismo",,,
W004,"Caida en el mismo nivel por hielo o nieve, calles y carreteras",,,
W005,"Caida en el mismo nivel por hielo o nieve, comercio y area de servicios",,,
W006,"Caida en el mismo nivel por hielo o nieve, area industrial y de la construccion",,,
W007,"Caida en el mismo nivel por hielo o nieve, granja",,,
W008,"Caida en el mismo nivel por hielo o nieve, otro lugar especificado",,,
W009,"Caida en el mismo nivel por hielo o nieve, lugar no especificado",,,
W010,"Caida en el mismo nivel por deslizamiento, tropezon y traspie, vivienda",,,
W011,"Caida en el mismo nivel por deslizamiento, tropezon y traspie, institucion residencial",,,
W012,"Caida en el mismo nivel por deslizamiento, tropezon y traspie, escuelas, otras instituciones y areas administrativas publicas",,,
W013,"Caida en el mismo nivel por deslizamiento, tropezon y traspie, areas de deporte y atletismo",,,
W014,"Caida en el mismo nivel por deslizamiento, tropezon y traspie, calles y carreteras",,,
W015,"Caida en el mismo nivel por deslizamiento, tropezon y traspie, comercio y area de servicios",,,
W016,"Caida en el mismo nivel por deslizamiento, tropezon y traspie, area industrial y de la construccion",,,
W017,"Caida en el mismo nivel por deslizamiento, tropezon y traspie, granja",,,
W018,"Caida en el mismo nivel por deslizamiento, tropezon y traspie, otro lugar especificado",,,
W019,"Caida en el mismo nivel por deslizamiento, tropezon y traspie, lugar no especificado",,,
W020,"Caida por patines para hielo, esquis, patines de ruedas o patineta, vivienda",,,
W021,"Caida por patines para hielo, esquis, patines de ruedas o patineta, institucion residencial",,,
W022,"Caida por patines para hielo, esquis, patines de ruedas o patineta, escuelas, otras instituciones y areas administrativas publicas",,,
W023,"Caida por patines para hielo, esquis, patines de ruedas o patineta, areas de deporte y atletismo",,,
W024,"Caida por patines para hielo, esquis, patines de ruedas o patineta, calles y carreteras",,,
W025,"Caida por patines para hielo, esquis, patines de ruedas o patineta, comercio y area de servicios",,,
W026,"Caida por patines para hielo, esquis, patines de ruedas o patineta, area industrial y de la construccion",,,
W027,"Caida por patines para hielo, esquis, patines de ruedas o patineta, granja",,,
W028,"Caida por patines para hielo, esquis, patines de ruedas o patineta, otro lugar especificado",,,
W029,"Caida por patines para hielo, esquis, patines de ruedas o patineta, lugar no especificado",,,
W030,"Otras caidas en el mismo nivel por colision con o por empujon de otra persona, vivienda",,,
W031,"Otras caidas en el mismo nivel por colision con o por empujon de otra persona, institucion residencial",,,
W032,"Otras caidas en el mismo nivel por colision con o por empujon de otra persona, escuelas, otras instituciones y areas administrativas publicas",,,
W033,"Otras caidas en el mismo nivel por colision con o por empujon de otra persona, areas de deporte y atletismo",,,
W034,"Otras caidas en el mismo nivel por colision con o por empujon de otra persona, calles y carreteras",,,
W035,"Otras caidas en el mismo nivel por colision con o por empujon de otra persona, comercio y area de servicios",,,
W036,"Otras caidas en el mismo nivel por colision con o por empujon de otra persona, area industrial y de la construccion",,,
W037,"Otras caidas en el mismo nivel por colision con o por empujon de otra persona, granja",,,
W038,"Otras caidas en el mismo nivel por colision con o por empujon de otra persona, otro lugar especificado",,,
W039,"Otras caidas en el mismo nivel por colision con o por empujon de otra persona, lugar no especificado",,,
W040,"Caida al ser trasladado o sostenido por otras personas, vivienda",,,
W041,"Caida al ser trasladado o sostenido por otras personas, institucion residencial",,,
W042,"Caida al ser trasladado o sostenido por otras personas, escuelas, otras instituciones y areas administrativas publicas",,,
W043,"Caida al ser trasladado o sostenido por otras personas, areas de deporte y atletismo",,,
W044,"Caida al ser trasladado o sostenido por otras personas, calles y carreteras",,,
W045,"Caida al ser trasladado o sostenido por otras personas, comercio y area de servicios",,,
W046,"Caida al ser trasladado o sostenido por otras personas, area industrial y de la construccion",,,
W047,"Caida al ser trasladado o sostenido por otras personas, granja",,,
W048,"Caida al ser trasladado o sostenido por otras personas, otro lugar especificado",,,
W049,"Caida al ser trasladado o sostenido por otras personas, lugar no especificado",,,
W050,"Caida que implica silla de ruedas, vivienda",,,
W051,"Caida que implica silla de ruedas, institucion residencial",,,
W052,"Caida que implica silla de ruedas, escuelas, otras instituciones y areas administrativas publicas",,,
W053,"Caida que implica silla de ruedas, areas de deporte y atletismo",,,
W054,"Caida que implica silla de ruedas, calles y carreteras",,,
W055,"Caida que implica silla de ruedas, comercio y area de servicios",,,
W056,"Caida que implica silla de ruedas, area industrial y de la construccion",,,
W057,"Caida que implica silla de ruedas, granja",,,
W058,"Caida que implica silla de ruedas, otro lugar especificado",,,
W059,"Caida que implica silla de ruedas, lugar no especificado",,,
W060,"Caida que implica cama, vivienda",,,
W061,"Caida que implica cama, institucion residencial",,,
W062,"Caida que implica cama, escuelas, otras instituciones y areas administrativas publicas",,,
W063,"Caida que implica cama, areas de deporte y atletismo",,,
W064,"Caida que implica cama, calles y carreteras",,,
W065,"Caida que implica cama, comercio y area de servicios",,,
W066,"Caida que implica cama, area industrial y de la construccion",,,
W067,"Caida que implica cama, granja",,,
W068,"Caida que implica cama, otro lugar especificado",,,
W069,"Caida que implica cama, lugar no especificado",,,
W070,"Caida que implica silla, vivienda",,,
W071,"Caida que implica silla, institucion residencial",,,
W072,"Caida que implica silla, escuelas, otras instituciones y areas administrativas publicas",,,
W073,"Caida que implica silla, areas de deporte y atletismo",,,
W074,"Caida que implica silla, calles y carreteras",,,
W075,"Caida que implica silla, comercio y area de servicios",,,
W076,"Caida que implica silla, area industrial y de la construccion",,,
W077,"Caida que implica silla, granja",,,
W078,"Caida que implica silla, otro lugar especificado",,,
W079,"Caida que implica silla, lugar no especificado",,,
W080,"Caida que implica otro mueble, vivienda",,,
W081,"Caida que implica otro mueble, institucion residencial",,,
W082,"Caida que implica otro mueble, escuelas, otras instituciones y areas administrativas publicas",,,
W083,"Caida que implica otro mueble, areas de deporte y atletismo",,,
W084,"Caida que implica otro mueble, calles y carreteras",,,
W085,"Caida que implica otro mueble, comercio y area de servicios",,,
W086,"Caida que implica otro mueble, area industrial y de la construccion",,,
W087,"Caida que implica otro mueble, granja",,,
W088,"Caida que implica otro mueble, otro lugar especificado",,,
W089,"Caida que implica otro mueble, lugar no especificado",,,
W090,"Caida que implica equipos para juegos infantiles, vivienda",,,
W091,"Caida que implica equipos para juegos infantiles, institucion residencial",,,
W092,"Caida que implica equipos para juegos infantiles, escuelas, otras instituciones y areas administrativas publicas",,,
W093,"Caida que implica equipos para juegos infantiles, areas de deporte y atletismo",,,
W094,"Caida que implica equipos para juegos infantiles, calles y carreteras",,,
W095,"Caida que implica equipos para juegos infantiles, comercio y area de servicios",,,
W096,"Caida que implica equipos para juegos infantiles, area industrial y de la construccion",,,
W097,"Caida que implica equipos para juegos infantiles, granja",,,
W098,"Caida que implica equipos para juegos infantiles, otro lugar especificado",,,
W099,"Caida que implica equipos para juegos infantiles, lugar no especificado",,,
W100,"Caida en o desde escalera y escalones, vivienda",,,
W101,"Caida en o desde escalera y escalones, institucion residencial",,,
W102,"Caida en o desde escalera y escalones, escuelas, otras instituciones y areas administrativas publicas",,,
W103,"Caida en o desde escalera y escalones, areas de deporte y atletismo",,,
W104,"Caida en o desde escalera y escalones, calles y carreteras",,,
W105,"Caida en o desde escalera y escalones, comercio y area de servicios",,,
W106,"Caida en o desde escalera y escalones, area industrial y de la construccion",,,
W107,"Caida en o desde escalera y escalones, granja",,,
W108,"Caida en o desde escalera y escalones, otro lugar especificado",,,
W109,"Caida en o desde escalera y escalones, lugar no especificado",,,
W110,"Caida en o desde escaleras manuales, vivienda",,,
W111,"Caida en o desde escaleras manuales, institucion residencial",,,
W112,"Caida en o desde escaleras manuales, escuelas, otras instituciones y areas administrativas publicas",,,
W113,"Caida en o desde escaleras manuales, areas de deporte y atletismo",,,
W114,"Caida en o desde escaleras manuales, calles y carreteras",,,
W115,"Caida en o desde escaleras manuales, comercio y area de servicios",,,
W116,"Caida en o desde escaleras manuales, area industrial y de la construccion",,,
W117,"Caida en o desde escaleras manuales, granja",,,
W118,"Caida en o desde escaleras manuales, otro lugar especificado",,,
W119,"Caida en o desde escaleras manuales, lugar no especificado",,,
W120,"Caida en o desde andamio, vivienda",,,
W121,"Caida en o desde andamio, institucion residencial",,,
W122,"Caida en o desde andamio, escuelas, otras instituciones y areas administrativas publicas",,,
W123,"Caida en o desde andamio, areas de deporte y atletismo",,,
W124,"Caida en o desde andamio, calles y carreteras",,,
W125,"Caida en o desde andamio, comercio y area de servicios",,,
W126,"Caida en o desde andamio, area industrial y de la construccion",,,
W127,"Caida en o desde andamio, granja",,,
W128,"Caida en o desde andamio, otro lugar especificado",,,
W129,"Caida en o desde andamio, lugar no especificado",,,
W130,"Caida desde, fuera o a traves de un edificio u otra construccion, vivienda",,,
W131,"Caida desde, fuera o a traves de un edificio u otra construccion, institucion residencial",,,
W132,"Caida desde, fuera o a traves de un edificio u otra construccion, escuelas, otras instituciones y areas administrativas publicas",,,
W133,"Caida desde, fuera o a traves de un edificio u otra construccion, areas de deporte y atletismo",,,
W134,"Caida desde, fuera o a traves de un edificio u otra construccion, calles y carreteras",,,
W135,"Caida desde, fuera o a traves de un edificio u otra construccion, comercio y area de servicios",,,
W136,"Caida desde, fuera o a traves de un edificio u otra construccion, area industrial y de la construccion",,,
W137,"Caida desde, fuera o a traves de un edificio u otra construccion, granja",,,
W138,"Caida desde, fuera o a traves de un edificio u otra construccion, otro lugar especificado",,,
W139,"Caida desde, fuera o a traves de un edificio u otra construccion, lugar no especificado",,,
W140,"Caida desde un arbol, vivienda",,,
W141,"Caida desde un arbol, institucion residencial",,,
W142,"Caida desde un arbol, escuelas, otras instituciones y areas administrativas publicas",,,
W143,"Caida desde un arbol, areas de deporte y atletismo",,,
W144,"Caida desde un arbol, calles y carreteras",,,
W145,"Caida desde un arbol, comercio y area de servicios",,,
W146,"Caida desde un arbol, area industrial y de la construccion",,,
W147,"Caida desde un arbol, granja",,,
W148,"Caida desde un arbol, otro lugar especificado",,,
W149,"Caida desde un arbol, lugar no especificado",,,
W150,"Caida desde penasco, vivienda",,,
W151,"Caida desde penasco, institucion residencial",,,
W152,"Caida desde penasco, escuelas, otras instituciones y areas administrativas publicas",,,
W153,"Caida desde penasco, areas de deporte y atletismo",,,
W154,"Caida desde penasco, calles y carreteras",,,
W155,"Caida desde penasco, comercio y area de servicios",,,
W156,"Caida desde penasco, area industrial y de la construccion",,,
W157,"Caida desde penasco, granja",,,
W158,"Caida desde penasco, otro lugar especificado",,,
W159,"Caida desde penasco, lugar no especificado",,,
W160,"Salto o zambullida dentro del agua que causa otro traumatismo sin sumersion o ahogamiento, vivienda",,,
W161,"Salto o zambullida dentro del agua que causa otro traumatismo sin sumersion o ahogamiento, institucion residencial",,,
W162,"Salto o zambullida dentro del agua que causa otro traumatismo sin sumersion o ahogamiento, escuelas, otras instituciones y areas administrativas publicas",,,
W163,"Salto o zambullida dentro del agua que causa otro traumatismo sin sumersion o ahogamiento, areas de deporte y atletismo",,,
W164,"Salto o zambullida dentro del agua que causa otro traumatismo sin sumersion o ahogamiento, calles y carreteras",,,
W165,"Salto o zambullida dentro del agua que causa otro traumatismo sin sumersion o ahogamiento, comercio y area de servicios",,,
W166,"Salto o zambullida dentro del agua que causa otro traumatismo sin sumersion o ahogamiento, area industrial y de la construccion",,,
W167,"Salto o zambullida dentro del agua que causa otro traumatismo sin sumersion o ahogamiento, granja",,,
W168,"Salto o zambullida dentro del agua que causa otro traumatismo sin sumersion o ahogamiento, otro lugar especificado",,,
W169,"Salto o zambullida dentro del agua que causa otro traumatismo sin sumersion o ahogamiento, lugar no especificado",,,
W170,"Otras caidas de un nivel a otro, vivienda",,,
W171,"Otras caidas de un nivel a otro, institucion residencial",,,
W172,"Otras caidas de un nivel a otro, escuelas, otras instituciones y areas administrativas publicas",,,
W173,"Otras caidas de un nivel a otro, areas de deporte y atletismo",,,
W174,"Otras caidas de un nivel a otro, calles y carreteras",,,
W175,"Otras caidas de un nivel a otro, comercio y area de servicios",,,
W176,"Otras caidas de un nivel a otro, area industrial y de la construccion",,,
W177,"Otras caidas de un nivel a otro, granja",,,
W178,"Otras caidas de un nivel a otro, otro lugar especificado",,,
W179,"Otras caidas de un nivel a otro, lugar no especificado",,,
W180,"Otras caidas en el mismo nivel, vivienda",,,
W181,"Otras caidas en el mismo nivel, institucion residencial",,,
W182,"Otras caidas en el mismo nivel, escuelas, otras instituciones y areas administrativas publicas",,,
W183,"Otras caidas en el mismo nivel, areas de deporte y atletismo",,,
W184,"Otras caidas en el mismo nivel, calles y carreteras",,,
W185,"Otras caidas en el mismo nivel, comercio y area de servicios",,,
W186,"Otras caidas en el mismo nivel, area industrial y de la construccion",,,
W187,"Otras caidas en el mismo nivel, granja",,,
W188,"Otras caidas en el mismo nivel, otro lugar especificado",,,
W189,"Otras caidas en el mismo nivel, lugar no especificado",,,
W190,"Caida no especificada, vivienda",,,
W191,"Caida no especificada, institucion residencial",,,
W192,"Caida no especificada, escuelas, otras instituciones y areas administrativas publicas",,,
W193,"Caida no especificada, areas de deporte y atletismo",,,
W194,"Caida no especificada, calles y carreteras",,,
W195,"Caida no especificada, comercio y area de servicios",,,
W196,"Caida no especificada, area industrial y de la construccion",,,
W197,"Caida no especificada, granja",,,
W198,"Caida no especificada, otro lugar especificado",,,
W199,"Caida no especificada, lugar no especificado",,,
W200,"Golpe por objeto arrojado, proyectado o que cae, vivienda",,,
W201,"Golpe por objeto arrojado, proyectado o que cae, institucion residencial",,,
W202,"Golpe por objeto arrojado, proyectado o que cae, escuelas, otras instituciones y areas administrativas  publicas",,,
W203,"Golpe por objeto arrojado, proyectado o que cae, areas de deporte y atletismo",,,
W204,"Golpe por objeto arrojado, proyectado o que cae, calles y carreteras",,,
W205,"Golpe por objeto arrojado, proyectado o que cae, comercio y area de servicios",,,
W206,"Golpe por objeto arrojado, proyectado o que cae, area industrial y de la construccion",,,
W207,"Golpe por objeto arrojado, proyectado o que cae, granja",,,
W208,"Golpe por objeto arrojado, proyectado o que cae, otro lugar especificado",,,
W209,"Golpe por objeto arrojado, proyectado o que cae, lugar no especificado",,,
W210,"Golpe contra o golpeado por equipo para deportes, vivienda",,,
W211,"Golpe contra o golpeado por equipo para deportes, institucion residencial",,,
W212,"Golpe contra o golpeado por equipo para deportes, escuelas, otras instituciones y areas administrativas  publicas",,,
W213,"Golpe contra o golpeado por equipo para deportes, areas de deporte y atletismo",,,
W214,"Golpe contra o golpeado por equipo para deportes, calles y carreteras",,,
W215,"Golpe contra o golpeado por equipo para deportes, comercio y area de servicios",,,
W216,"Golpe contra o golpeado por equipo para deportes, area industrial y de la construccion",,,
W217,"Golpe contra o golpeado por equipo para deportes, granja",,,
W218,"Golpe contra o golpeado por equipo para deportes, otro lugar especificado",,,
W219,"Golpe contra o golpeado por equipo para deportes, lugar no especificado",,,
W220,"Golpe contra o golpeado por otros objetos, vivienda",,,
W221,"Golpe contra o golpeado por otros objetos, institucion residencial",,,
W222,"Golpe contra o golpeado por otros objetos, escuelas, otras instituciones y areas administrativas  publicas",,,
W223,"Golpe contra o golpeado por otros objetos, areas de deporte y atletismo",,,
W224,"Golpe contra o golpeado por otros objetos, calles y carreteras",,,
W225,"Golpe contra o golpeado por otros objetos, comercio y area de servicios",,,
W226,"Golpe contra o golpeado por otros objetos, area industrial y de la construccion",,,
W227,"Golpe contra o golpeado por otros objetos, granja",,,
W228,"Golpe contra o golpeado por otros objetos, otro lugar especificado",,,
W229,"Golpe contra o golpeado por otros objetos, lugar no especificado",,,
W230,"Atrapado, aplastado, trabado o apretado en o entre objetos, vivienda",,,
W231,"Atrapado, aplastado, trabado o apretado en o entre objetos, institucion residencial",,,
W232,"Atrapado, aplastado, trabado o apretado en o entre objetos, escuelas, otras instituciones y areas administrativas publicas",,,
W233,"Atrapado, aplastado, trabado o apretado en o entre objetos, areas de deporte y atletismo",,,
W234,"Atrapado, aplastado, trabado o apretado en o entre objetos, calles y carreteras",,,
W235,"Atrapado, aplastado, trabado o apretado en o entre objetos, comercio y area de servicios",,,
W236,"Atrapado, aplastado, trabado o apretado en o entre objetos, area industrial y de la construccion",,,
W237,"Atrapado, aplastado, trabado o apretado en o entre objetos, granja",,,
W238,"Atrapado, aplastado, trabado o apretado en o entre objetos, otro lugar especificado",,,
W239,"Atrapado, aplastado, trabado o apretado en o entre objetos, lugar no especificado",,,
W240,"Contacto traumatico con dispositivos de elevacion y transmision, no clasificados en otra parte, vivienda",,,
W241,"Contacto traumatico con dispositivos de elevacion y transmision, no clasificados en otra parte, institucion residencial",,,
W242,"Contacto traumatico con dispositivos de elevacion y transmision, no clasificados en otra parte, escuelas, otras instituciones y areas administrativas  publicas",,,
W243,"Contacto traumatico con dispositivos de elevacion y transmision, no clasificados en otra parte, areas de deporte y atletismo",,,
W244,"Contacto traumatico con dispositivos de elevacion y transmision, no clasificados en otra parte, calles y carreteras",,,
W245,"Contacto traumatico con dispositivos de elevacion y transmision, no clasificados en otra parte, comercio y area de servicios",,,
W246,"Contacto traumatico con dispositivos de elevacion y transmision, no clasificados en otra parte, area industrial y de la construccion",,,
W247,"Contacto traumatico con dispositivos de elevacion y transmision, no clasificados en otra parte, granja",,,
W248,"Contacto traumatico con dispositivos de elevacion y transmision, no clasificados en otra parte, otro lugar especificado",,,
W249,"Contacto traumatico con dispositivos de elevacion y transmision, no clasificados en otra parte, lugar no especificado",,,
W250,"Contacto traumatico con vidrio cortante, vivienda",,,
W251,"Contacto traumatico con vidrio cortante, institucion residencial",,,
W252,"Contacto traumatico con vidrio cortante, escuelas, otras instituciones y areas administrativas publicas",,,
W253,"Contacto traumatico con vidrio cortante, areas de deporte y atletismo",,,
W254,"Contacto traumatico con vidrio cortante, calles y carreteras",,,
W255,"Contacto traumatico con vidrio cortante, comercio y area de servicios",,,
W256,"Contacto traumatico con vidrio cortante, area industrial y de la construccion",,,
W257,"Contacto traumatico con vidrio cortante, granja",,,
W258,"Contacto traumatico con vidrio cortante, otro lugar especificado",,,
W259,"Contacto traumatico con vidrio cortante, lugar no especificado",,,
W260,"Contacto traumatico con cuchillo, espada, daga o punal, vivienda",,,
W261,"Contacto traumatico con cuchillo, espada, daga o punal, institucion residencial",,,
W262,"Contacto traumatico con cuchillo, espada, daga o punal, escuelas, otras instituciones y areas administrativas publicas",,,
W263,"Contacto traumatico con cuchillo, espada, daga o punal, areas de deporte y atletismo",,,
W264,"Contacto traumatico con cuchillo, espada, daga o punal, calles y carreteras",,,
W265,"Contacto traumatico con cuchillo, espada, daga o punal, comercio y area de servicios",,,
W266,"Contacto traumatico con cuchillo, espada, daga o punal, area industrial y de la construccion",,,
W267,"Contacto traumatico con cuchillo, espada, daga o punal, granja",,,
W268,"Contacto traumatico con cuchillo, espada, daga o punal, otro lugar especificado",,,
W269,"Contacto traumatico con cuchillo, espada, daga o punal, lugar no especificado",,,
W270,"Contacto traumatico con herramientas manuales sin motor, vivienda",,,
W271,"Contacto traumatico con herramientas manuales sin motor, institucion residencial",,,
W272,"Contacto traumatico con herramientas manuales sin motor, escuelas, otras instituciones y areas administrativas publicas",,,
W273,"Contacto traumatico con herramientas manuales sin motor, areas de deporte y atletismo",,,
W274,"Contacto traumatico con herramientas manuales sin motor, calles y carreteras",,,
W275,"Contacto traumatico con herramientas manuales sin motor, comercio y area de servicios",,,
W276,"Contacto traumatico con herramientas manuales sin motor, area industrial y de la construccion",,,
W277,"Contacto traumatico con herramientas manuales sin motor, granja",,,
W278,"Contacto traumatico con herramientas manuales sin motor, otro lugar especificado",,,
W279,"Contacto traumatico con herramientas manuales sin motor, lugar no especificado",,,
W280,"Contacto traumatico con cortadora de cesped, con motor, vivienda",,,
W281,"Contacto traumatico con cortadora de cesped, con motor, institucion residencial",,,
W282,"Contacto traumatico con cortadora de cesped, con motor, escuelas, otras instituciones y areas administrativas publicas",,,
W283,"Contacto traumatico con cortadora de cesped, con motor, areas de deporte y atletismo",,,
W284,"Contacto traumatico con cortadora de cesped, con motor, calles y carreteras",,,
W285,"Contacto traumatico con cortadora de cesped, con motor, comercio y area de servicios",,,
W286,"Contacto traumatico con cortadora de cesped, con motor, area industrial y de la construccion",,,
W287,"Contacto traumatico con cortadora de cesped, con motor, granja",,,
W288,"Contacto traumatico con cortadora de cesped, con motor, otro lugar especificado",,,
W289,"Contacto traumatico con cortadora de cesped, con motor, lugar no especificado",,,
W290,"Contacto traumatico con otras herramientas manuales y artefactos del hogar, con motor, vivienda",,,
W291,"Contacto traumatico con otras herramientas manuales y artefactos del hogar, con motor, institucion residencial",,,
W292,"Contacto traumatico con otras herramientas manuales y artefactos del hogar, con motor, escuelas, otras instituciones y areas administrativas  publicas",,,
W293,"Contacto traumatico con otras herramientas manuales y artefactos del hogar, con motor, areas de deporte y atletismo",,,
W294,"Contacto traumatico con otras herramientas manuales y artefactos del hogar, con motor, calles y carreteras",,,
W295,"Contacto traumatico con otras herramientas manuales y artefactos del hogar, con motor, comercio y area de servicios",,,
W296,"Contacto traumatico con otras herramientas manuales y artefactos del hogar, con motor, area industrial y de la construccion",,,
W297,"Contacto traumatico con otras herramientas manuales y artefactos del hogar, con motor, granja",,,
W298,"Contacto traumatico con otras herramientas manuales y artefactos del hogar, con motor, otro lugar especificado",,,
W299,"Contacto traumatico con otras herramientas manuales y artefactos del hogar, con motor, lugar no especificado",,,
W300,"Contacto traumatico con maquinaria agricola, vivienda",,,
W301,"Contacto traumatico con maquinaria agricola, institucion residencial",,,
W302,"Contacto traumatico con maquinaria agricola, escuelas, otras instituciones y areas administrativas publicas",,,
W303,"Contacto traumatico con maquinaria agricola, areas de deporte y atletismo",,,
W304,"Contacto traumatico con maquinaria agricola, calles y carreteras",,,
W305,"Contacto traumatico con maquinaria agricola, comercio y area de servicios",,,
W306,"Contacto traumatico con maquinaria agricola, area industrial y de la construccion",,,
W307,"Contacto traumatico con maquinaria agricola, granja",,,
W308,"Contacto traumatico con maquinaria agricola, otro lugar especificado",,,
W309,"Contacto traumatico con maquinaria agricola, lugar no especificado",,,
W310,"Contacto traumatico con otras maquinarias, y las no especificadas, vivienda",,,
W311,"Contacto traumatico con otras maquinarias, y las no especificadas, institucion residencial",,,
W312,"Contacto traumatico con otras maquinarias, y las no especificadas, escuelas, otras instituciones y areas administrativas  publicas",,,
W313,"Contacto traumatico con otras maquinarias, y las no especificadas, areas de deporte y atletismo",,,
W314,"Contacto traumatico con otras maquinarias, y las no especificadas, calles y carreteras",,,
W315,"Contacto traumatico con otras maquinarias, y las no especificadas, comercio y area de servicios",,,
W316,"Contacto traumatico con otras maquinarias, y las no especificadas, area industrial y de la construccion",,,
W317,"Contacto traumatico con otras maquinarias, y las no especificadas, granja",,,
W318,"Contacto traumatico con otras maquinarias, y las no especificadas, otro lugar especificado",,,
W319,"Contacto traumatico con otras maquinarias, y las no especificadas, lugar no especificado",,,
W320,"Disparo de arma corta, vivienda",,,
W321,"Disparo de arma corta, institucion residencial",,,
W322,"Disparo de arma corta, escuelas, otras instituciones y areas administrativas  publicas",,,
W323,"Disparo de arma corta, areas de deporte y atletismo",,,
W324,"Disparo de arma corta, calles y carreteras",,,
W325,"Disparo de arma corta, comercio y area de servicios",,,
W326,"Disparo de arma corta, area industrial y de la construccion",,,
W327,"Disparo de arma corta, granja",,,
W328,"Disparo de arma corta, otro lugar especificado",,,
W329,"Disparo de arma corta, lugar no especificado",,,
W330,"Disparo de rifle, escopeta y arma larga, vivienda",,,
W331,"Disparo de rifle, escopeta y arma larga, institucion residencial",,,
W332,"Disparo de rifle, escopeta y arma larga, escuelas, otras instituciones y areas administrativas publicas",,,
W333,"Disparo de rifle, escopeta y arma larga, areas de deporte y atletismo",,,
W334,"Disparo de rifle, escopeta y arma larga, calles y carreteras",,,
W335,"Disparo de rifle, escopeta y arma larga, comercio y area de servicios",,,
W336,"Disparo de rifle, escopeta y arma larga, area industrial y de la construccion",,,
W337,"Disparo de rifle, escopeta y arma larga, granja",,,
W338,"Disparo de rifle, escopeta y arma larga, otro lugar especificado",,,
W339,"Disparo de rifle, escopeta y arma larga, lugar no especificado",,,
W340,"Disparo de otras armas de fuego, y las no especificadas, vivienda",,,
W341,"Disparo de otras armas de fuego, y las no especificadas, institucion residencial",,,
W342,"Disparo de otras armas de fuego, y las no especificadas, escuelas, otras instituciones y areas administrativas publicas",,,
W343,"Disparo de otras armas de fuego, y las no especificadas, areas de deporte y atletismo",,,
W344,"Disparo de otras armas de fuego, y las no especificadas, calles y carreteras",,,
W345,"Disparo de otras armas de fuego, y las no especificadas, comercio y area de servicios",,,
W346,"Disparo de otras armas de fuego, y las no especificadas, area industrial y de la construccion",,,
W347,"Disparo de otras armas de fuego, y las no especificadas, granja",,,
W348,"Disparo de otras armas de fuego, y las no especificadas, otro lugar especificado",,,
W349,"Disparo de otras armas de fuego, y las no especificadas, lugar no especificado",,,
W350,"Explosion y rotura de caldera, vivienda",,,
W351,"Explosion y rotura de caldera, institucion residencial",,,
W352,"Explosion y rotura de caldera, escuelas, otras instituciones y areas administrativas publicas",,,
W353,"Explosion y rotura de caldera, areas de deporte y atletismo",,,
W354,"Explosion y rotura de caldera, calles y carreteras",,,
W355,"Explosion y rotura de caldera, comercio y area de servicios",,,
W356,"Explosion y rotura de caldera, area industrial y de la construccion",,,
W357,"Explosion y rotura de caldera, granja",,,
W358,"Explosion y rotura de caldera, otro lugar especificado",,,
W359,"Explosion y rotura de caldera, lugar no especificado",,,
W360,"Explosion y rotura de cilindro con gas, vivienda",,,
W361,"Explosion y rotura de cilindro con gas, institucion residencial",,,
W362,"Explosion y rotura de cilindro con gas, escuelas, otras instituciones y areas administrativas publicas",,,
W363,"Explosion y rotura de cilindro con gas, areas de deporte y atletismo",,,
W364,"Explosion y rotura de cilindro con gas, calles y carreteras",,,
W365,"Explosion y rotura de cilindro con gas, comercio y area de servicios",,,
W366,"Explosion y rotura de cilindro con gas, area industrial y de la construccion",,,
W367,"Explosion y rotura de cilindro con gas, granja",,,
W368,"Explosion y rotura de cilindro con gas, otro lugar especificado",,,
W369,"Explosion y rotura de cilindro con gas, lugar no especificado",,,
W370,"Explosion y rotura de neumatico, tubo o manguera de goma presurizada, vivienda",,,
W371,"Explosion y rotura de neumatico, tubo o manguera de goma presurizada, institucion residencial",,,
W372,"Explosion y rotura de neumatico, tubo o manguera de goma presurizada, escuelas, otras instituciones y areas administrativas publicas",,,
W373,"Explosion y rotura de neumatico, tubo o manguera de goma presurizada, areas de deporte y atletismo",,,
W374,"Explosion y rotura de neumatico, tubo o manguera de goma presurizada, calles y carreteras",,,
W375,"Explosion y rotura de neumatico, tubo o manguera de goma presurizada, comercio y area de servicios",,,
W376,"Explosion y rotura de neumatico, tubo o manguera de goma presurizada, area industrial y de la construccion",,,
W377,"Explosion y rotura de neumatico, tubo o manguera de goma presurizada, granja",,,
W378,"Explosion y rotura de neumatico, tubo o manguera de goma presurizada, otro lugar especificado",,,
W379,"Explosion y rotura de neumatico, tubo o manguera de goma presurizada, lugar no especificado",,,
W380,"Explosion y rotura de otros dispositivos presurizados especificados, vivienda",,,
W381,"Explosion y rotura de otros dispositivos presurizados especificados, institucion residencial",,,
W382,"Explosion y rotura de otros dispositivos presurizados especificados, escuelas, otras instituciones y areas administrativas publicas",,,
W383,"Explosion y rotura de otros dispositivos presurizados especificados, areas de deporte y atletismo",,,
W384,"Explosion y rotura de otros dispositivos presurizados especificados, calles y carreteras",,,
W385,"Explosion y rotura de otros dispositivos presurizados especificados, comercio y area de servicios",,,
W386,"Explosion y rotura de otros dispositivos presurizados especificados, area industrial y de la construccion",,,
W387,"Explosion y rotura de otros dispositivos presurizados especificados, granja",,,
W388,"Explosion y rotura de otros dispositivos presurizados especificados, otro lugar especificado",,,
W389,"Explosion y rotura de otros dispositivos presurizados especificados, lugar no especificado",,,
W390,"Explosion de fuegos artificiales, vivienda",,,
W391,"Explosion de fuegos artificiales, institucion residencial",,,
W392,"Explosion de fuegos artificiales, escuelas, otras instituciones y areas administrativas publicas",,,
W393,"Explosion de fuegos artificiales, areas de deporte y atletismo",,,
W394,"Explosion de fuegos artificiales, calles y carreteras",,,
W395,"Explosion de fuegos artificiales, comercio y area de servicios",,,
W396,"Explosion de fuegos artificiales, area industrial y de la construccion",,,
W397,"Explosion de fuegos artificiales, granja",,,
W398,"Explosion de fuegos artificiales, otro lugar especificado",,,
W399,"Explosion de fuegos artificiales, lugar no especificado",,,
W400,"Explosion de otros materiales, vivienda",,,
W401,"Explosion de otros materiales, institucion residencial",,,
W402,"Explosion de otros materiales, escuelas, otras instituciones y areas administrativas publicas",,,
W403,"Explosion de otros materiales, areas de deporte y atletismo",,,
W404,"Explosion de otros materiales, calles y carreteras",,,
W405,"Explosion de otros materiales, comercio y area de servicios",,,
W406,"Explosion de otros materiales, area industrial y de la construccion",,,
W407,"Explosion de otros materiales, granja",,,
W408,"Explosion de otros materiales, otro lugar especificado",,,
W409,"Explosion de otros materiales, lugar no especificado",,,
W410,"Exposicion  a chorro de alta presion, vivienda",,,
W411,"Exposicion  a chorro de alta presion, institucion residencial",,,
W412,"Exposicion  a chorro de alta presion, escuelas, otras instituciones y areas administrativas publicas",,,
W413,"Exposicion  a chorro de alta presion, areas de deporte y atletismo",,,
W414,"Exposicion  a chorro de alta presion, calles y carreteras",,,
W415,"Exposicion  a chorro de alta presion, comercio y area de servicios",,,
W416,"Exposicion  a chorro de alta presion, area industrial y de la construccion",,,
W417,"Exposicion  a chorro de alta presion, granja",,,
W418,"Exposicion  a chorro de alta presion, otro lugar especificado",,,
W419,"Exposicion  a chorro de alta presion, lugar no especificado",,,
W420,"Exposicion al ruido, vivienda",,,
W421,"Exposicion al ruido, institucion residencial",,,
W422,"Exposicion al ruido, escuelas, otras instituciones y areas administrativas publicas",,,
W423,"Exposicion al ruido, areas de deporte y atletismo",,,
W424,"Exposicion al ruido, calles y carreteras",,,
W425,"Exposicion al ruido, comercio y area de servicios",,,
W426,"Exposicion al ruido, area industrial y de la construccion",,,
W427,"Exposicion al ruido, granja",,,
W428,"Exposicion al ruido, otro lugar especificado",,,
W429,"Exposicion al ruido, lugar no especificado",,,
W430,"Exposicion a vibraciones, vivienda",,,
W431,"Exposicion a vibraciones, institucion residencial",,,
W432,"Exposicion a vibraciones, escuelas, otras instituciones y areas administrativas publicas",,,
W433,"Exposicion a vibraciones, areas de deporte y atletismo",,,
W434,"Exposicion a vibraciones, calles y carreteras",,,
W435,"Exposicion a vibraciones, comercio y area de servicios",,,
W436,"Exposicion a vibraciones, area industrial y de la construccion",,,
W437,"Exposicion a vibraciones, granja",,,
W438,"Exposicion a vibraciones, otro lugar especificado",,,
W439,"Exposicion a vibraciones, lugar no especificado",,,
W440,"Cuerpo extrano que penetra por el ojo u orificio natural, vivienda",,,
W441,"Cuerpo extrano que penetra por el ojo u orificio natural, institucion residencial",,,
W442,"Cuerpo extrano que penetra por el ojo u orificio natural, escuelas, otras instituciones y areas administrativas publicas",,,
W443,"Cuerpo extrano que penetra por el ojo u orificio natural, areas de deporte y atletismo",,,
W444,"Cuerpo extrano que penetra por el ojo u orificio natural, calles y carreteras",,,
W445,"Cuerpo extrano que penetra por el ojo u orificio natural, comercio y area de servicios",,,
W446,"Cuerpo extrano que penetra por el ojo u orificio natural, area industrial y de la construccion",,,
W447,"Cuerpo extrano que penetra por el ojo u orificio natural, granja",,,
W448,"Cuerpo extrano que penetra por el ojo u orificio natural, otro lugar especificado",,,
W449,"Cuerpo extrano que penetra por el ojo u orificio natural, lugar no especificado",,,
W450,"Cuerpo extrano que penetra a traves de la piel, vivienda",,,
W451,"Cuerpo extrano que penetra a traves de la piel, institucion residencial",,,
W452,"Cuerpo extrano que penetra a traves de la piel, escuelas, otras instituciones y areas administrativas publicas",,,
W453,"Cuerpo extrano que penetra a traves de la piel, areas de deporte y atletismo",,,
W454,"Cuerpo extrano que penetra a traves de la piel, calles y carreteras",,,
W455,"Cuerpo extrano que penetra a traves de la piel, comercio y area de servicios",,,
W456,"Cuerpo extrano que penetra a traves de la piel, area industrial y de la construccion",,,
W457,"Cuerpo extrano que penetra a traves de la piel, granja",,,
W458,"Cuerpo extrano que penetra a traves de la piel, otro lugar especificado",,,
W459,"Cuerpo extrano que penetra a traves de la piel, lugar no especificado",,,
W460,"Contacto traumatico con aguja hipodermica, vivienda",,,
W461,"Contacto traumatico con aguja hipodermica, institucion residencial",,,
W462,"Contacto traumatico con aguja hipodermica, escuelas, otras instituciones y areas administrativas publicas",,,
W463,"Contacto traumatico con aguja hipodermica, areas de deporte y atletismo",,,
W464,"Contacto traumatico con aguja hipodermica, calles y carreteras",,,
W465,"Contacto traumatico con aguja hipodermica, comercio y area de servicios",,,
W466,"Contacto traumatico con aguja hipodermica, area industrial y de la construccion",,,
W467,"Contacto traumatico con aguja hipodermica, granja",,,
W468,"Contacto traumatico con aguja hipodermica, otro lugar especificado",,,
W469,"Contacto traumatico con aguja hipodermica, lugar no especificado",,,
W490,"Exposicion a otras fuerzas mecanicas inanimadas, y las no especificadas, vivienda",,,
W491,"Exposicion a otras fuerzas mecanicas inanimadas, y las no especificadas, institucion residencial",,,
W492,"Exposicion a otras fuerzas mecanicas inanimadas, y las no especificadas, escuelas, otras instituciones y areas administrativas publicas",,,
W493,"Exposicion a otras fuerzas mecanicas inanimadas, y las no especificadas, areas de deporte y atletismo",,,
W494,"Exposicion a otras fuerzas mecanicas inanimadas, y las no especificadas, calles y carreteras",,,
W495,"Exposicion a otras fuerzas mecanicas inanimadas, y las no especificadas, comercio y area de servicios",,,
W496,"Exposicion a otras fuerzas mecanicas inanimadas, y las no especificadas, area industrial y de la construccion",,,
W497,"Exposicion a otras fuerzas mecanicas inanimadas, y las no especificadas, granja",,,
W498,"Exposicion a otras fuerzas mecanicas inanimadas, y las no especificadas, otro lugar especificado",,,
W499,"Exposicion a otras fuerzas mecanicas inanimadas, y las no especificadas, lugar no especificado",,,
W500,"Aporreo, golpe, mordedura, patada, rasguno o torcedura infligidos por otra persona, vivienda",,,
W501,"Aporreo, golpe, mordedura, patada, rasguno o torcedura infligidos por otra persona, institucion residencial",,,
W502,"Aporreo, golpe, mordedura, patada, rasguno o torcedura infligidos por otra persona, escuelas, otras instituciones y areas administrativas  publicas",,,
W503,"Aporreo, golpe, mordedura, patada, rasguno o torcedura infligidos por otra persona, areas de deporte y atletismo",,,
W504,"Aporreo, golpe, mordedura, patada, rasguno o torcedura infligidos por otra persona, calles y carreteras",,,
W505,"Aporreo, golpe, mordedura, patada, rasguno o torcedura infligidos por otra persona, comercio y area de servicios",,,
W506,"Aporreo, golpe, mordedura, patada, rasguno o torcedura infligidos por otra persona, area industrial y de la construccion",,,
W507,"Aporreo, golpe, mordedura, patada, rasguno o torcedura infligidos por otra persona, granja",,,
W508,"Aporreo, golpe, mordedura, patada, rasguno o torcedura infligidos por otra persona, otro lugar especificado",,,
W509,"Aporreo, golpe, mordedura, patada, rasguno o torcedura infligidos por otra persona, lugar no especificado",,,
W510,"Choque o empellon contra otra persona, vivienda",,,
W511,"Choque o empellon contra otra persona, institucion residencial",,,
W512,"Choque o empellon contra otra persona, escuelas, otras instituciones y areas administrativas publicas",,,
W513,"Choque o empellon contra otra persona, areas de deporte y atletismo",,,
W514,"Choque o empellon contra otra persona, calles y carreteras",,,
W515,"Choque o empellon contra otra persona, comercio y area de servicios",,,
W516,"Choque o empellon contra otra persona, area industrial y de la construccion",,,
W517,"Choque o empellon contra otra persona, granja",,,
W518,"Choque o empellon contra otra persona, otro lugar especificado",,,
W519,"Choque o empellon contra otra persona, lugar no especificado",,,
W520,"Persona aplastada, empujada o pisoteada por una multitud o estampida humana, vivienda",,,
W521,"Persona aplastada, empujada o pisoteada por una multitud o estampida humana, institucion residencial",,,
W522,"Persona aplastada, empujada o pisoteada por una multitud o estampida humana, escuelas, otras instituciones y areas administrativas publicas",,,
W523,"Persona aplastada, empujada o pisoteada por una multitud o estampida humana, areas de deporte y atletismo",,,
W524,"Persona aplastada, empujada o pisoteada por una multitud o estampida humana, calles y carreteras",,,
W525,"Persona aplastada, empujada o pisoteada por una multitud o estampida humana, comercio y area de servicios",,,
W526,"Persona aplastada, empujada o pisoteada por una multitud o estampida humana, area industrial y de la construccion",,,
W527,"Persona aplastada, empujada o pisoteada por una multitud o estampida humana, granja",,,
W528,"Persona aplastada, empujada o pisoteada por una multitud o estampida humana, otro lugar especificado",,,
W529,"Persona aplastada, empujada o pisoteada por una multitud o estampida humana, lugar no especificado",,,
W530,"Mordedura de rata, vivienda",,,
W531,"Mordedura de rata, institucion residencial",,,
W532,"Mordedura de rata, escuelas, otras instituciones y areas administrativas publicas",,,
W533,"Mordedura de rata, areas de deporte y atletismo",,,
W534,"Mordedura de rata, calles y carreteras",,,
W535,"Mordedura de rata, comercio y area de servicios",,,
W536,"Mordedura de rata, area industrial y de la construccion",,,
W537,"Mordedura de rata, granja",,,
W538,"Mordedura de rata, otro lugar especificado",,,
W539,"Mordedura de rata, lugar no especificado",,,
W540,"Mordedura o ataque de perro, vivienda",,,
W541,"Mordedura o ataque de perro, institucion residencial",,,
W542,"Mordedura o ataque de perro, escuelas, otras instituciones y areas administrativas publicas",,,
W543,"Mordedura o ataque de perro, areas de deporte y atletismo",,,
W544,"Mordedura o ataque de perro, calles y carreteras",,,
W545,"Mordedura o ataque de perro, comercio y area de servicios",,,
W546,"Mordedura o ataque de perro, area industrial y de la construccion",,,
W547,"Mordedura o ataque de perro, granja",,,
W548,"Mordedura o ataque de perro, otro lugar especificado",,,
W549,"Mordedura o ataque de perro, lugar no especificado",,,
W550,"Mordedura o ataque de otros mamiferos, vivienda",,,
W551,"Mordedura o ataque de otros mamiferos, institucion residencial",,,
W552,"Mordedura o ataque de otros mamiferos, escuelas, otras instituciones y areas administrativas publicas",,,
W553,"Mordedura o ataque de otros mamiferos, areas de deporte y atletismo",,,
W554,"Mordedura o ataque de otros mamiferos, calles y carreteras",,,
W555,"Mordedura o ataque de otros mamiferos, comercio y area de servicios",,,
W556,"Mordedura o ataque de otros mamiferos, area industrial y de la construccion",,,
W557,"Mordedura o ataque de otros mamiferos, granja",,,
W558,"Mordedura o ataque de otros mamiferos, otro lugar especificado",,,
W559,"Mordedura o ataque de otros mamiferos, lugar no especificado",,,
W560,"Contacto traumatico con animales marinos, vivienda",,,
W561,"Contacto traumatico con animales marinos, institucion residencial",,,
W562,"Contacto traumatico con animales marinos, escuelas, otras instituciones y areas administrativas publicas",,,
W563,"Contacto traumatico con animales marinos, areas de deporte y atletismo",,,
W564,"Contacto traumatico con animales marinos, calles y carreteras",,,
W565,"Contacto traumatico con animales marinos, comercio y area de servicios",,,
W566,"Contacto traumatico con animales marinos, area industrial y de la construccion",,,
W567,"Contacto traumatico con animales marinos, granja",,,
W568,"Contacto traumatico con animales marinos, otro lugar especificado",,,
W569,"Contacto traumatico con animales marinos, lugar no especificado",,,
W570,"Mordedura o picadura de insectos y otros artropodos no venenosos, vivienda",,,
W571,"Mordedura o picadura de insectos y otros artropodos no venenosos, institucion residencial",,,
W572,"Mordedura o picadura de insectos y otros artropodos no venenosos, escuelas, otras instituciones y areas administrativas publicas",,,
W573,"Mordedura o picadura de insectos y otros artropodos no venenosos, areas de deporte y atletismo",,,
W574,"Mordedura o picadura de insectos y otros artropodos no venenosos, calles y carreteras",,,
W575,"Mordedura o picadura de insectos y otros artropodos no venenosos, comercio y area de servicios",,,
W576,"Mordedura o picadura de insectos y otros artropodos no venenosos, area industrial y de la construccion",,,
W577,"Mordedura o picadura de insectos y otros artropodos no venenosos, granja",,,
W578,"Mordedura o picadura de insectos y otros artropodos no venenosos, otro lugar especificado",,,
W579,"Mordedura o picadura de insectos y otros artropodos no venenosos, lugar no especificado",,,
W580,"Mordedura o ataque de cocodrilo o caiman, vivienda",,,
W581,"Mordedura o ataque de cocodrilo o caiman, institucion residencial",,,
W582,"Mordedura o ataque de cocodrilo o caiman, escuelas, otras instituciones y areas administrativas publicas",,,
W583,"Mordedura o ataque de cocodrilo o caiman, areas de deporte y atletismo",,,
W584,"Mordedura o ataque de cocodrilo o caiman, calles y carreteras",,,
W585,"Mordedura o ataque de cocodrilo o caiman, comercio y area de servicios",,,
W586,"Mordedura o ataque de cocodrilo o caiman, area industrial y de la construccion",,,
W587,"Mordedura o ataque de cocodrilo o caiman, granja",,,
W588,"Mordedura o ataque de cocodrilo o caiman, otro lugar especificado",,,
W589,"Mordedura o ataque de cocodrilo o caiman, lugar no especificado",,,
W590,"Mordedura o aplastamiento por otros reptiles, vivienda",,,
W591,"Mordedura o aplastamiento por otros reptiles, institucion residencial",,,
W592,"Mordedura o aplastamiento por otros reptiles, escuelas, otras instituciones y areas administrativas publicas",,,
W593,"Mordedura o aplastamiento por otros reptiles, areas de deporte y atletismo",,,
W594,"Mordedura o aplastamiento por otros reptiles, calles y carreteras",,,
W595,"Mordedura o aplastamiento por otros reptiles, comercio y area de servicios",,,
W596,"Mordedura o aplastamiento por otros reptiles, area industrial y de la construccion",,,
W597,"Mordedura o aplastamiento por otros reptiles, granja",,,
W598,"Mordedura o aplastamiento por otros reptiles, otro lugar especificado",,,
W599,"Mordedura o aplastamiento por otros reptiles, lugar no especificado",,,
W600,"Contacto traumatico con aguijones, espinas u hojas cortantes de plantas, vivienda",,,
W601,"Contacto traumatico con aguijones, espinas u hojas cortantes de plantas, institucion residencial",,,
W602,"Contacto traumatico con aguijones, espinas u hojas cortantes de plantas, escuelas, otras instituciones y areas administrativas publicas",,,
W603,"Contacto traumatico con aguijones, espinas u hojas cortantes de plantas, areas de deporte y atletismo",,,
W604,"Contacto traumatico con aguijones, espinas u hojas cortantes de plantas, calles y carreteras",,,
W605,"Contacto traumatico con aguijones, espinas u hojas cortantes de plantas, comercio y area de servicios",,,
W606,"Contacto traumatico con aguijones, espinas u hojas cortantes de plantas, area industrial y de la construccion",,,
W607,"Contacto traumatico con aguijones, espinas u hojas cortantes de plantas, granja",,,
W608,"Contacto traumatico con aguijones, espinas u hojas cortantes de plantas, otro lugar especificado",,,
W609,"Contacto traumatico con aguijones, espinas u hojas cortantes de plantas, lugar no especificado",,,
W640,"Exposicion a otras fuerzas mecanicas animadas, y las no especificadas, vivienda",,,
W641,"Exposicion a otras fuerzas mecanicas animadas, y las no especificadas, institucion residencial",,,
W642,"Exposicion a otras fuerzas mecanicas animadas, y las no especificadas, escuelas, otras instituciones y areas administrativas publicas",,,
W643,"Exposicion a otras fuerzas mecanicas animadas, y las no especificadas, areas de deporte y atletismo",,,
W644,"Exposicion a otras fuerzas mecanicas animadas, y las no especificadas, calles y carreteras",,,
W645,"Exposicion a otras fuerzas mecanicas animadas, y las no especificadas, comercio y area de servicios",,,
W646,"Exposicion a otras fuerzas mecanicas animadas, y las no especificadas, area industrial y de la construccion",,,
W647,"Exposicion a otras fuerzas mecanicas animadas, y las no especificadas, granja",,,
W648,"Exposicion a otras fuerzas mecanicas animadas, y las no especificadas, otro lugar especificado",,,
W649,"Exposicion a otras fuerzas mecanicas animadas, y las no especificadas, lugar no especificado",,,
W650,"Ahogamiento y sumersion mientras se esta en la banera, vivienda",,,
W651,"Ahogamiento y sumersion mientras se esta en la banera, institucion residencial",,,
W652,"Ahogamiento y sumersion mientras se esta en la banera, escuelas, otras instituciones y areas administrativas publicas",,,
W653,"Ahogamiento y sumersion mientras se esta en la banera, areas de deporte y atletismo",,,
W654,"Ahogamiento y sumersion mientras se esta en la banera, calles y carreteras",,,
W655,"Ahogamiento y sumersion mientras se esta en la banera, comercio y area de servicios",,,
W656,"Ahogamiento y sumersion mientras se esta en la banera, area industrial y de la construccion",,,
W657,"Ahogamiento y sumersion mientras se esta en la banera, granja",,,
W658,"Ahogamiento y sumersion mientras se esta en la banera, otro lugar especificado",,,
W659,"Ahogamiento y sumersion mientras se esta en la banera, lugar no especificado",,,
W660,"Ahogamiento y sumersion consecutivos a caida en la banera, vivienda",,,
W661,"Ahogamiento y sumersion consecutivos a caida en la banera, institucion residencial",,,
W662,"Ahogamiento y sumersion consecutivos a caida en la banera, escuelas, otras instituciones y areas administrativas publicas",,,
W663,"Ahogamiento y sumersion consecutivos a caida en la banera, areas de deporte y atletismo",,,
W664,"Ahogamiento y sumersion consecutivos a caida en la banera, calles y carreteras",,,
W665,"Ahogamiento y sumersion consecutivos a caida en la banera, comercio y area de servicios",,,
W666,"Ahogamiento y sumersion consecutivos a caida en la banera, area industrial y de la construccion",,,
W667,"Ahogamiento y sumersion consecutivos a caida en la banera, granja",,,
W668,"Ahogamiento y sumersion consecutivos a caida en la banera, otro lugar especificado",,,
W669,"Ahogamiento y sumersion consecutivos a caida en la banera, lugar no especificado",,,
W670,"Ahogamiento y sumersion mientras se esta en una piscina, vivienda",,,
W671,"Ahogamiento y sumersion mientras se esta en una piscina, institucion residencial",,,
W672,"Ahogamiento y sumersion mientras se esta en una piscina, escuelas, otras instituciones y areas administrativas publicas",,,
W673,"Ahogamiento y sumersion mientras se esta en una piscina, areas de deporte y atletismo",,,
W674,"Ahogamiento y sumersion mientras se esta en una piscina, calles y carreteras",,,
W675,"Ahogamiento y sumersion mientras se esta en una piscina, comercio y area de servicios",,,
W676,"Ahogamiento y sumersion mientras se esta en una piscina, area industrial y de la construccion",,,
W677,"Ahogamiento y sumersion mientras se esta en una piscina, granja",,,
W678,"Ahogamiento y sumersion mientras se esta en una piscina, otro lugar especificado",,,
W679,"Ahogamiento y sumersion mientras se esta en una piscina, lugar no especificado",,,
W680,"Ahogamiento y sumersion consecutivos a caida en una piscina, vivienda",,,
W681,"Ahogamiento y sumersion consecutivos a caida en una piscina, institucion residencial",,,
W682,"Ahogamiento y sumersion consecutivos a caida en una piscina, escuelas, otras instituciones y areas administrativas publicas",,,
W683,"Ahogamiento y sumersion consecutivos a caida en una piscina, areas de deporte y atletismo",,,
W684,"Ahogamiento y sumersion consecutivos a caida en una piscina, calles y carreteras",,,
W685,"Ahogamiento y sumersion consecutivos a caida en una piscina, comercio y area de servicios",,,
W686,"Ahogamiento y sumersion consecutivos a caida en una piscina, area industrial y de la construccion",,,
W687,"Ahogamiento y sumersion consecutivos a caida en una piscina, granja",,,
W688,"Ahogamiento y sumersion consecutivos a caida en una piscina, otro lugar especificado",,,
W689,"Ahogamiento y sumersion consecutivos a caida en una piscina, lugar no especificado",,,
W690,"Ahogamiento y sumersion mientras se esta en aguas naturales, vivienda",,,
W691,"Ahogamiento y sumersion mientras se esta en aguas naturales, institucion residencial",,,
W692,"Ahogamiento y sumersion mientras se esta en aguas naturales, escuelas, otras instituciones y areas administrativas publicas",,,
W693,"Ahogamiento y sumersion mientras se esta en aguas naturales, areas de deporte y atletismo",,,
W694,"Ahogamiento y sumersion mientras se esta en aguas naturales, calles y carreteras",,,
W695,"Ahogamiento y sumersion mientras se esta en aguas naturales, comercio y area de servicios",,,
W696,"Ahogamiento y sumersion mientras se esta en aguas naturales, area industrial y de la construccion",,,
W697,"Ahogamiento y sumersion mientras se esta en aguas naturales, granja",,,
W698,"Ahogamiento y sumersion mientras se esta en aguas naturales, otro lugar especificado",,,
W699,"Ahogamiento y sumersion mientras se esta en aguas naturales, lugar no especificado",,,
W700,"Ahogamiento y sumersion posterior a caida en aguas naturales, vivienda",,,
W701,"Ahogamiento y sumersion posterior a caida en aguas naturales, institucion residencial",,,
W702,"Ahogamiento y sumersion posterior a caida en aguas naturales, escuelas, otras instituciones y areas administrativas publicas",,,
W703,"Ahogamiento y sumersion posterior a caida en aguas naturales, areas de deporte y atletismo",,,
W704,"Ahogamiento y sumersion posterior a caida en aguas naturales, calles y carreteras",,,
W705,"Ahogamiento y sumersion posterior a caida en aguas naturales, comercio y area de servicios",,,
W706,"Ahogamiento y sumersion posterior a caida en aguas naturales, area industrial y de la construccion",,,
W707,"Ahogamiento y sumersion posterior a caida en aguas naturales, granja",,,
W708,"Ahogamiento y sumersion posterior a caida en aguas naturales, otro lugar especificado",,,
W709,"Ahogamiento y sumersion posterior a caida en aguas naturales, lugar no especificado",,,
W730,"Otros ahogamientos y sumersiones especificados, vivienda",,,
W731,"Otros ahogamientos y sumersiones especificados, institucion residencial",,,
W732,"Otros ahogamientos y sumersiones especificados, escuelas, otras instituciones y areas administrativas publicas",,,
W733,"Otros ahogamientos y sumersiones especificados, areas de deporte y atletismo",,,
W734,"Otros ahogamientos y sumersiones especificados, calles y carreteras",,,
W735,"Otros ahogamientos y sumersiones especificados, comercio y area de servicios",,,
W736,"Otros ahogamientos y sumersiones especificados, area industrial y de la construccion",,,
W737,"Otros ahogamientos y sumersiones especificados, granja",,,
W738,"Otros ahogamientos y sumersiones especificados, otro lugar especificado",,,
W739,"Otros ahogamientos y sumersiones especificados, lugar no especificado",,,
W740,"Ahogamiento y sumersion no especificados, vivienda",,,
W741,"Ahogamiento y sumersion no especificados, institucion residencial",,,
W742,"Ahogamiento y sumersion no especificados, escuelas, otras instituciones y areas administrativas publicas",,,
W743,"Ahogamiento y sumersion no especificados, areas de deporte y atletismo",,,
W744,"Ahogamiento y sumersion no especificados, calles y carreteras",,,
W745,"Ahogamiento y sumersion no especificados, comercio y area de servicios",,,
W746,"Ahogamiento y sumersion no especificados, area industrial y de la construccion",,,
W747,"Ahogamiento y sumersion no especificados, granja",,,
W748,"Ahogamiento y sumersion no especificados, otro lugar especificado",,,
W749,"Ahogamiento y sumersion no especificados, lugar no especificado",,,
W750,"Sofocacion y estrangulamiento accidental en la cama, vivienda",,,
W751,"Sofocacion y estrangulamiento accidental en la cama, institucion residencial",,,
W752,"Sofocacion y estrangulamiento accidental en la cama, escuelas, otras instituciones y areas administrativas publicas",,,
W753,"Sofocacion y estrangulamiento accidental en la cama, areas de deporte y atletismo",,,
W754,"Sofocacion y estrangulamiento accidental en la cama, calles y carreteras",,,
W755,"Sofocacion y estrangulamiento accidental en la cama, comercio y area de servicios",,,
W756,"Sofocacion y estrangulamiento accidental en la cama, area industrial y de la construccion",,,
W757,"Sofocacion y estrangulamiento accidental en la cama, granja",,,
W758,"Sofocacion y estrangulamiento accidental en la cama, otro lugar especificado",,,
W759,"Sofocacion y estrangulamiento accidental en la cama, lugar no especificado",,,
W760,"Otros estrangulamientos y ahorcamientos accidentales, vivienda",,,
W761,"Otros estrangulamientos y ahorcamientos accidentales, institucion residencial",,,
W762,"Otros estrangulamientos y ahorcamientos accidentales, escuelas, otras instituciones y areas administrativas publicas",,,
W763,"Otros estrangulamientos y ahorcamientos accidentales, areas de deporte y atletismo",,,
W764,"Otros estrangulamientos y ahorcamientos accidentales, calles y carreteras",,,
W765,"Otros estrangulamientos y ahorcamientos accidentales, comercio y area de servicios",,,
W766,"Otros estrangulamientos y ahorcamientos accidentales, area industrial y de la construccion",,,
W767,"Otros estrangulamientos y ahorcamientos accidentales, granja",,,
W768,"Otros estrangulamientos y ahorcamientos accidentales, otro lugar especificado",,,
W769,"Otros estrangulamientos y ahorcamientos accidentales, lugar no especificado",,,
W770,"Obstruccion de la respiracion debida a hundimiento, caida de tierra u otras sustancias, vivienda",,,
W771,"Obstruccion de la respiracion debida a hundimiento, caida de tierra u otras sustancias, institucion residencial",,,
W772,"Obstruccion de la respiracion debida a hundimiento, caida de tierra u otras sustancias, escuelas, otras instituciones y areas administrativas  publicas",,,
W773,"Obstruccion de la respiracion debida a hundimiento, caida de tierra u otras sustancias, areas de deporte y atletismo",,,
W774,"Obstruccion de la respiracion debida a hundimiento, caida de tierra u otras sustancias, calles y carreteras",,,
W775,"Obstruccion de la respiracion debida a hundimiento, caida de tierra u otras sustancias, comercio y area de servicios",,,
W776,"Obstruccion de la respiracion debida a hundimiento, caida de tierra u otras sustancias, area industrial y de la construccion",,,
W777,"Obstruccion de la respiracion debida a hundimiento, caida de tierra u otras sustancias, granja",,,
W778,"Obstruccion de la respiracion debida a hundimiento, caida de tierra u otras sustancias, otro lugar especificado",,,
W779,"Obstruccion de la respiracion debida a hundimiento, caida de tierra u otras sustancias, lugar no especificado",,,
W780,"Inhalacion de contenidos gastricos, vivienda",,028D,120A
W781,"Inhalacion de contenidos gastricos, institucion residencial",,028D,120A
W782,"Inhalacion de contenidos gastricos, escuelas, otras instituciones y areas administrativas publicas",,028D,120A
W783,"Inhalacion de contenidos gastricos, areas de deporte y atletismo",,028D,120A
W784,"Inhalacion de contenidos gastricos, calles y carreteras",,028D,120A
W785,"Inhalacion de contenidos gastricos, comercio y area de servicios",,028D,120A
W786,"Inhalacion de contenidos gastricos, area industrial y de la construccion",,028D,120A
W787,"Inhalacion de contenidos gastricos, granja",,028D,120A
W788,"Inhalacion de contenidos gastricos, otro lugar especificado",,028D,120A
W789,"Inhalacion de contenidos gastricos, lugar no especificado",,028D,120A
W790,"Inhalacion e ingestion de alimento que causa obstruccion de las vias respiratorias, vivienda",,028D,120A
W791,"Inhalacion e ingestion de alimento que causa obstruccion de las vias respiratorias, institucion residencial",,028D,120A
W792,"Inhalacion e ingestion de alimento que causa obstruccion de las vias respiratorias, escuelas, otras instituciones y areas administrativas publicas",,028D,120A
W793,"Inhalacion e ingestion de alimento que causa obstruccion de las vias respiratorias, areas de deporte y atletismo",,028D,120A
W794,"Inhalacion e ingestion de alimento que causa obstruccion de las vias respiratorias, calles y carreteras",,028D,120A
W795,"Inhalacion e ingestion de alimento que causa obstruccion de las vias respiratorias, comercio y area de servicios",,028D,120A
W796,"Inhalacion e ingestion de alimento que causa obstruccion de las vias respiratorias, area industrial y de la construccion",,028D,120A
W797,"Inhalacion e ingestion de alimento que causa obstruccion de las vias respiratorias, granja",,028D,120A
W798,"Inhalacion e ingestion de alimento que causa obstruccion de las vias respiratorias, otro lugar especificado",,028D,120A
W799,"Inhalacion e ingestion de alimento que causa obstruccion de las vias respiratorias, lugar no especificado",,028D,120A
W800,"Inhalacion e ingestion de otros objetos que causan obstruccion de las vias respiratorias, vivienda",,,
W801,"Inhalacion e ingestion de otros objetos que causan obstruccion de las vias respiratorias, institucion residencial",,,
W802,"Inhalacion e ingestion de otros objetos que causan obstruccion de las vias respiratorias, escuelas, otras institucion y areas administrativas publicas",,,
W803,"Inhalacion e ingestion de otros objetos que causan obstruccion de las vias respiratorias, areas de deporte y atletismo",,,
W804,"Inhalacion e ingestion de otros objetos que causan obstruccion de las vias respiratorias, calles y carreteras",,,
W805,"Inhalacion e ingestion de otros objetos que causan obstruccion de las vias respiratorias, comercio y area de servicios",,,
W806,"Inhalacion e ingestion de otros objetos que causan obstruccion de las vias respiratorias, area industrial y de la construccion",,,
W807,"Inhalacion e ingestion de otros objetos que causan obstruccion de las vias respiratorias, granja",,,
W808,"Inhalacion e ingestion de otros objetos que causan obstruccion de las vias respiratorias, otro lugar especificado",,,
W809,"Inhalacion e ingestion de otros objetos que causan obstruccion de las vias respiratorias, lugar no especificado",,,
W810,"Confinado o atrapado en un ambiente con bajo contenido de oxigeno, vivienda",,,
W811,"Confinado o atrapado en un ambiente con bajo contenido de oxigeno, institucion residencial",,,
W812,"Confinado o atrapado en un ambiente con bajo contenido de oxigeno, escuelas, otras instituciones y areas administrativas publicas",,,
W813,"Confinado o atrapado en un ambiente con bajo contenido de oxigeno, areas de deporte y atletismo",,,
W814,"Confinado o atrapado en un ambiente con bajo contenido de oxigeno, calles y carreteras",,,
W815,"Confinado o atrapado en un ambiente con bajo contenido de oxigeno, comercio y area de servicios",,,
W816,"Confinado o atrapado en un ambiente con bajo contenido de oxigeno, area industrial y de la construccion",,,
W817,"Confinado o atrapado en un ambiente con bajo contenido de oxigeno, granja",,,
W818,"Confinado o atrapado en un ambiente con bajo contenido de oxigeno, otro lugar especificado",,,
W819,"Confinado o atrapado en un ambiente con bajo contenido de oxigeno, lugar no especificado",,,
W830,"Otras obstrucciones especificadas de la respiracion, vivienda",,,
W831,"Otras obstrucciones especificadas de la respiracion, institucion residencial",,,
W832,"Otras obstrucciones especificadas de la respiracion, escuelas, otras instituciones y areas administrativas publicas",,,
W833,"Otras obstrucciones especificadas de la respiracion, areas de deporte y atletismo",,,
W834,"Otras obstrucciones especificadas de la respiracion, calles y carreteras",,,
W835,"Otras obstrucciones especificadas de la respiracion, comercio y area de servicios",,,
W836,"Otras obstrucciones especificadas de la respiracion, area industrial y de la construccion",,,
W837,"Otras obstrucciones especificadas de la respiracion, granja",,,
W838,"Otras obstrucciones especificadas de la respiracion, otro lugar especificado",,,
W839,"Otras obstrucciones especificadas de la respiracion, lugar no especificado",,,
W840,"Obstruccion no especificada de la respiracion, vivienda",,,
W841,"Obstruccion no especificada de la respiracion, institucion residencial",,,
W842,"Obstruccion no especificada de la respiracion, escuelas, otras instituciones y areas administrativas publicas",,,
W843,"Obstruccion no especificada de la respiracion, areas de deporte y atletismo",,,
W844,"Obstruccion no especificada de la respiracion, calles y carreteras",,,
W845,"Obstruccion no especificada de la respiracion, comercio y area de servicios",,,
W846,"Obstruccion no especificada de la respiracion, area industrial y de la construccion",,,
W847,"Obstruccion no especificada de la respiracion, granja",,,
W848,"Obstruccion no especificada de la respiracion, otro lugar especificado",,,
W849,"Obstruccion no especificada de la respiracion, lugar no especificado",,,
W850,"Exposicion a lineas de transmision electrica, vivienda",,,
W851,"Exposicion a lineas de transmision electrica, institucion residencial",,,
W852,"Exposicion a lineas de transmision electrica, escuelas, otras instituciones y areas administrativas publicas",,,
W853,"Exposicion a lineas de transmision electrica, areas de deporte y atletismo",,,
W854,"Exposicion a lineas de transmision electrica, calles y carreteras",,,
W855,"Exposicion a lineas de transmision electrica, comercio y area de servicios",,,
W856,"Exposicion a lineas de transmision electrica, area industrial y de la construccion",,,
W857,"Exposicion a lineas de transmision electrica, granja",,,
W858,"Exposicion a lineas de transmision electrica, otro lugar especificado",,,
W859,"Exposicion a lineas de transmision electrica, lugar no especificado",,,
W860,"Exposicion a otras corrientes electricas especificadas, vivienda",,,
W861,"Exposicion a otras corrientes electricas especificadas, institucion residencial",,,
W862,"Exposicion a otras corrientes electricas especificadas, escuelas, otras instituciones y areas administrativas publicas",,,
W863,"Exposicion a otras corrientes electricas especificadas, areas de deporte y atletismo",,,
W864,"Exposicion a otras corrientes electricas especificadas, calles y carreteras",,,
W865,"Exposicion a otras corrientes electricas especificadas, comercio y area de servicios",,,
W866,"Exposicion a otras corrientes electricas especificadas, area industrial y de la construccion",,,
W867,"Exposicion a otras corrientes electricas especificadas, granja",,,
W868,"Exposicion a otras corrientes electricas especificadas, otro lugar especificado",,,
W869,"Exposicion a otras corrientes electricas especificadas, lugar no especificado",,,
W870,"Exposicion a corriente electrica no especificada, vivienda",,,
W871,"Exposicion a corriente electrica no especificada, institucion residencial",,,
W872,"Exposicion a corriente electrica no especificada, escuelas, otras instituciones y areas administrativas publicas",,,
W873,"Exposicion a corriente electrica no especificada, areas de deporte y atletismo",,,
W874,"Exposicion a corriente electrica no especificada, calles y carreteras",,,
W875,"Exposicion a corriente electrica no especificada, comercio y area de servicios",,,
W876,"Exposicion a corriente electrica no especificada, area industrial y de la construccion",,,
W877,"Exposicion a corriente electrica no especificada, granja",,,
W878,"Exposicion a corriente electrica no especificada, otro lugar especificado",,,
W879,"Exposicion a corriente electrica no especificada, lugar no especificado",,,
W880,"Exposicion a radiacion ionizante, vivienda",,,
W881,"Exposicion a radiacion ionizante, institucion residencial",,,
W882,"Exposicion a radiacion ionizante, escuelas, otras instituciones y areas administrativas publicas",,,
W883,"Exposicion a radiacion ionizante, areas de deporte y atletismo",,,
W884,"Exposicion a radiacion ionizante, calles y carreteras",,,
W885,"Exposicion a radiacion ionizante, comercio y area de servicios",,,
W886,"Exposicion a radiacion ionizante, area industrial y de la construccion",,,
W887,"Exposicion a radiacion ionizante, granja",,,
W888,"Exposicion a radiacion ionizante, otro lugar especificado",,,
W889,"Exposicion a radiacion ionizante, lugar no especificado",,,
W890,"Exposicion a fuente de luz visible y ultravioleta, de origen artificial, vivienda",,,
W891,"Exposicion a fuente de luz visible y ultravioleta, de origen artificial, institucion residencial",,,
W892,"Exposicion a fuente de luz visible y ultravioleta, de origen artificial, escuelas, otras instituciones y areas administrativas publicas",,,
W893,"Exposicion a fuente de luz visible y ultravioleta, de origen artificial, areas de deporte y atletismo",,,
W894,"Exposicion a fuente de luz visible y ultravioleta, de origen artificial, calles y carreteras",,,
W895,"Exposicion a fuente de luz visible y ultravioleta, de origen artificial, comercio y area de servicios",,,
W896,"Exposicion a fuente de luz visible y ultravioleta, de origen artificial, area industrial y de la construccion",,,
W897,"Exposicion a fuente de luz visible y ultravioleta, de origen artificial, granja",,,
W898,"Exposicion a fuente de luz visible y ultravioleta, de origen artificial, otro lugar especificado",,,
W899,"Exposicion a fuente de luz visible y ultravioleta, de origen artificial, lugar no especificado",,,
W900,"Exposicion a otros tipos de radiacion no ionizante, vivienda",,,
W901,"Exposicion a otros tipos de radiacion no ionizante, institucion residencial",,,
W902,"Exposicion a otros tipos de radiacion no ionizante, escuelas, otras instituciones y areas administrativas publicas",,,
W903,"Exposicion a otros tipos de radiacion no ionizante, areas de deporte y atletismo",,,
W904,"Exposicion a otros tipos de radiacion no ionizante, calles y carreteras",,,
W905,"Exposicion a otros tipos de radiacion no ionizante, comercio y area de servicios",,,
W906,"Exposicion a otros tipos de radiacion no ionizante, area industrial y de la construccion",,,
W907,"Exposicion a otros tipos de radiacion no ionizante, granja",,,
W908,"Exposicion a otros tipos de radiacion no ionizante, otro lugar especificado",,,
W909,"Exposicion a otros tipos de radiacion no ionizante, lugar no especificado",,,
W910,"Exposicion a radiacion de tipo no especificado, vivienda",,,
W911,"Exposicion a radiacion de tipo no especificado, institucion residencial",,,
W912,"Exposicion a radiacion de tipo no especificado, escuelas, otras instituciones y areas administrativas publicas",,,
W913,"Exposicion a radiacion de tipo no especificado, areas de deporte y atletismo",,,
W914,"Exposicion a radiacion de tipo no especificado, calles y carreteras",,,
W915,"Exposicion a radiacion de tipo no especificado, comercio y area de servicios",,,
W916,"Exposicion a radiacion de tipo no especificado, area industrial y de la construccion",,,
W917,"Exposicion a radiacion de tipo no especificado, granja",,,
W918,"Exposicion a radiacion de tipo no especificado, otro lugar especificado",,,
W919,"Exposicion a radiacion de tipo no especificado, lugar no especificado",,,
W920,"Exposicion a calor excesivo de origen artificial, vivienda",,,
W921,"Exposicion a calor excesivo de origen artificial, institucion residencial",,,
W922,"Exposicion a calor excesivo de origen artificial, escuelas, otras instituciones y areas administrativas publicas",,,
W923,"Exposicion a calor excesivo de origen artificial, areas de deporte y atletismo",,,
W924,"Exposicion a calor excesivo de origen artificial, calles y carreteras",,,
W925,"Exposicion a calor excesivo de origen artificial, comercio y area de servicios",,,
W926,"Exposicion a calor excesivo de origen artificial, area industrial y de la construccion",,,
W927,"Exposicion a calor excesivo de origen artificial, granja",,,
W928,"Exposicion a calor excesivo de origen artificial, otro lugar especificado",,,
W929,"Exposicion a calor excesivo de origen artificial, lugar no especificado",,,
W930,"Exposicion a frio excesivo de origen artificial, vivienda",,,
W931,"Exposicion a frio excesivo de origen artificial, institucion residencial",,,
W932,"Exposicion a frio excesivo de origen artificial, escuelas, otras instituciones y areas administrativas publicas",,,
W933,"Exposicion a frio excesivo de origen artificial, areas de deporte y atletismo",,,
W934,"Exposicion a frio excesivo de origen artificial, calles y carreteras",,,
W935,"Exposicion a frio excesivo de origen artificial, comercio y area de servicios",,,
W936,"Exposicion a frio excesivo de origen artificial, area industrial y de la construccion",,,
W937,"Exposicion a frio excesivo de origen artificial, granja",,,
W938,"Exposicion a frio excesivo de origen artificial, otro lugar especificado",,,
W939,"Exposicion a frio excesivo de origen artificial, lugar no especificado",,,
W940,"Exposicion a presion de aire alta y baja y a cambios en la presion del aire, vivienda",,,
W941,"Exposicion a presion de aire alta y baja y a cambios en la presion del aire, institucion residencial",,,
W942,"Exposicion a presion de aire alta y baja y a cambios en la presion del aire, escuelas, otras instituciones y areas administrativas publicas",,,
W943,"Exposicion a presion de aire alta y baja y a cambios en la presion del aire, areas de deporte y atletismo",,,
W944,"Exposicion a presion de aire alta y baja y a cambios en la presion del aire, calles y carreteras",,,
W945,"Exposicion a presion de aire alta y baja y a cambios en la presion del aire, comercio y area de servicios",,,
W946,"Exposicion a presion de aire alta y baja y a cambios en la presion del aire, area industrial y de la construccion",,,
W947,"Exposicion a presion de aire alta y baja y a cambios en la presion del aire, granja",,,
W948,"Exposicion a presion de aire alta y baja y a cambios en la presion del aire, otro lugar especificado",,,
W949,"Exposicion a presion de aire alta y baja y a cambios en la presion del aire, lugar no especificado",,,
W990,"Exposicion a otros factores ambientales y a los no especificados, de origen artificial, vivienda",,,
W991,"Exposicion a otros factores ambientales y a los no especificados, de origen artificial, institucion residencial",,,
W992,"Exposicion a otros factores ambientales y a los no especificados, de origen artificial, escuelas, otras instituciones y areas administrativas publicas",,,
W993,"Exposicion a otros factores ambientales y a los no especificados, de origen artificial, areas de deporte y atletismo",,,
W994,"Exposicion a otros factores ambientales y a los no especificados, de origen artificial, calles y carreteras",,,
W995,"Exposicion a otros factores ambientales y a los no especificados, de origen artificial, comercio y area de servicios",,,
W996,"Exposicion a otros factores ambientales y a los no especificados, de origen artificial, area industrial y de la construccion",,,
W997,"Exposicion a otros factores ambientales y a los no especificados, de origen artificial, granja",,,
W998,"Exposicion a otros factores ambientales y a los no especificados, de origen artificial, otro lugar especificado",,,
W999,"Exposicion a otros factores ambientales y a los no especificados, de origen artificial, lugar no especificado",,,
X000,"Exposicion a fuego no controlado en edificio u otra construccion, vivienda",,,
X001,"Exposicion a fuego no controlado en edificio u otra construccion, institucion residencial",,,
X002,"Exposicion a fuego no controlado en edificio u otra construccion, escuelas, otras instituciones y areas administrativas  publicas",,,
X003,"Exposicion a fuego no controlado en edificio u otra construccion, areas de deporte y atletismo",,,
X004,"Exposicion a fuego no controlado en edificio u otra construccion, calles y carreteras",,,
X005,"Exposicion a fuego no controlado en edificio u otra construccion, comercio y area de servicios",,,
X006,"Exposicion a fuego no controlado en edificio u otra construccion, area industrial y de la construccion",,,
X007,"Exposicion a fuego no controlado en edificio u otra construccion, granja",,,
X008,"Exposicion a fuego no controlado en edificio u otra construccion, otro lugar especificado",,,
X009,"Exposicion a fuego no controlado en edificio u otra construccion, lugar no especificado",,,
X010,"Exposicion a fuego no controlado en lugar que no es edificio u otra construccion, vivienda",,,
X011,"Exposicion a fuego no controlado en lugar que no es edificio u otra construccion, institucion residencial",,,
X012,"Exposicion a fuego no controlado en lugar que no es edificio u otra construccion, escuelas, otras instituciones y areas administrativas  publicas",,,
X013,"Exposicion a fuego no controlado en lugar que no es edificio u otra construccion, areas de deporte y atletismo",,,
X014,"Exposicion a fuego no controlado en lugar que no es edificio u otra construccion, calles y carreteras",,,
X015,"Exposicion a fuego no controlado en lugar que no es edificio u otra construccion, comercio y area de servicios",,,
X016,"Exposicion a fuego no controlado en lugar que no es edificio u otra construccion, area industrial y de la construccion",,,
X017,"Exposicion a fuego no controlado en lugar que no es edificio u otra construccion, granja",,,
X018,"Exposicion a fuego no controlado en lugar que no es edificio u otra construccion, otro lugar especificado",,,
X019,"Exposicion a fuego no controlado en lugar que no es edificio u otra construccion, lugar no especificado",,,
X020,"Exposicion a fuego controlado en edificio u otra construccion, vivienda",,,
X021,"Exposicion a fuego controlado en edificio u otra construccion, institucion residencial",,,
X022,"Exposicion a fuego controlado en edificio u otra construccion, escuelas, otras instituciones y areas administrativas  publicas",,,
X023,"Exposicion a fuego controlado en edificio u otra construccion, areas de deporte y atletismo",,,
X024,"Exposicion a fuego controlado en edificio u otra construccion, calles y carreteras",,,
X025,"Exposicion a fuego controlado en edificio u otra construccion, comercio y area de servicios",,,
X026,"Exposicion a fuego controlado en edificio u otra construccion, area industrial y de la construccion",,,
X027,"Exposicion a fuego controlado en edificio u otra construccion, granja",,,
X028,"Exposicion a fuego controlado en edificio u otra construccion, otro lugar especificado",,,
X029,"Exposicion a fuego controlado en edificio u otra construccion, lugar no especificado",,,
X030,"Exposicion a fuego controlado en lugar que no es edificio u otra construccion, vivienda",,,
X031,"Exposicion a fuego controlado en lugar que no es edificio u otra construccion, institucion residencial",,,
X032,"Exposicion a fuego controlado en lugar que no es edificio u otra construccion, escuelas, otras instituciones y areas administrativas  publicas",,,
X033,"Exposicion a fuego controlado en lugar que no es edificio u otra construccion, areas de deporte y atletismo",,,
X034,"Exposicion a fuego controlado en lugar que no es edificio u otra construccion, calles y carreteras",,,
X035,"Exposicion a fuego controlado en lugar que no es edificio u otra construccion, comercio y area de servicios",,,
X036,"Exposicion a fuego controlado en lugar que no es edificio u otra construccion, area industrial y de la construccion",,,
X037,"Exposicion a fuego controlado en lugar que no es edificio u otra construccion, granja",,,
X038,"Exposicion a fuego controlado en lugar que no es edificio u otra construccion, otro lugar especificado",,,
X039,"Exposicion a fuego controlado en lugar que no es edificio u otra construccion, lugar no especificado",,,
X040,"Exposicion a ignicion de material altamente inflamable, vivienda",,,
X041,"Exposicion a ignicion de material altamente inflamable, institucion residencial",,,
X042,"Exposicion a ignicion de material altamente inflamable, escuelas, otras instituciones y areas administrativas  publicas",,,
X043,"Exposicion a ignicion de material altamente inflamable, areas de deporte y atletismo",,,
X044,"Exposicion a ignicion de material altamente inflamable, calles y carreteras",,,
X045,"Exposicion a ignicion de material altamente inflamable, comercio y area de servicios",,,
X046,"Exposicion a ignicion de material altamente inflamable, area industrial y de la construccion",,,
X047,"Exposicion a ignicion de material altamente inflamable, granja",,,
X048,"Exposicion a ignicion de material altamente inflamable, otro lugar especificado",,,
X049,"Exposicion a ignicion de material altamente inflamable, lugar no especificado",,,
X050,"Exposicion a ignicion o fusion de ropas de dormir, vivienda",,,
X051,"Exposicion a ignicion o fusion de ropas de dormir, institucion residencial",,,
X052,"Exposicion a ignicion o fusion de ropas de dormir, escuelas, otras instituciones y areas administrativas  publicas",,,
X053,"Exposicion a ignicion o fusion de ropas de dormir, areas de deporte y atletismo",,,
X054,"Exposicion a ignicion o fusion de ropas de dormir, calles y carreteras",,,
X055,"Exposicion a ignicion o fusion de ropas de dormir, comercio y area de servicios",,,
X056,"Exposicion a ignicion o fusion de ropas de dormir, area industrial y de la construccion",,,
X057,"Exposicion a ignicion o fusion de ropas de dormir, granja",,,
X058,"Exposicion a ignicion o fusion de ropas de dormir, otro lugar especificado",,,
X059,"Exposicion a ignicion o fusion de ropas de dormir, lugar no especificado",,,
X060,"Exposicion a ignicion o fusion de otras ropas y accesorios, vivienda",,,
X061,"Exposicion a ignicion o fusion de otras ropas y accesorios, institucion residencial",,,
X062,"Exposicion a ignicion o fusion de otras ropas y accesorios, escuelas, otras instituciones y areas administrativas  publicas",,,
X063,"Exposicion a ignicion o fusion de otras ropas y accesorios, areas de deporte y atletismo",,,
X064,"Exposicion a ignicion o fusion de otras ropas y accesorios, calles y carreteras",,,
X065,"Exposicion a ignicion o fusion de otras ropas y accesorios, comercio y area de servicios",,,
X066,"Exposicion a ignicion o fusion de otras ropas y accesorios, area industrial y de la construccion",,,
X067,"Exposicion a ignicion o fusion de otras ropas y accesorios, granja",,,
X068,"Exposicion a ignicion o fusion de otras ropas y accesorios, otro lugar especificado",,,
X069,"Exposicion a ignicion o fusion de otras ropas y accesorios, lugar no especificado",,,
X080,"Exposicion a otros humos, fuegos o llamas especificados, vivienda",,,
X081,"Exposicion a otros humos, fuegos o llamas especificados, institucion residencial",,,
X082,"Exposicion a otros humos, fuegos o llamas especificados, escuelas, otras instituciones y areas administrativas  publicas",,,
X083,"Exposicion a otros humos, fuegos o llamas especificados, areas de deporte y atletismo",,,
X084,"Exposicion a otros humos, fuegos o llamas especificados, calles y carreteras",,,
X085,"Exposicion a otros humos, fuegos o llamas especificados, comercio y area de servicios",,,
X086,"Exposicion a otros humos, fuegos o llamas especificados, area industrial y de la construccion",,,
X087,"Exposicion a otros humos, fuegos o llamas especificados, granja",,,
X088,"Exposicion a otros humos, fuegos o llamas especificados, otro lugar especificado",,,
X089,"Exposicion a otros humos, fuegos o llamas especificados, lugar no especificado",,,
X090,"Exposicion a humos, fuegos o llamas no especificados, vivienda",,,
X091,"Exposicion a humos, fuegos o llamas no especificados, institucion residencial",,,
X092,"Exposicion a humos, fuegos o llamas no especificados, escuelas, otras instituciones y areas administrativas  publicas",,,
X093,"Exposicion a humos, fuegos o llamas no especificados, areas de deporte y atletismo",,,
X094,"Exposicion a humos, fuegos o llamas no especificados, calles y carreteras",,,
X095,"Exposicion a humos, fuegos o llamas no especificados, comercio y area de servicios",,,
X096,"Exposicion a humos, fuegos o llamas no especificados, area industrial y de la construccion",,,
X097,"Exposicion a humos, fuegos o llamas no especificados, granja",,,
X098,"Exposicion a humos, fuegos o llamas no especificados, otro lugar especificado",,,
X099,"Exposicion a humos, fuegos o llamas no especificados, lugar no especificado",,,
X100,"Contacto con bebidas, alimentos, grasas y aceites para cocinar, calientes, vivienda",,,
X101,"Contacto con bebidas, alimentos, grasas y aceites para cocinar, calientes, institucion residencial",,,
X102,"Contacto con bebidas, alimentos, grasas y aceites para cocinar, calientes, escuelas, otras instituciones y areas administrativas  publicas",,,
X103,"Contacto con bebidas, alimentos, grasas y aceites para cocinar, calientes, areas de deporte y atletismo",,,
X104,"Contacto con bebidas, alimentos, grasas y aceites para cocinar, calientes, calles y carreteras",,,
X105,"Contacto con bebidas, alimentos, grasas y aceites para cocinar, calientes, comercio y area de servicios",,,
X106,"Contacto con bebidas, alimentos, grasas y aceites para cocinar, calientes, area industrial y de la construccion",,,
X107,"Contacto con bebidas, alimentos, grasas y aceites para cocinar, calientes, granja",,,
X108,"Contacto con bebidas, alimentos, grasas y aceites para cocinar, calientes, otro lugar especificado",,,
X109,"Contacto con bebidas, alimentos, grasas y aceites para cocinar, calientes, lugar no especificado",,,
X110,"Contacto con agua caliente corriente, vivienda",,,
X111,"Contacto con agua caliente corriente, institucion residencial",,,
X112,"Contacto con agua caliente corriente, escuelas, otras instituciones y areas administrativas  publicas",,,
X113,"Contacto con agua caliente corriente, areas de deporte y atletismo",,,
X114,"Contacto con agua caliente corriente, calles y carreteras",,,
X115,"Contacto con agua caliente corriente, comercio y area de servicios",,,
X116,"Contacto con agua caliente corriente, area industrial y de la construccion",,,
X117,"Contacto con agua caliente corriente, granja",,,
X118,"Contacto con agua caliente corriente, otro lugar especificado",,,
X119,"Contacto con agua caliente corriente, lugar no especificado",,,
X120,"Contacto con otros liquidos calientes, vivienda",,,
X121,"Contacto con otros liquidos calientes, institucion residencial",,,
X122,"Contacto con otros liquidos calientes, escuelas, otras instituciones y areas administrativas  publicas",,,
X123,"Contacto con otros liquidos calientes, areas de deporte y atletismo",,,
X124,"Contacto con otros liquidos calientes, calles y carreteras",,,
X125,"Contacto con otros liquidos calientes, comercio y area de servicios",,,
X126,"Contacto con otros liquidos calientes, area industrial y de la construccion",,,
X127,"Contacto con otros liquidos calientes, granja",,,
X128,"Contacto con otros liquidos calientes, otro lugar especificado",,,
X129,"Contacto con otros liquidos calientes, lugar no especificado",,,
X130,"Contacto con vapor de agua y otros vapores calientes, vivienda",,,
X131,"Contacto con vapor de agua y otros vapores calientes, institucion residencial",,,
X132,"Contacto con vapor de agua y otros vapores calientes, escuelas, otras instituciones y areas administrativas  publicas",,,
X133,"Contacto con vapor de agua y otros vapores calientes, areas de deporte y atletismo",,,
X134,"Contacto con vapor de agua y otros vapores calientes, calles y carreteras",,,
X135,"Contacto con vapor de agua y otros vapores calientes, comercio y area de servicios",,,
X136,"Contacto con vapor de agua y otros vapores calientes, area industrial y de la construccion",,,
X137,"Contacto con vapor de agua y otros vapores calientes, granja",,,
X138,"Contacto con vapor de agua y otros vapores calientes, otro lugar especificado",,,
X139,"Contacto con vapor de agua y otros vapores calientes, lugar no especificado",,,
X140,"Contacto con aire y gases calientes, vivienda",,,
X141,"Contacto con aire y gases calientes, institucion residencial",,,
X142,"Contacto con aire y gases calientes, escuelas, otras instituciones y areas administrativas  publicas",,,
X143,"Contacto con aire y gases calientes, areas de deporte y atletismo",,,
X144,"Contacto con aire y gases calientes, calles y carreteras",,,
X145,"Contacto con aire y gases calientes, comercio y area de servicios",,,
X146,"Contacto con aire y gases calientes, area industrial y de la construccion",,,
X147,"Contacto con aire y gases calientes, granja",,,
X148,"Contacto con aire y gases calientes, otro lugar especificado",,,
X149,"Contacto con aire y gases calientes, lugar no especificado",,,
X150,"Contacto con utensilios domesticos calientes, vivienda",,,
X151,"Contacto con utensilios domesticos calientes, institucion residencial",,,
X152,"Contacto con utensilios domesticos calientes, escuelas, otras instituciones y areas administrativas  publicas",,,
X153,"Contacto con utensilios domesticos calientes, areas de deporte y atletismo",,,
X154,"Contacto con utensilios domesticos calientes, calles y carreteras",,,
X155,"Contacto con utensilios domesticos calientes, comercio y area de servicios",,,
X156,"Contacto con utensilios domesticos calientes, area industrial y de la construccion",,,
X157,"Contacto con utensilios domesticos calientes, granja",,,
X158,"Contacto con utensilios domesticos calientes, otro lugar especificado",,,
X159,"Contacto con utensilios domesticos calientes, lugar no especificado",,,
X160,"Contacto con radiadores, canerias y artefactos para calefaccion, calientes, vivienda",,,
X161,"Contacto con radiadores, canerias y artefactos para calefaccion, calientes, institucion residencial",,,
X162,"Contacto con radiadores, canerias y artefactos para calefaccion, calientes, escuelas, otras instituciones y areas administrativas  publicas",,,
X163,"Contacto con radiadores, canerias y artefactos para calefaccion, calientes, areas de deporte y atletismo",,,
X164,"Contacto con radiadores, canerias y artefactos para calefaccion, calientes, calles y carreteras",,,
X165,"Contacto con radiadores, canerias y artefactos para calefaccion, calientes, comercio y area de servicios",,,
X166,"Contacto con radiadores, canerias y artefactos para calefaccion, calientes, area industrial y de la construccion",,,
X167,"Contacto con radiadores, canerias y artefactos para calefaccion, calientes, granja",,,
X168,"Contacto con radiadores, canerias y artefactos para calefaccion, calientes, otro lugar especificado",,,
X169,"Contacto con radiadores, canerias y artefactos para calefaccion, calientes, lugar no especificado",,,
X170,"Contacto con maquinas, motores y herramientas calientes, vivienda",,,
X171,"Contacto con maquinas, motores y herramientas calientes, institucion residencial",,,
X172,"Contacto con maquinas, motores y herramientas calientes, escuelas, otras instituciones y areas administrativas  publicas",,,
X173,"Contacto con maquinas, motores y herramientas calientes, areas de deporte y atletismo",,,
X174,"Contacto con maquinas, motores y herramientas calientes, calles y carreteras",,,
X175,"Contacto con maquinas, motores y herramientas calientes, comercio y area de servicios",,,
X176,"Contacto con maquinas, motores y herramientas calientes, area industrial y de la construccion",,,
X177,"Contacto con maquinas, motores y herramientas calientes, granja",,,
X178,"Contacto con maquinas, motores y herramientas calientes, otro lugar especificado",,,
X179,"Contacto con maquinas, motores y herramientas calientes, lugar no especificado",,,
X180,"Contacto con otros metales calientes, vivienda",,,
X181,"Contacto con otros metales calientes, institucion residencial",,,
X182,"Contacto con otros metales calientes, escuelas, otras instituciones y areas administrativas  publicas",,,
X183,"Contacto con otros metales calientes, areas de deporte y atletismo",,,
X184,"Contacto con otros metales calientes, calles y carreteras",,,
X185,"Contacto con otros metales calientes, comercio y area de servicios",,,
X186,"Contacto con otros metales calientes, area industrial y de la construccion",,,
X187,"Contacto con otros metales calientes, granja",,,
X188,"Contacto con otros metales calientes, otro lugar especificado",,,
X189,"Contacto con otros metales calientes, lugar no especificado",,,
X190,"Contacto con otras sustancias calientes, y las no especificadas, vivienda",,,
X191,"Contacto con otras sustancias calientes, y las no especificadas, institucion residencial",,,
X192,"Contacto con otras sustancias calientes, y las no especificadas, escuelas, otras instituciones y areas administrativas  publicas",,,
X193,"Contacto con otras sustancias calientes, y las no especificadas, areas de deporte y atletismo",,,
X194,"Contacto con otras sustancias calientes, y las no especificadas, calles y carreteras",,,
X195,"Contacto con otras sustancias calientes, y las no especificadas, comercio y area de servicios",,,
X196,"Contacto con otras sustancias calientes, y las no especificadas, area industrial y de la construccion",,,
X197,"Contacto con otras sustancias calientes, y las no especificadas, granja",,,
X198,"Contacto con otras sustancias calientes, y las no especificadas, otro lugar especificado",,,
X199,"Contacto con otras sustancias calientes, y las no especificadas, lugar no especificado",,,
X200,"Contacto traumatico con serpientes y lagartos venenosos, vivienda",,,
X201,"Contacto traumatico con serpientes y lagartos venenosos, institucion residencial",,,
X202,"Contacto traumatico con serpientes y lagartos venenosos, escuelas, otras instituciones y areas administrativas  publicas",,,
X203,"Contacto traumatico con serpientes y lagartos venenosos, areas de deporte y atletismo",,,
X204,"Contacto traumatico con serpientes y lagartos venenosos, calles y carreteras",,,
X205,"Contacto traumatico con serpientes y lagartos venenosos, comercio y area de servicios",,,
X206,"Contacto traumatico con serpientes y lagartos venenosos, area industrial y de la construccion",,,
X207,"Contacto traumatico con serpientes y lagartos venenosos, granja",,,
X208,"Contacto traumatico con serpientes y lagartos venenosos, otro lugar especificado",,,
X209,"Contacto traumatico con serpientes y lagartos venenosos, lugar no especificado",,,
X210,"Contacto traumatico con aranas venenosas, vivienda",,,
X211,"Contacto traumatico con aranas venenosas, institucion residencial",,,
X212,"Contacto traumatico con aranas venenosas, escuelas, otras instituciones y areas administrativas  publicas",,,
X213,"Contacto traumatico con aranas venenosas, areas de deporte y atletismo",,,
X214,"Contacto traumatico con aranas venenosas, calles y carreteras",,,
X215,"Contacto traumatico con aranas venenosas, comercio y area de servicios",,,
X216,"Contacto traumatico con aranas venenosas, area industrial y de la construccion",,,
X217,"Contacto traumatico con aranas venenosas, granja",,,
X218,"Contacto traumatico con aranas venenosas, otro lugar especificado",,,
X219,"Contacto traumatico con aranas venenosas, lugar no especificado",,,
X220,"Contacto traumatico con escorpion, vivienda",,,
X221,"Contacto traumatico con escorpion, institucion residencial",,,
X222,"Contacto traumatico con escorpion, escuelas, otras instituciones y areas administrativas  publicas",,,
X223,"Contacto traumatico con escorpion, areas de deporte y atletismo",,,
X224,"Contacto traumatico con escorpion, calles y carreteras",,,
X225,"Contacto traumatico con escorpion, comercio y area de servicios",,,
X226,"Contacto traumatico con escorpion, area industrial y de la construccion",,,
X227,"Contacto traumatico con escorpion, granja",,,
X228,"Contacto traumatico con escorpion, otro lugar especificado",,,
X229,"Contacto traumatico con escorpion, lugar no especificado",,,
X230,"Contacto traumatico con avispones, avispas y abejas, vivienda",,,
X231,"Contacto traumatico con avispones, avispas y abejas, institucion residencial",,,
X232,"Contacto traumatico con avispones, avispas y abejas, escuelas, otras instituciones y areas administrativas  publicas",,,
X233,"Contacto traumatico con avispones, avispas y abejas, areas de deporte y atletismo",,,
X234,"Contacto traumatico con avispones, avispas y abejas, calles y carreteras",,,
X235,"Contacto traumatico con avispones, avispas y abejas, comercio y area de servicios",,,
X236,"Contacto traumatico con avispones, avispas y abejas, area industrial y de la construccion",,,
X237,"Contacto traumatico con avispones, avispas y abejas, granja",,,
X238,"Contacto traumatico con avispones, avispas y abejas, otro lugar especificado",,,
X239,"Contacto traumatico con avispones, avispas y abejas, lugar no especificado",,,
X240,"Contacto traumatico con centipodos y miriapodos venenosos (tropicales), vivienda",,,
X241,"Contacto traumatico con centipodos y miriapodos venenosos (tropicales), institucion residencial",,,
X242,"Contacto traumatico con centipodos y miriapodos venenosos (tropicales), escuelas, otras instituciones y areas administrativas  publicas",,,
X243,"Contacto traumatico con centipodos y miriapodos venenosos (tropicales), areas de deporte y atletismo",,,
X244,"Contacto traumatico con centipodos y miriapodos venenosos (tropicales), calles y carreteras",,,
X245,"Contacto traumatico con centipodos y miriapodos venenosos (tropicales), comercio y area de servicios",,,
X246,"Contacto traumatico con centipodos y miriapodos venenosos (tropicales), area industrial y de la construccion",,,
X247,"Contacto traumatico con centipodos y miriapodos venenosos (tropicales), granja",,,
X248,"Contacto traumatico con centipodos y miriapodos venenosos (tropicales), otro lugar especificado",,,
X249,"Contacto traumatico con centipodos y miriapodos venenosos (tropicales), lugar no especificado",,,
X250,"Contacto traumatico con otros artropodos venenosos, vivienda",,,
X251,"Contacto traumatico con otros artropodos venenosos, institucion residencial",,,
X252,"Contacto traumatico con otros artropodos venenosos, escuelas, otras instituciones y areas administrativas  publicas",,,
X253,"Contacto traumatico con otros artropodos venenosos, areas de deporte y atletismo",,,
X254,"Contacto traumatico con otros artropodos venenosos, calles y carreteras",,,
X255,"Contacto traumatico con otros artropodos venenosos, comercio y area de servicios",,,
X256,"Contacto traumatico con otros artropodos venenosos, area industrial y de la construccion",,,
X257,"Contacto traumatico con otros artropodos venenosos, granja",,,
X258,"Contacto traumatico con otros artropodos venenosos, otro lugar especificado",,,
X259,"Contacto traumatico con otros artropodos venenosos, lugar no especificado",,,
X260,"Contacto traumatico con animales y plantas marinas venenosos, vivienda",,,
X261,"Contacto traumatico con animales y plantas marinas venenosos, institucion residencial",,,
X262,"Contacto traumatico con animales y plantas marinas venenosos, escuelas, otras instituciones y areas administrativas  publicas",,,
X263,"Contacto traumatico con animales y plantas marinas venenosos, areas de deporte y atletismo",,,
X264,"Contacto traumatico con animales y plantas marinas venenosos, calles y carreteras",,,
X265,"Contacto traumatico con animales y plantas marinas venenosos, comercio y area de servicios",,,
X266,"Contacto traumatico con animales y plantas marinas venenosos, area industrial y de la construccion",,,
X267,"Contacto traumatico con animales y plantas marinas venenosos, granja",,,
X268,"Contacto traumatico con animales y plantas marinas venenosos, otro lugar especificado",,,
X269,"Contacto traumatico con animales y plantas marinas venenosos, lugar no especificado",,,
X270,"Contacto traumatico con otros animales venenosos especificados, vivienda",,,
X271,"Contacto traumatico con otros animales venenosos especificados, institucion residencial",,,
X272,"Contacto traumatico con otros animales venenosos especificados, escuelas, otras instituciones y areas administrativas  publicas",,,
X273,"Contacto traumatico con otros animales venenosos especificados, areas de deporte y atletismo",,,
X274,"Contacto traumatico con otros animales venenosos especificados, calles y carreteras",,,
X275,"Contacto traumatico con otros animales venenosos especificados, comercio y area de servicios",,,
X276,"Contacto traumatico con otros animales venenosos especificados, area industrial y de la construccion",,,
X277,"Contacto traumatico con otros animales venenosos especificados, granja",,,
X278,"Contacto traumatico con otros animales venenosos especificados, otro lugar especificado",,,
X279,"Contacto traumatico con otros animales venenosos especificados, lugar no especificado",,,
X280,"Contacto traumatico con otras plantas venenosas especificadas, vivienda",,,
X281,"Contacto traumatico con otras plantas venenosas especificadas, institucion residencial",,,
X282,"Contacto traumatico con otras plantas venenosas especificadas, escuelas, otras instituciones y areas administrativas  publicas",,,
X283,"Contacto traumatico con otras plantas venenosas especificadas, areas de deporte y atletismo",,,
X284,"Contacto traumatico con otras plantas venenosas especificadas, calles y carreteras",,,
X285,"Contacto traumatico con otras plantas venenosas especificadas, comercio y area de servicios",,,
X286,"Contacto traumatico con otras plantas venenosas especificadas, area industrial y de la construccion",,,
X287,"Contacto traumatico con otras plantas venenosas especificadas, granja",,,
X288,"Contacto traumatico con otras plantas venenosas especificadas, otro lugar especificado",,,
X289,"Contacto traumatico con otras plantas venenosas especificadas, lugar no especificado",,,
X290,"Contacto traumatico con animales y plantas venenosos no especificados, vivienda",,,
X291,"Contacto traumatico con animales y plantas venenosos no especificados, institucion residencial",,,
X292,"Contacto traumatico con animales y plantas venenosos no especificados, escuelas, otras instituciones y areas administrativas  publicas",,,
X293,"Contacto traumatico con animales y plantas venenosos no especificados, areas de deporte y atletismo",,,
X294,"Contacto traumatico con animales y plantas venenosos no especificados, calles y carreteras",,,
X295,"Contacto traumatico con animales y plantas venenosos no especificados, comercio y area de servicios",,,
X296,"Contacto traumatico con animales y plantas venenosos no especificados, area industrial y de la construccion",,,
X297,"Contacto traumatico con animales y plantas venenosos no especificados, granja",,,
X298,"Contacto traumatico con animales y plantas venenosos no especificados, otro lugar especificado",,,
X299,"Contacto traumatico con animales y plantas venenosos no especificados, lugar no especificado",,,
X300,"Exposicion al calor natural excesivo, vivienda",,,
X301,"Exposicion al calor natural excesivo, institucion residencial",,,
X302,"Exposicion al calor natural excesivo, escuelas, otras instituciones y areas administrativas  publicas",,,
X303,"Exposicion al calor natural excesivo, areas de deporte y atletismo",,,
X304,"Exposicion al calor natural excesivo, calles y carreteras",,,
X305,"Exposicion al calor natural excesivo, comercio y area de servicios",,,
X306,"Exposicion al calor natural excesivo, area industrial y de la construccion",,,
X307,"Exposicion al calor natural excesivo, granja",,,
X308,"Exposicion al calor natural excesivo, otro lugar especificado",,,
X309,"Exposicion al calor natural excesivo, lugar no especificado",,,
X310,"Exposicion al frio natural excesivo, vivienda",,,
X311,"Exposicion al frio natural excesivo, institucion residencial",,,
X312,"Exposicion al frio natural excesivo, escuelas, otras instituciones y areas administrativas  publicas",,,
X313,"Exposicion al frio natural excesivo, areas de deporte y atletismo",,,
X314,"Exposicion al frio natural excesivo, calles y carreteras",,,
X315,"Exposicion al frio natural excesivo, comercio y area de servicios",,,
X316,"Exposicion al frio natural excesivo, area industrial y de la construccion",,,
X317,"Exposicion al frio natural excesivo, granja",,,
X318,"Exposicion al frio natural excesivo, otro lugar especificado",,,
X319,"Exposicion al frio natural excesivo, lugar no especificado",,,
X320,"Exposicion a rayos solares, vivienda",,,
X321,"Exposicion a rayos solares, institucion residencial",,,
X322,"Exposicion a rayos solares, escuelas, otras instituciones y areas administrativas  publicas",,,
X323,"Exposicion a rayos solares, areas de deporte y atletismo",,,
X324,"Exposicion a rayos solares, calles y carreteras",,,
X325,"Exposicion a rayos solares, comercio y area de servicios",,,
X326,"Exposicion a rayos solares, area industrial y de la construccion",,,
X327,"Exposicion a rayos solares, granja",,,
X328,"Exposicion a rayos solares, otro lugar especificado",,,
X329,"Exposicion a rayos solares, lugar no especificado",,,
X330,"Victima de rayo, vivienda",,,
X331,"Victima de rayo, institucion residencial",,,
X332,"Victima de rayo, escuelas, otras instituciones y areas administrativas  publicas",,,
X333,"Victima de rayo, areas de deporte y atletismo",,,
X334,"Victima de rayo, calles y carreteras",,,
X335,"Victima de rayo, comercio y area de servicios",,,
X336,"Victima de rayo, area industrial y de la construccion",,,
X337,"Victima de rayo, granja",,,
X338,"Victima de rayo, otro lugar especificado",,,
X339,"Victima de rayo, lugar no especificado",,,
X340,Víctima de movimientos cataclísmicos de la tierra causados por terremoto ,,,
X341,Víctima de tsunami ,,,
X348,Víctima de otros efectos de terremoto especificados ,,,
X349,Víctima de efectos de terremoto no especificados ,,,
X350,"Victima de erupcion volcanica, vivienda",,,
X351,"Victima de erupcion volcanica, institucion residencial",,,
X352,"Victima de erupcion volcanica, escuelas, otras instituciones y areas administrativas  publicas",,,
X353,"Victima de erupcion volcanica, areas de deporte y atletismo",,,
X354,"Victima de erupcion volcanica, calles y carreteras",,,
X355,"Victima de erupcion volcanica, comercio y area de servicios",,,
X356,"Victima de erupcion volcanica, area industrial y de la construccion",,,
X357,"Victima de erupcion volcanica, granja",,,
X358,"Victima de erupcion volcanica, otro lugar especificado",,,
X359,"Victima de erupcion volcanica, lugar no especificado",,,
X360,"Victima de avalancha, derrumbe y otros movimientos de tierra, vivienda",,,
X361,"Victima de avalancha, derrumbe y otros movimientos de tierra, institucion residencial",,,
X362,"Victima de avalancha, derrumbe y otros movimientos de tierra, escuelas, otras instituciones y areas administrativas publicas",,,
X363,"Victima de avalancha, derrumbe y otros movimientos de tierra, areas de deporte y atletismo",,,
X364,"Victima de avalancha, derrumbe y otros movimientos de tierra, calles y carreteras",,,
X365,"Victima de avalancha, derrumbe y otros movimientos de tierra, comercio y areas de servicio",,,
X366,"Victima de avalancha, derrumbe y otros movimientos de tierra, area industrial y de la construccion",,,
X367,"Victima de avalancha, derrumbe y otros movimientos de tierra, granja",,,
X368,"Victima de avalancha, derrumbe y otros movimientos de tierra, otro lugar  especificado",,,
X369,"Victima de avalancha, derrumbe y otros movimientos de tierra, lugar no especificado",,,
X370,"Victima de tormenta cataclismica, vivienda",,,
X371,"Victima de tormenta cataclismica, institucion residencial",,,
X372,"Victima de tormenta cataclismica, escuelas, otras instituciones y areas administrativas  publicas",,,
X373,"Victima de tormenta cataclismica, areas de deporte y atletismo",,,
X374,"Victima de tormenta cataclismica, calles y carreteras",,,
X375,"Victima de tormenta cataclismica, comercio y area de servicios",,,
X376,"Victima de tormenta cataclismica, area industrial y de la construccion",,,
X377,"Victima de tormenta cataclismica, granja",,,
X378,"Victima de tormenta cataclismica, otro lugar especificado",,,
X379,"Victima de tormenta cataclismica, lugar no especificado",,,
X380,"Victima de inundacion, vivienda",,,
X381,"Victima de inundacion, institucion residencial",,,
X382,"Victima de inundacion, escuelas, otras instituciones y areas administrativas  publicas",,,
X383,"Victima de inundacion, areas de deporte y atletismo",,,
X384,"Victima de inundacion, calles y carreteras",,,
X385,"Victima de inundacion, comercio y area de servicios",,,
X386,"Victima de inundacion, area industrial y de la construccion",,,
X387,"Victima de inundacion, granja",,,
X388,"Victima de inundacion, otro lugar especificado",,,
X389,"Victima de inundacion, lugar no especificado",,,
X390,"Exposicion a otras fuerzas de la naturaleza, y las no especificadas, vivienda",,,
X391,"Exposicion a otras fuerzas de la naturaleza, y las no especificadas, institucion residencial",,,
X392,"Exposicion a otras fuerzas de la naturaleza, y las no especificadas, escuelas, otras instituciones y areas administrativas  publicas",,,
X393,"Exposicion a otras fuerzas de la naturaleza, y las no especificadas, areas de deporte y atletismo",,,
X394,"Exposicion a otras fuerzas de la naturaleza, y las no especificadas, calles y carreteras",,,
X395,"Exposicion a otras fuerzas de la naturaleza, y las no especificadas, comercio y area de servicios",,,
X396,"Exposicion a otras fuerzas de la naturaleza, y las no especificadas, area industrial y de la construccion",,,
X397,"Exposicion a otras fuerzas de la naturaleza, y las no especificadas, granja",,,
X398,"Exposicion a otras fuerzas de la naturaleza, y las no especificadas, otro lugar especificado",,,
X399,"Exposicion a otras fuerzas de la naturaleza, y las no especificadas, lugar no especificado",,,
X400,"Envenenamiento accidental por, y exposicion a analgesicos no narcoticos, antipireticos y antirreumaticos, vivienda",,,
X401,"Envenenamiento accidental por, y exposicion a analgesicos no narcoticos, antipireticos y antirreumaticos, institucion residencial",,,
X402,"Envenenamiento accidental por, y exposicion a analgesicos no narcoticos, antipireticos y antirreumaticos, escuelas, otras instituciones y areas administrativas  publicas",,,
X403,"Envenenamiento accidental por, y exposicion a analgesicos no narcoticos, antipireticos y antirreumaticos, areas de deporte y atletismo",,,
X404,"Envenenamiento accidental por, y exposicion a analgesicos no narcoticos, antipireticos y antirreumaticos, calles y carreteras",,,
X405,"Envenenamiento accidental por, y exposicion a analgesicos no narcoticos, antipireticos y antirreumaticos, comercio y area de servicios",,,
X406,"Envenenamiento accidental por, y exposicion a analgesicos no narcoticos, antipireticos y antirreumaticos, area industrial y de la construccion",,,
X407,"Envenenamiento accidental por, y exposicion a analgesicos no narcoticos, antipireticos y antirreumaticos, granja",,,
X408,"Envenenamiento accidental por, y exposicion a analgesicos no narcoticos, antipireticos y antirreumaticos, otro lugar especificado",,,
X409,"Envenenamiento accidental por, y exposicion a analgesicos no narcoticos, antipireticos y antirreumaticos, lugar no especificado",,,
X410,"Envenenamiento accidental por, y exposicion a drogas antiepilepticas, sedantes, hipnoticas, antiparkinsonianas y psicotropicas, no clasificadas en otra parte, vivienda",,,
X411,"Envenenamiento accidental por, y exposicion a drogas antiepilepticas, sedantes, hipnoticas, antiparkinsonianas y psicotropicas, no clasificadas en otra parte, institucion residencial",,,
X412,"Envenenamiento accidental por, y exposicion a drogas antiepilepticas, sedantes, hipnoticas, antiparkinsonianas y psicotropicas, no clasificadas en otra parte, escuelas, otras instituciones y areas administrativas  publicas",,,
X413,"Envenenamiento accidental por, y exposicion a drogas antiepilepticas, sedantes, hipnoticas, antiparkinsonianas y psicotropicas, no clasificadas en otra parte, areas de deporte y atletismo",,,
X414,"Envenenamiento accidental por, y exposicion a drogas antiepilepticas, sedantes, hipnoticas, antiparkinsonianas y psicotropicas, no clasificadas en otra parte, calles y carreteras",,,
X415,"Envenenamiento accidental por, y exposicion a drogas antiepilepticas, sedantes, hipnoticas, antiparkinsonianas y psicotropicas, no clasificadas en otra parte, comercio y area de servicios",,,
X416,"Envenenamiento accidental por, y exposicion a drogas antiepilepticas, sedantes, hipnoticas, antiparkinsonianas y psicotropicas, no clasificadas en otra parte, area industrial y de la construccion",,,
X417,"Envenenamiento accidental por, y exposicion a drogas antiepilepticas, sedantes, hipnoticas, antiparkinsonianas y psicotropicas, no clasificadas en otra parte, granja",,,
X418,"Envenenamiento accidental por, y exposicion a drogas antiepilepticas, sedantes, hipnoticas, antiparkinsonianas y psicotropicas, no clasificadas en otra parte, otro lugar especificado",,,
X419,"Envenenamiento accidental por, y exposicion a drogas antiepilepticas, sedantes, hipnoticas, antiparkinsonianas y psicotropicas, no clasificadas en otra parte, lugar no especificado",,,
X420,"Envenenamiento accidental por, y exposicion a narcoticos y psicodislepticos [alucinogenos], no clasificados en otra parte, vivienda",,,
X421,"Envenenamiento accidental por, y exposicion a narcoticos y psicodislepticos [alucinogenos], no clasificados en otra parte, institucion residencial",,,
X422,"Envenenamiento accidental por, y exposicion a narcoticos y psicodislepticos [alucinogenos], no clasificados en otra parte, escuelas, otras instituciones y areas administrativas  publicas",,,
X423,"Envenenamiento accidental por, y exposicion a narcoticos y psicodislepticos [alucinogenos], no clasificados en otra parte, areas de deporte y atletismo",,,
X424,"Envenenamiento accidental por, y exposicion a narcoticos y psicodislepticos [alucinogenos], no clasificados en otra parte, calles y carreteras",,,
X425,"Envenenamiento accidental por, y exposicion a narcoticos y psicodislepticos [alucinogenos], no clasificados en otra parte, comercio y area de servicios",,,
X426,"Envenenamiento accidental por, y exposicion a narcoticos y psicodislepticos [alucinogenos], no clasificados en otra parte, area industrial y de la construccion",,,
X427,"Envenenamiento accidental por, y exposicion a narcoticos y psicodislepticos [alucinogenos], no clasificados en otra parte, granja",,,
X428,"Envenenamiento accidental por, y exposicion a narcoticos y psicodislepticos [alucinogenos], no clasificados en otra parte, otro lugar especificado",,,
X429,"Envenenamiento accidental por, y exposicion a narcoticos y psicodislepticos [alucinogenos], no clasificados en otra parte, lugar no especificado",,,
X430,"Envenenamiento accidental por, y exposicion a otras drogas que actuan sobre el sistema nervioso autonomo, vivienda",,,
X431,"Envenenamiento accidental por, y exposicion a otras drogas que actuan sobre el sistema nervioso autonomo, institucion residencial",,,
X432,"Envenenamiento accidental por, y exposicion a otras drogas que actuan sobre el sistema nervioso autonomo, escuelas, otras instituciones y areas administrativas publicas",,,
X433,"Envenenamiento accidental por, y exposicion a otras drogas que actuan sobre el sistema nervioso autonomo, areas de deporte y atletismo",,,
X434,"Envenenamiento accidental por, y exposicion a otras drogas que actuan sobre el sistema nervioso autonomo, calles y carreteras",,,
X435,"Envenenamiento accidental por, y exposicion a otras drogas que actuan sobre el sistema nervioso autonomo, comercio y area de servicios",,,
X436,"Envenenamiento accidental por, y exposicion a otras drogas que actuan sobre el sistema nervioso autonomo, area industrial y de la construccion",,,
X437,"Envenenamiento accidental por, y exposicion a otras drogas que actuan sobre el sistema nervioso autonomo, granja",,,
X438,"Envenenamiento accidental por, y exposicion a otras drogas que actuan sobre el sistema nervioso autonomo, otro lugar especificado",,,
X439,"Envenenamiento accidental por, y exposicion a otras drogas que actuan sobre el sistema nervioso autonomo, lugar no especificado",,,
X440,"Envenenamiento accidental por, y exposicion a otras drogas, medicamentos y sustancias biologicas, y los no especificados, vivienda",,,
X441,"Envenenamiento accidental por, y exposicion a otras drogas, medicamentos y sustancias biologicas, y los no especificados, institucion residencial",,,
X442,"Envenenamiento accidental por, y exposicion a otras drogas, medicamentos y sustancias biologicas, y los no especificados, escuelas, otras instituciones y areas administrativas  publicas",,,
X443,"Envenenamiento accidental por, y exposicion a otras drogas, medicamentos y sustancias biologicas, y los no especificados, areas de deporte y atletismo",,,
X444,"Envenenamiento accidental por, y exposicion a otras drogas, medicamentos y sustancias biologicas, y los no especificados, calles y carreteras",,,
X445,"Envenenamiento accidental por, y exposicion a otras drogas, medicamentos y sustancias biologicas, y los no especificados, comercio y area de servicios",,,
X446,"Envenenamiento accidental por, y exposicion a otras drogas, medicamentos y sustancias biologicas, y los no especificados, area industrial y de la construccion",,,
X447,"Envenenamiento accidental por, y exposicion a otras drogas, medicamentos y sustancias biologicas, y los no especificados, granja",,,
X448,"Envenenamiento accidental por, y exposicion a otras drogas, medicamentos y sustancias biologicas, y los no especificados, otro lugar especificado",,,
X449,"Envenenamiento accidental por, y exposicion a otras drogas, medicamentos y sustancias biologicas, y los no especificados, lugar no especificado",,,
X450,"Envenenamiento accidental por, y exposicion al alcohol, vivienda",,,
X451,"Envenenamiento accidental por, y exposicion al alcohol, institucion residencial",,,
X452,"Envenenamiento accidental por, y exposicion al alcohol, escuelas, otras instituciones y areas administrativas  publicas",,,
X453,"Envenenamiento accidental por, y exposicion al alcohol, areas de deporte y atletismo",,,
X454,"Envenenamiento accidental por, y exposicion al alcohol, calles y carreteras",,,
X455,"Envenenamiento accidental por, y exposicion al alcohol, comercio y area de servicios",,,
X456,"Envenenamiento accidental por, y exposicion al alcohol, area industrial y de la construccion",,,
X457,"Envenenamiento accidental por, y exposicion al alcohol, granja",,,
X458,"Envenenamiento accidental por, y exposicion al alcohol, otro lugar especificado",,,
X459,"Envenenamiento accidental por, y exposicion al alcohol, lugar no especificado",,,
X460,"Envenenamiento accidental por, y exposicion a disolventes organicos e hidrocarburos halogenados y sus vapores, vivienda",,,
X461,"Envenenamiento accidental por, y exposicion a disolventes organicos e hidrocarburos halogenados y sus vapores, institucion residencial",,,
X462,"Envenenamiento accidental por, y exposicion a disolventes organicos e hidrocarburos halogenados y sus vapores, escuelas, otras instituciones y areas administrativas  publicas",,,
X463,"Envenenamiento accidental por, y exposicion a disolventes organicos e hidrocarburos halogenados y sus vapores, areas de deporte y atletismo",,,
X464,"Envenenamiento accidental por, y exposicion a disolventes organicos e hidrocarburos halogenados y sus vapores, calles y carreteras",,,
X465,"Envenenamiento accidental por, y exposicion a disolventes organicos e hidrocarburos halogenados y sus vapores, comercio y area de servicios",,,
X466,"Envenenamiento accidental por, y exposicion a disolventes organicos e hidrocarburos halogenados y sus vapores, area industrial y de la construccion",,,
X467,"Envenenamiento accidental por, y exposicion a disolventes organicos e hidrocarburos halogenados y sus vapores, granja",,,
X468,"Envenenamiento accidental por, y exposicion a disolventes organicos e hidrocarburos halogenados y sus vapores, otro lugar especificado",,,
X469,"Envenenamiento accidental por, y exposicion a disolventes organicos e hidrocarburos halogenados y sus vapores, lugar no especificado",,,
X470,"Envenenamiento accidental por, y exposicion a otros gases y vapores, vivienda",,,
X471,"Envenenamiento accidental por, y exposicion a otros gases y vapores, institucion residencial",,,
X472,"Envenenamiento accidental por, y exposicion a otros gases y vapores, escuelas, otras instituciones y areas administrativas  publicas",,,
X473,"Envenenamiento accidental por, y exposicion a otros gases y vapores, areas de deporte y atletismo",,,
X474,"Envenenamiento accidental por, y exposicion a otros gases y vapores, calles y carreteras",,,
X475,"Envenenamiento accidental por, y exposicion a otros gases y vapores, comercio y area de servicios",,,
X476,"Envenenamiento accidental por, y exposicion a otros gases y vapores, area industrial y de la construccion",,,
X477,"Envenenamiento accidental por, y exposicion a otros gases y vapores, granja",,,
X478,"Envenenamiento accidental por, y exposicion a otros gases y vapores, otro lugar especificado",,,
X479,"Envenenamiento accidental por, y exposicion a otros gases y vapores, lugar no especificado",,,
X480,"Envenenamiento accidental por, y exposicion a plaguicidas, vivienda",,,
X481,"Envenenamiento accidental por, y exposicion a plaguicidas, institucion residencial",,,
X482,"Envenenamiento accidental por, y exposicion a plaguicidas, escuelas, otras instituciones y areas administrativas  publicas",,,
X483,"Envenenamiento accidental por, y exposicion a plaguicidas, areas de deporte y atletismo",,,
X484,"Envenenamiento accidental por, y exposicion a plaguicidas, calles y carreteras",,,
X485,"Envenenamiento accidental por, y exposicion a plaguicidas, comercio y area de servicios",,,
X486,"Envenenamiento accidental por, y exposicion a plaguicidas, area industrial y de la construccion",,,
X487,"Envenenamiento accidental por, y exposicion a plaguicidas, granja",,,
X488,"Envenenamiento accidental por, y exposicion a plaguicidas, otro lugar especificado",,,
X489,"Envenenamiento accidental por, y exposicion a plaguicidas, lugar no especificado",,,
X490,"Envenenamiento accidental por, y exposicion a otros productos quimicos y sustancias nocivas, y los no especificados, vivienda",,,
X491,"Envenenamiento accidental por, y exposicion a otros productos quimicos y sustancias nocivas, y los no especificados, institucion residencial",,,
X492,"Envenenamiento accidental por, y exposicion a otros productos quimicos y sustancias nocivas, y los no especificados, escuelas, otras instituciones y areas administrativas  publicas",,,
X493,"Envenenamiento accidental por, y exposicion a otros productos quimicos y sustancias nocivas, y los no especificados, areas de deporte y atletismo",,,
X494,"Envenenamiento accidental por, y exposicion a otros productos quimicos y sustancias nocivas, y los no especificados, calles y carreteras",,,
X495,"Envenenamiento accidental por, y exposicion a otros productos quimicos y sustancias nocivas, y los no especificados, comercio y area de servicios",,,
X496,"Envenenamiento accidental por, y exposicion a otros productos quimicos y sustancias nocivas, y los no especificados, area industrial y de la construccion",,,
X497,"Envenenamiento accidental por, y exposicion a otros productos quimicos y sustancias nocivas, y los no especificados, granja",,,
X498,"Envenenamiento accidental por, y exposicion a otros productos quimicos y sustancias nocivas, y los no especificados, otro lugar especificado",,,
X499,"Envenenamiento accidental por, y exposicion a otros productos quimicos y sustancias nocivas, y los no especificados, lugar no especificado",,,
X500,"Exceso de esfuerzo y movimientos extenuantes y repetitivos, vivienda",,,
X501,"Exceso de esfuerzo y movimientos extenuantes y repetitivos, institucion residencial",,,
X502,"Exceso de esfuerzo y movimientos extenuantes y repetitivos, escuelas, otras instituciones y areas administrativas  publicas",,,
X503,"Exceso de esfuerzo y movimientos extenuantes y repetitivos, areas de deporte y atletismo",,,
X504,"Exceso de esfuerzo y movimientos extenuantes y repetitivos, calles y carreteras",,,
X505,"Exceso de esfuerzo y movimientos extenuantes y repetitivos, comercio y area de servicios",,,
X506,"Exceso de esfuerzo y movimientos extenuantes y repetitivos, area industrial y de la construccion",,,
X507,"Exceso de esfuerzo y movimientos extenuantes y repetitivos, granja",,,
X508,"Exceso de esfuerzo y movimientos extenuantes y repetitivos, otro lugar especificado",,,
X509,"Exceso de esfuerzo y movimientos extenuantes y repetitivos, lugar no especificado",,,
X510,"Viajes y desplazamientos, vivienda",,,
X511,"Viajes y desplazamientos, institucion residencial",,,
X512,"Viajes y desplazamientos, escuelas, otras instituciones y areas administrativas publicas",,,
X513,"Viajes y desplazamientos, areas de deporte y atletismo",,,
X514,"Viajes y desplazamientos, calles y carreteras",,,
X515,"Viajes y desplazamientos, comercio y area de servicios",,,
X516,"Viajes y desplazamientos, area industrial y de la construccion",,,
X517,"Viajes y desplazamientos, granja",,,
X518,"Viajes y desplazamientos, otro lugar especificado",,,
X519,"Viajes y desplazamientos, lugar no especificado",,,
X520,"Permanencia prolongada en ambiente sin gravedad, vivienda",,,
X521,"Permanencia prolongada en ambiente sin gravedad, institucion residencial",,,
X522,"Permanencia prolongada en ambiente sin gravedad, escuelas, otras instituciones y areas administrativas  publicas",,,
X523,"Permanencia prolongada en ambiente sin gravedad, areas de deporte y atletismo",,,
X524,"Permanencia prolongada en ambiente sin gravedad, calles y carreteras",,,
X525,"Permanencia prolongada en ambiente sin gravedad, comercio y area de servicios",,,
X526,"Permanencia prolongada en ambiente sin gravedad, area industrial y de la construccion",,,
X527,"Permanencia prolongada en ambiente sin gravedad, granja",,,
X528,"Permanencia prolongada en ambiente sin gravedad, otro lugar especificado",,,
X529,"Permanencia prolongada en ambiente sin gravedad, lugar no especificado",,,
X530,"Privacion de alimentos, vivienda",,,
X531,"Privacion de alimentos, institucion residencial",,,
X532,"Privacion de alimentos, escuelas, otras instituciones y areas administrativas  publicas",,,
X533,"Privacion de alimentos, areas de deporte y atletismo",,,
X534,"Privacion de alimentos, calles y carreteras",,,
X535,"Privacion de alimentos, comercio y area de servicios",,,
X536,"Privacion de alimentos, area industrial y de la construccion",,,
X537,"Privacion de alimentos, granja",,,
X538,"Privacion de alimentos, otro lugar especificado",,,
X539,"Privacion de alimentos, lugar no especificado",,,
X540,"Privacion de agua, vivienda",,,
X541,"Privacion de agua, institucion residencial",,,
X542,"Privacion de agua, escuelas, otras instituciones y areas administrativas  publicas",,,
X543,"Privacion de agua, areas de deporte y atletismo",,,
X544,"Privacion de agua, calles y carreteras",,,
X545,"Privacion de agua, comercio y area de servicios",,,
X546,"Privacion de agua, area industrial y de la construccion",,,
X547,"Privacion de agua, granja",,,
X548,"Privacion de agua, otro lugar especificado",,,
X549,"Privacion de agua, lugar no especificado",,,
X570,"Privacion no especificada, vivienda",,,
X571,"Privacion no especificada, institucion residencial",,,
X572,"Privacion no especificada, escuelas, otras instituciones y areas administrativas publicas",,,
X573,"Privacion no especificada, areas de deporte y atletismo",,,
X574,"Privacion no especificada, calles y carreteras",,,
X575,"Privacion no especificada, comercio y area de servicios",,,
X576,"Privacion no especificada, area industrial y de la construccion",,,
X577,"Privacion no especificada, granja",,,
X578,"Privacion no especificada, otro lugar especificado",,,
X579,"Privacion no especificada, lugar no especificado",,,
X580,"Exposicion a otros factores especificados, vivienda",,,
X581,"Exposicion a otros factores especificados, institucion residencial",,,
X582,"Exposicion a otros factores especificados, escuelas, otras instituciones y areas administrativas publicas",,,
X583,"Exposicion a otros factores especificados, areas de deporte y atletismo",,,
X584,"Exposicion a otros factores especificados, calles y carreteras",,,
X585,"Exposicion a otros factores especificados, comercio y area de servicios",,,
X586,"Exposicion a otros factores especificados, area industrial y de la construccion",,,
X587,"Exposicion a otros factores especificados, granja",,,
X588,"Exposicion a otros factores especificados, otro lugar especificado",,,
X589,"Exposicion a otros factores especificados, lugar no especificado",,,
X590,"Exposicion a factores no especificados, que causan fractura ",,,
X599,Exposicion a factores no especificados que causan otras lesiones y las no especificadas ,,,
X600,"Envenenamiento autoinfligido intencionalmente por, y exposicion a analgesicos no narcoticos, antipireticos y antirreumaticos, vivienda",,010A,120A
X601,"Envenenamiento autoinfligido intencionalmente por, y exposicion a analgesicos no narcoticos, antipireticos y antirreumaticos, institucion residencial",,010A,120A
X602,"Envenenamiento autoinfligido intencionalmente por, y exposicion a analgesicos no narcoticos, antipireticos y antirreumaticos, escuelas, otras instituciones y areas administrativas  publicas",,010A,120A
X603,"Envenenamiento autoinfligido intencionalmente por, y exposicion a analgesicos no narcoticos, antipireticos y antirreumaticos, areas de deporte y atletismo",,010A,120A
X604,"Envenenamiento autoinfligido intencionalmente por, y exposicion a analgesicos no narcoticos, antipireticos y antirreumaticos, calles y carreteras",,010A,120A
X605,"Envenenamiento autoinfligido intencionalmente por, y exposicion a analgesicos no narcoticos, antipireticos y antirreumaticos, comercio y area de servicios",,010A,120A
X606,"Envenenamiento autoinfligido intencionalmente por, y exposicion a analgesicos no narcoticos, antipireticos y antirreumaticos, area industrial y de la construccion",,010A,120A
X607,"Envenenamiento autoinfligido intencionalmente por, y exposicion a analgesicos no narcoticos, antipireticos y antirreumaticos, granja",,010A,120A
X608,"Envenenamiento autoinfligido intencionalmente por, y exposicion a analgesicos no narcoticos, antipireticos y antirreumaticos, otro lugar especificado",,010A,120A
X609,"Envenenamiento autoinfligido intencionalmente por, y exposicion a analgesicos no narcoticos, antipireticos y antirreumaticos, lugar no especificado",,010A,120A
X610,"Envenenamiento autoinfligido intencionalmente por, y exposicion a drogas antiepilepticas, sedantes, hipnoticas, antiparkinsonianas y psicotropicas, no clasificadas en otra parte, vivienda",,010A,120A
X611,"Envenenamiento autoinfligido intencionalmente por, y exposicion a drogas antiepilepticas, sedantes, hipnoticas, antiparkinsonianas y psicotropicas, no clasificadas en otra parte, institucion residencial",,010A,120A
X612,"Envenenamiento autoinfligido intencionalmente por, y exposicion a drogas antiepilepticas, sedantes, hipnoticas, antiparkinsonianas y psicotropicas, no clasificadas en otra parte, escuelas, otras instituciones y areas administrativas publicas",,010A,120A
X613,"Envenenamiento autoinfligido intencionalmente por, y exposicion a drogas antiepilepticas, sedantes, hipnoticas, antiparkinsonianas y psicotropicas, no clasificadas en otra parte, areas de deporte y atletismo",,010A,120A
X614,"Envenenamiento autoinfligido intencionalmente por, y exposicion a drogas antiepilepticas, sedantes, hipnoticas, antiparkinsonianas y psicotropicas, no clasificadas en otra parte, calles y carreteras",,010A,120A
X615,"Envenenamiento autoinfligido intencionalmente por, y exposicion a drogas antiepilepticas, sedantes, hipnoticas, antiparkinsonianas y psicotropicas, no clasificadas en otra parte, comercio y area de servicios",,010A,120A
X616,"Envenenamiento autoinfligido intencionalmente por, y exposicion a drogas antiepilepticas, sedantes, hipnoticas, antiparkinsonianas y psicotropicas, no clasificadas en otra parte, area industrial y de la construccion",,010A,120A
X617,"Envenenamiento autoinfligido intencionalmente por, y exposicion a drogas antiepilepticas, sedantes, hipnoticas, antiparkinsonianas y psicotropicas, no clasificadas en otra parte, granja",,010A,120A
X618,"Envenenamiento autoinfligido intencionalmente por, y exposicion a drogas antiepilepticas, sedantes, hipnoticas, antiparkinsonianas y psicotropicas, no clasificadas en otra parte, otro lugar especificado",,010A,120A
X619,"Envenenamiento autoinfligido intencionalmente por, y exposicion a drogas antiepilepticas, sedantes, hipnoticas, antiparkinsonianas y psicotropicas, no clasificadas en otra parte, lugar no especificado",,010A,120A
X620,"Envenenamiento autoinfligido intencionalmente por, y exposicion a narcoticos y psicodislepticos [alucinogenos], no clasificados en otra parte, vivienda",,010A,120A
X621,"Envenenamiento autoinfligido intencionalmente por, y exposicion a narcoticos y psicodislepticos [alucinogenos], no clasificados en otra parte, institucion residencial",,010A,120A
X622,"Envenenamiento autoinfligido intencionalmente por, y exposicion a narcoticos y psicodislepticos [alucinogenos], no clasificados en otra parte, escuelas, otras instituciones y areas administrativas publicas",,010A,120A
X623,"Envenenamiento autoinfligido intencionalmente por, y exposicion a narcoticos y psicodislepticos [alucinogenos], no clasificados en otra parte, areas de deporte y atletismo",,010A,120A
X624,"Envenenamiento autoinfligido intencionalmente por, y exposicion a narcoticos y psicodislepticos [alucinogenos], no clasificados en otra parte, calles y carreteras",,010A,120A
X625,"Envenenamiento autoinfligido intencionalmente por, y exposicion a narcoticos y psicodislepticos [alucinogenos], no clasificados en otra parte, comercio y area de servicios",,010A,120A
X626,"Envenenamiento autoinfligido intencionalmente por, y exposicion a narcoticos y psicodislepticos [alucinogenos], no clasificados en otra parte, area industrial y de la construccion",,010A,120A
X627,"Envenenamiento autoinfligido intencionalmente por, y exposicion a narcoticos y psicodislepticos [alucinogenos], no clasificados en otra parte, granja",,010A,120A
X628,"Envenenamiento autoinfligido intencionalmente por, y exposicion a narcoticos y psicodislepticos [alucinogenos], no clasificados en otra parte, otro lugar especificado",,010A,120A
X629,"Envenenamiento autoinfligido intencionalmente por, y exposicion a narcoticos y psicodislepticos [alucinogenos], no clasificados en otra parte, lugar no especificado",,010A,120A
X630,"Envenenamiento autoinfligido intencionalmente por, y exposicion a otras drogas que actuan sobre el sistema nervioso autonomo, vivienda",,010A,120A
X631,"Envenenamiento autoinfligido intencionalmente por, y exposicion a otras drogas que actuan sobre el sistema nervioso autonomo, institucion residencial",,010A,120A
X632,"Envenenamiento autoinfligido intencionalmente por, y exposicion a otras drogas que actuan sobre el sistema nervioso autonomo, escuelas, otras instituciones y areas administrativas publicas",,010A,120A
X633,"Envenenamiento autoinfligido intencionalmente por, y exposicion a otras drogas que actuan sobre el sistema nervioso autonomo, areas de deporte y atletismo",,010A,120A
X634,"Envenenamiento autoinfligido intencionalmente por, y exposicion a otras drogas que actuan sobre el sistema nervioso autonomo, calles y carreteras",,010A,120A
X635,"Envenenamiento autoinfligido intencionalmente por, y exposicion a otras drogas que actuan sobre el sistema nervioso autonomo, comercio y area de servicios",,010A,120A
X636,"Envenenamiento autoinfligido intencionalmente por, y exposicion a otras drogas que actuan sobre el sistema nervioso autonomo, area industrial y de la construccion",,010A,120A
X637,"Envenenamiento autoinfligido intencionalmente por, y exposicion a otras drogas que actuan sobre el sistema nervioso autonomo, granja",,010A,120A
X638,"Envenenamiento autoinfligido intencionalmente por, y exposicion a otras drogas que actuan sobre el sistema nervioso autonomo, otro lugar especificado",,010A,120A
X639,"Envenenamiento autoinfligido intencionalmente por, y exposicion a otras drogas que actuan sobre el sistema nervioso autonomo, lugar no especificado",,010A,120A
X640,"Envenenamiento autoinfligido intencionalmente por, y exposicion a otras drogas, medicamentos y sustancias biologicas, y los no especificados, vivienda",,010A,120A
X641,"Envenenamiento autoinfligido intencionalmente por, y exposicion a otras drogas, medicamentos y sustancias biologicas, y los no especificados, institucion residencial",,010A,120A
X642,"Envenenamiento autoinfligido intencionalmente por, y exposicion a otras drogas, medicamentos y sustancias biologicas, y los no especificados, escuelas, otras instituciones y areas administrativas  publicas",,010A,120A
X643,"Envenenamiento autoinfligido intencionalmente por, y exposicion a otras drogas, medicamentos y sustancias biologicas, y los no especificados, areas de deporte y atletismo",,010A,120A
X644,"Envenenamiento autoinfligido intencionalmente por, y exposicion a otras drogas, medicamentos y sustancias biologicas, y los no especificados, calles y carreteras",,010A,120A
X645,"Envenenamiento autoinfligido intencionalmente por, y exposicion a otras drogas, medicamentos y sustancias biologicas, y los no especificados, comercio y area de servicios",,010A,120A
X646,"Envenenamiento autoinfligido intencionalmente por, y exposicion a otras drogas, medicamentos y sustancias biologicas, y los no especificados, area industrial y de la construccion",,010A,120A
X647,"Envenenamiento autoinfligido intencionalmente por, y exposicion a otras drogas, medicamentos y sustancias biologicas, y los no especificados, granja",,010A,120A
X648,"Envenenamiento autoinfligido intencionalmente por, y exposicion a otras drogas, medicamentos y sustancias biologicas, y los no especificados, otro lugar especificado",,010A,120A
X649,"Envenenamiento autoinfligido intencionalmente por, y exposicion a otras drogas, medicamentos y sustancias biologicas, y los no especificados, lugar no especificado",,010A,120A
X650,"Envenenamiento autoinfligido intencionalmente por, y exposicion al alcohol, vivienda",,010A,120A
X651,"Envenenamiento autoinfligido intencionalmente por, y exposicion al alcohol, institucion residencial",,010A,120A
X652,"Envenenamiento autoinfligido intencionalmente por, y exposicion al alcohol, escuelas, otras instituciones y areas administrativas publicas",,010A,120A
X653,"Envenenamiento autoinfligido intencionalmente por, y exposicion al alcohol, areas de deporte y atletismo",,010A,120A
X654,"Envenenamiento autoinfligido intencionalmente por, y exposicion al alcohol, calles y carreteras",,010A,120A
X655,"Envenenamiento autoinfligido intencionalmente por, y exposicion al alcohol, comercio y area de servicios",,010A,120A
X656,"Envenenamiento autoinfligido intencionalmente por, y exposicion al alcohol, area industrial y de la construccion",,010A,120A
X657,"Envenenamiento autoinfligido intencionalmente por, y exposicion al alcohol, granja",,010A,120A
X658,"Envenenamiento autoinfligido intencionalmente por, y exposicion al alcohol, otro lugar especificado",,010A,120A
X659,"Envenenamiento autoinfligido intencionalmente por, y exposicion al alcohol, lugar no especificado",,010A,120A
X660,"Envenenamiento autoinfligido intencionalmente por, y exposicion a disolventes organicos e hidrocarburos halogenados y sus vapores, vivienda",,010A,120A
X661,"Envenenamiento autoinfligido intencionalmente por, y exposicion a disolventes organicos e hidrocarburos halogenados y sus vapores, institucion residencial",,010A,120A
X662,"Envenenamiento autoinfligido intencionalmente por, y exposicion a disolventes organicos e hidrocarburos halogenados y sus vapores, escuelas, otras instituciones y areas administrativas  publicas",,010A,120A
X663,"Envenenamiento autoinfligido intencionalmente por, y exposicion a disolventes organicos e hidrocarburos halogenados y sus vapores, areas de deporte y atletismo",,010A,120A
X664,"Envenenamiento autoinfligido intencionalmente por, y exposicion a disolventes organicos e hidrocarburos halogenados y sus vapores, calles y carreteras",,010A,120A
X665,"Envenenamiento autoinfligido intencionalmente por, y exposicion a disolventes organicos e hidrocarburos halogenados y sus vapores, comercio y area de servicios",,010A,120A
X666,"Envenenamiento autoinfligido intencionalmente por, y exposicion a disolventes organicos e hidrocarburos halogenados y sus vapores, area industrial y de la construccion",,010A,120A
X667,"Envenenamiento autoinfligido intencionalmente por, y exposicion a disolventes organicos e hidrocarburos halogenados y sus vapores, granja",,010A,120A
X668,"Envenenamiento autoinfligido intencionalmente por, y exposicion a disolventes organicos e hidrocarburos halogenados y sus vapores, otro lugar especificado",,010A,120A
X669,"Envenenamiento autoinfligido intencionalmente por, y exposicion a disolventes organicos e hidrocarburos halogenados y sus vapores, lugar no especificado",,010A,120A
X670,"Envenenamiento autoinfligido intencionalmente por, y exposicion a otros gases y vapores, vivienda",,010A,120A
X671,"Envenenamiento autoinfligido intencionalmente por, y exposicion a otros gases y vapores, institucion residencial",,010A,120A
X672,"Envenenamiento autoinfligido intencionalmente por, y exposicion a otros gases y vapores, escuelas, otras instituciones y areas administrativas  publicas",,010A,120A
X673,"Envenenamiento autoinfligido intencionalmente por, y exposicion a otros gases y vapores, areas de deporte y atletismo",,010A,120A
X674,"Envenenamiento autoinfligido intencionalmente por, y exposicion a otros gases y vapores, calles y carreteras",,010A,120A
X675,"Envenenamiento autoinfligido intencionalmente por, y exposicion a otros gases y vapores, comercio y area de servicios",,010A,120A
X676,"Envenenamiento autoinfligido intencionalmente por, y exposicion a otros gases y vapores, area industrial y de la construccion",,010A,120A
X677,"Envenenamiento autoinfligido intencionalmente por, y exposicion a otros gases y vapores, granja",,010A,120A
X678,"Envenenamiento autoinfligido intencionalmente por, y exposicion a otros gases y vapores, otro lugar especificado",,010A,120A
X679,"Envenenamiento autoinfligido intencionalmente por, y exposicion a otros gases y vapores, lugar no especificado",,010A,120A
X680,"Envenenamiento autoinfligido intencionalmente por, y exposicion a plaguicidas, vivienda",,010A,120A
X681,"Envenenamiento autoinfligido intencionalmente por, y exposicion a plaguicidas, institucion residencial",,010A,120A
X682,"Envenenamiento autoinfligido intencionalmente por, y exposicion a plaguicidas, escuelas, otras instituciones y areas administrativas  publicas",,010A,120A
X683,"Envenenamiento autoinfligido intencionalmente por, y exposicion a plaguicidas, areas de deporte y atletismo",,010A,120A
X684,"Envenenamiento autoinfligido intencionalmente por, y exposicion a plaguicidas, calles y carreteras",,010A,120A
X685,"Envenenamiento autoinfligido intencionalmente por, y exposicion a plaguicidas, comercio y area de servicios",,010A,120A
X686,"Envenenamiento autoinfligido intencionalmente por, y exposicion a plaguicidas, area industrial y de la construccion",,010A,120A
X687,"Envenenamiento autoinfligido intencionalmente por, y exposicion a plaguicidas, granja",,010A,120A
X688,"Envenenamiento autoinfligido intencionalmente por, y exposicion a plaguicidas, otro lugar especificado",,010A,120A
X689,"Envenenamiento autoinfligido intencionalmente por, y exposicion a plaguicidas, lugar no especificado",,010A,120A
X690,"Envenenamiento autoinfligido intencionalmente por, y exposicion a otros productos quimicos y sustancias nocivas, y los no especificados, vivienda",,010A,120A
X691,"Envenenamiento autoinfligido intencionalmente por, y exposicion a otros productos quimicos y sustancias nocivas, y los no especificados, institucion residencial",,010A,120A
X692,"Envenenamiento autoinfligido intencionalmente por, y exposicion a otros productos quimicos y sustancias nocivas, y los no especificados, escuelas, otras instituciones y areas administrativas  publicas",,010A,120A
X693,"Envenenamiento autoinfligido intencionalmente por, y exposicion a otros productos quimicos y sustancias nocivas, y los no especificados, areas de deporte y atletismo",,010A,120A
X694,"Envenenamiento autoinfligido intencionalmente por, y exposicion a otros productos quimicos y sustancias nocivas, y los no especificados, calles y carreteras",,010A,120A
X695,"Envenenamiento autoinfligido intencionalmente por, y exposicion a otros productos quimicos y sustancias nocivas, y los no especificados, comercio y area de servicios",,010A,120A
X696,"Envenenamiento autoinfligido intencionalmente por, y exposicion a otros productos quimicos y sustancias nocivas, y los no especificados, area industrial y de la construccion",,010A,120A
X697,"Envenenamiento autoinfligido intencionalmente por, y exposicion a otros productos quimicos y sustancias nocivas, y los no especificados, granja",,010A,120A
X698,"Envenenamiento autoinfligido intencionalmente por, y exposicion a otros productos quimicos y sustancias nocivas, y los no especificados, otro lugar especificado",,010A,120A
X699,"Envenenamiento autoinfligido intencionalmente por, y exposicion a otros productos quimicos y sustancias nocivas, y los no especificados, lugar no especificado",,010A,120A
X700,"Lesion autoinfligida intencionalmente por ahorcamiento, estrangulamiento o sofocacion vivienda",,010A,120A
X701,"Lesion autoinfligida intencionalmente por ahorcamiento, estrangulamiento o sofocacion, institucion residencial",,010A,120A
X702,"Lesion autoinfligida intencionalmente por ahorcamiento, estrangulamiento o sofocacion, escuelas, otras instituciones y areas administrativas  publicas",,010A,120A
X703,"Lesion autoinfligida intencionalmente por ahorcamiento, estrangulamiento o sofocacion, areas de deporte y atletismo",,010A,120A
X704,"Lesion autoinfligida intencionalmente por ahorcamiento, estrangulamiento o sofocacion, calles y carreteras",,010A,120A
X705,"Lesion autoinfligida intencionalmente por ahorcamiento, estrangulamiento o sofocacion, comercio y area de servicios",,010A,120A
X706,"Lesion autoinfligida intencionalmente por ahorcamiento, estrangulamiento o sofocacion, area industrial y de la construccion",,010A,120A
X707,"Lesion autoinfligida intencionalmente por ahorcamiento, estrangulamiento o sofocacion, granja",,010A,120A
X708,"Lesion autoinfligida intencionalmente por ahorcamiento, estrangulamiento o sofocacion, otro lugar especificado",,010A,120A
X709,"Lesion autoinfligida intencionalmente por ahorcamiento, estrangulamiento o sofocacion, lugar no especificado",,010A,120A
X710,"Lesion autoinfligida intencionalmente por ahogamiento, y sumersion, vivienda",,010A,120A
X711,"Lesion autoinfligida intencionalmente por ahogamiento, y sumersion, institucion residencial",,010A,120A
X712,"Lesion autoinfligida intencionalmente por ahogamiento, y sumersion, escuelas, otras instituciones y areas administrativas  publicas",,010A,120A
X713,"Lesion autoinfligida intencionalmente por ahogamiento, y sumersion, areas de deporte y atletismo",,010A,120A
X714,"Lesion autoinfligida intencionalmente por ahogamiento, y sumersion, calles y carreteras",,010A,120A
X715,"Lesion autoinfligida intencionalmente por ahogamiento, y sumersion, comercio y area de servicios",,010A,120A
X716,"Lesion autoinfligida intencionalmente por ahogamiento y sumersion, area industrial y de la construccion",,010A,120A
X717,"Lesion autoinfligida intencionalmente por ahogamiento y sumersion, granja",,010A,120A
X718,"Lesion autoinfligida intencionalmente por ahogamiento y sumersion, otro lugar especificado",,010A,120A
X719,"Lesion autoinfligida intencionalmente por ahogamiento y sumersion, lugar no especificado",,010A,120A
X720,"Lesion autoinfligida intencionalmente por disparo de arma corta, vivienda",,010A,120A
X721,"Lesion autoinfligida intencionalmente por disparo de arma corta, institucion residencial",,010A,120A
X722,"Lesion autoinfligida intencionalmente por disparo de arma corta, escuelas, otras instituciones y areas administrativas  publicas",,010A,120A
X723,"Lesion autoinfligida intencionalmente por disparo de arma corta, areas de deporte y atletismo",,010A,120A
X724,"Lesion autoinfligida intencionalmente por disparo de arma corta, calles y carreteras",,010A,120A
X725,"Lesion autoinfligida intencionalmente por disparo de arma corta, comercio y area de servicios",,010A,120A
X726,"Lesion autoinfligida intencionalmente por disparo de arma corta, area industrial y de la construccion",,010A,120A
X727,"Lesion autoinfligida intencionalmente por disparo de arma corta, granja",,010A,120A
X728,"Lesion autoinfligida intencionalmente por disparo de arma corta, otro lugar especificado",,010A,120A
X729,"Lesion autoinfligida intencionalmente por disparo de arma corta, lugar no especificado",,010A,120A
X730,"Lesion autoinfligida intencionalmente por disparo de rifle, escopeta y arma larga, vivienda",,010A,120A
X731,"Lesion autoinfligida intencionalmente por disparo de rifle, escopeta y arma larga, institucion residencial",,010A,120A
X732,"Lesion autoinfligida intencionalmente por disparo de rifle, escopeta y arma larga, escuelas, otras instituciones y areas administrativas  publicas",,010A,120A
X733,"Lesion autoinfligida intencionalmente por disparo de rifle, escopeta y arma larga, areas de deporte y atletismo",,010A,120A
X734,"Lesion autoinfligida intencionalmente por disparo de rifle, escopeta y arma larga, calles y carreteras",,010A,120A
X735,"Lesion autoinfligida intencionalmente por disparo de rifle, escopeta y arma larga, comercio y area de servicios",,010A,120A
X736,"Lesion autoinfligida intencionalmente por disparo de rifle, escopeta y arma larga, area industrial y de la construccion",,010A,120A
X737,"Lesion autoinfligida intencionalmente por disparo de rifle, escopeta y arma larga, granja",,010A,120A
X738,"Lesion autoinfligida intencionalmente por disparo de rifle, escopeta y arma larga, otro lugar especificado",,010A,120A
X739,"Lesion autoinfligida intencionalmente por disparo de rifle, escopeta y arma larga, lugar no especificado",,010A,120A
X740,"Lesion autoinfligida intencionalmente por disparo de otras armas de fuego, y las no especificadas, vivienda",,010A,120A
X741,"Lesion autoinfligida intencionalmente por disparo de otras armas de fuego, y las no especificadas, institucion residencial",,010A,120A
X742,"Lesion autoinfligida intencionalmente por disparo de otras armas de fuego, y las no especificadas, escuelas, otras instituciones y areas administrativas  publicas",,010A,120A
X743,"Lesion autoinfligida intencionalmente por disparo de otras armas de fuego, y las no especificadas, areas de deporte y atletismo",,010A,120A
X744,"Lesion autoinfligida intencionalmente por disparo de otras armas de fuego, y las no especificadas, calles y carreteras",,010A,120A
X745,"Lesion autoinfligida intencionalmente por disparo de otras armas de fuego, y las no especificadas, comercio y area de servicios",,010A,120A
X746,"Lesion autoinfligida intencionalmente por disparo de otras armas de fuego, y las no especificadas, area industrial y de la construccion",,010A,120A
X747,"Lesion autoinfligida intencionalmente por disparo de otras armas de fuego, y las no especificadas, granja",,010A,120A
X748,"Lesion autoinfligida intencionalmente por disparo de otras armas de fuego, y las no especificadas, otro lugar especificado",,010A,120A
X749,"Lesion autoinfligida intencionalmente por disparo de otras armas de fuego, y las no especificadas, lugar no especificado",,010A,120A
X750,"Lesion autoinfligida intencionalmente por material explosivo, vivienda",,010A,120A
X751,"Lesion autoinfligida intencionalmente por material explosivo, institucion residencial",,010A,120A
X752,"Lesion autoinfligida intencionalmente por material explosivo, escuelas, otras instituciones y areas administrativas  publicas",,010A,120A
X753,"Lesion autoinfligida intencionalmente por material explosivo, areas de deporte y atletismo",,010A,120A
X754,"Lesion autoinfligida intencionalmente por material explosivo, calles y carreteras",,010A,120A
X755,"Lesion autoinfligida intencionalmente por material explosivo, comercio y area de servicios",,010A,120A
X756,"Lesion autoinfligida intencionalmente por material explosivo, area industrial y de la construccion",,010A,120A
X757,"Lesion autoinfligida intencionalmente por material explosivo, granja",,010A,120A
X758,"Lesion autoinfligida intencionalmente por material explosivo, otro lugar especificado",,010A,120A
X759,"Lesion autoinfligida intencionalmente por material explosivo, lugar no especificado",,010A,120A
X760,"Lesion autoinfligida intencionalmente por humo, fuego y llamas, vivienda",,010A,120A
X761,"Lesion autoinfligida intencionalmente por humo, fuego y llamas, institucion residencial",,010A,120A
X762,"Lesion autoinfligida intencionalmente por humo, fuego y llamas, escuelas, otras instituciones y areas administrativas  publicas",,010A,120A
X763,"Lesion autoinfligida intencionalmente por humo, fuego y llamas, areas de deporte y atletismo",,010A,120A
X764,"Lesion autoinfligida intencionalmente por humo, fuego y llamas, calles y carreteras",,010A,120A
X765,"Lesion autoinfligida intencionalmente por humo, fuego y llamas, comercio y area de servicios",,010A,120A
X766,"Lesion autoinfligida intencionalmente por humo, fuego y llamas, area industrial y de la construccion",,010A,120A
X767,"Lesion autoinfligida intencionalmente por humo, fuego y llamas, granja",,010A,120A
X768,"Lesion autoinfligida intencionalmente por humo, fuego y llamas, otro lugar especificado",,010A,120A
X769,"Lesion autoinfligida intencionalmente por humo, fuego y llamas, lugar no especificado",,010A,120A
X770,"Lesion autoinfligida intencionalmente por vapor de agua, vapores y objetos calientes, vivienda",,010A,120A
X771,"Lesion autoinfligida intencionalmente por vapor de agua, vapores y objetos calientes, institucion residencial",,010A,120A
X772,"Lesion autoinfligida intencionalmente por vapor de agua, vapores y objetos calientes, escuelas, otras instituciones y areas administrativas  publicas",,010A,120A
X773,"Lesion autoinfligida intencionalmente por vapor de agua, vapores y objetos calientes, areas de deporte y atletismo",,010A,120A
X774,"Lesion autoinfligida intencionalmente por vapor de agua, vapores y objetos calientes, calles y carreteras",,010A,120A
X775,"Lesion autoinfligida intencionalmente por vapor de agua, vapores y objetos calientes, comercio y area de servicios",,010A,120A
X776,"Lesion autoinfligida intencionalmente por vapor de agua, vapores y objetos calientes, area industrial y de la construccion",,010A,120A
X777,"Lesion autoinfligida intencionalmente por vapor de agua, vapores y objetos calientes, granja",,010A,120A
X778,"Lesion autoinfligida intencionalmente por vapor de agua, vapores y objetos calientes, otro lugar especificado",,010A,120A
X779,"Lesion autoinfligida intencionalmente por vapor de agua, vapores y objetos calientes, lugar no especificado",,010A,120A
X780,"Lesion autoinfligida intencionalmente por objeto cortante, vivienda",,010A,120A
X781,"Lesion autoinfligida intencionalmente por objeto cortante, institucion residencial",,010A,120A
X782,"Lesion autoinfligida intencionalmente por objeto cortante, escuelas, otras instituciones y areas administrativas  publicas",,010A,120A
X783,"Lesion autoinfligida intencionalmente por objeto cortante, areas de deporte y atletismo",,010A,120A
X784,"Lesion autoinfligida intencionalmente por objeto cortante, calles y carreteras",,010A,120A
X785,"Lesion autoinfligida intencionalmente por objeto cortante, comercio y area de servicios",,010A,120A
X786,"Lesion autoinfligida intencionalmente por objeto cortante, area industrial y de la construccion",,010A,120A
X787,"Lesion autoinfligida intencionalmente por objeto cortante, granja",,010A,120A
X788,"Lesion autoinfligida intencionalmente por objeto cortante, otro lugar especificado",,010A,120A
X789,"Lesion autoinfligida intencionalmente por objeto cortante, lugar no especificado",,010A,120A
X790,"Lesion autoinfligida intencionalmente por objeto romo o sin filo, vivienda",,010A,120A
X791,"Lesion autoinfligida intencionalmente por objeto romo o sin filo, institucion residencial",,010A,120A
X792,"Lesion autoinfligida intencionalmente por objeto romo o sin filo, escuelas, otras instituciones y areas administrativas  publicas",,010A,120A
X793,"Lesion autoinfligida intencionalmente por objeto romo o sin filo, areas de deporte y atletismo",,010A,120A
X794,"Lesion autoinfligida intencionalmente por objeto romo o sin filo, calles y carreteras",,010A,120A
X795,"Lesion autoinfligida intencionalmente por objeto romo o sin filo, comercio y area de servicios",,010A,120A
X796,"Lesion autoinfligida intencionalmente por objeto romo o sin filo, area industrial y de la construccion",,010A,120A
X797,"Lesion autoinfligida intencionalmente por objeto romo o sin filo, granja",,010A,120A
X798,"Lesion autoinfligida intencionalmente por objeto romo o sin filo, otro lugar especificado",,010A,120A
X799,"Lesion autoinfligida intencionalmente por objeto romo o sin filo, lugar no especificado",,010A,120A
X800,"Lesion autoinfligida intencionalmente al saltar desde un lugar elevado, vivienda",,010A,120A
X801,"Lesion autoinfligida intencionalmente al saltar desde un lugar elevado, institucion residencial",,010A,120A
X802,"Lesion autoinfligida intencionalmente al saltar desde un lugar elevado, escuelas, otras instituciones y areas administrativas  publicas",,010A,120A
X803,"Lesion autoinfligida intencionalmente al saltar desde un lugar elevado, areas de deporte y atletismo",,010A,120A
X804,"Lesion autoinfligida intencionalmente al saltar desde un lugar elevado, calles y carreteras",,010A,120A
X805,"Lesion autoinfligida intencionalmente al saltar desde un lugar elevado, comercio y area de servicios",,010A,120A
X806,"Lesion autoinfligida intencionalmente al saltar desde un lugar elevado, area industrial y de la construccion",,010A,120A
X807,"Lesion autoinfligida intencionalmente al saltar desde un lugar elevado, granja",,010A,120A
X808,"Lesion autoinfligida intencionalmente al saltar desde un lugar elevado, otro lugar especificado",,010A,120A
X809,"Lesion autoinfligida intencionalmente al saltar desde un lugar elevado, lugar no especificado",,010A,120A
X810,"Lesion autoinfligida intencionalmente por arrojarse o colocarse delante de objeto en movimiento, vivienda",,010A,120A
X811,"Lesion autoinfligida intencionalmente por arrojarse o colocarse delante de objeto en movimiento, institucion residencial",,010A,120A
X812,"Lesion autoinfligida intencionalmente por arrojarse o colocarse delante de objeto en movimiento, escuelas, otras instituciones y areas administrativas  publicas",,010A,120A
X813,"Lesion autoinfligida intencionalmente por arrojarse o colocarse delante de objeto en movimiento, areas de deporte y atletismo",,010A,120A
X814,"Lesion autoinfligida intencionalmente por arrojarse o colocarse delante de objeto en movimiento, calles y carreteras",,010A,120A
X815,"Lesion autoinfligida intencionalmente por arrojarse o colocarse delante de objeto en movimiento, comercio y area de servicios",,010A,120A
X816,"Lesion autoinfligida intencionalmente por arrojarse o colocarse delante de objeto en movimiento, area industrial y de la construccion",,010A,120A
X817,"Lesion autoinfligida intencionalmente por arrojarse o colocarse delante de objeto en movimiento, granja",,010A,120A
X818,"Lesion autoinfligida intencionalmente por arrojarse o colocarse delante de objeto en movimiento, otro lugar especificado",,010A,120A
X819,"Lesion autoinfligida intencionalmente por arrojarse o colocarse delante de objeto en movimiento, lugar no especificado",,010A,120A
X820,"Lesion autoinfligida intencionalmente por colision de vehiculo de motor, vivienda",,010A,120A
X821,"Lesion autoinfligida intencionalmente por colision de vehiculo de motor, institucion residencial",,010A,120A
X822,"Lesion autoinfligida intencionalmente por colision de vehiculo de motor, escuelas, otras instituciones y areas administrativas  publicas",,010A,120A
X823,"Lesion autoinfligida intencionalmente por colision de vehiculo de motor, areas de deporte y atletismo",,010A,120A
X824,"Lesion autoinfligida intencionalmente por colision de vehiculo de motor, calles y carreteras",,010A,120A
X825,"Lesion autoinfligida intencionalmente por colision de vehiculo de motor, comercio y area de servicios",,010A,120A
X826,"Lesion autoinfligida intencionalmente por colision de vehiculo de motor, area industrial y de la construccion",,010A,120A
X827,"Lesion autoinfligida intencionalmente por colision de vehiculo de motor, granja",,010A,120A
X828,"Lesion autoinfligida intencionalmente por colision de vehiculo de motor, otro lugar especificado",,010A,120A
X829,"Lesion autoinfligida intencionalmente por colision de vehiculo de motor, lugar no especificado",,010A,120A
X830,"Lesion autoinfligida intencionalmente por otros medios especificados, vivienda",,010A,120A
X831,"Lesion autoinfligida intencionalmente por otros medios especificados, institucion residencial",,010A,120A
X832,"Lesion autoinfligida intencionalmente por otros medios especificados, escuelas, otras instituciones y areas administrativas  publicas",,010A,120A
X833,"Lesion autoinfligida intencionalmente por otros medios especificados, areas de deporte y atletismo",,010A,120A
X834,"Lesion autoinfligida intencionalmente por otros medios especificados, calles y carreteras",,010A,120A
X835,"Lesion autoinfligida intencionalmente por otros medios especificados, comercio y area de servicios",,010A,120A
X836,"Lesion autoinfligida intencionalmente por otros medios especificados, area industrial y de la construccion",,010A,120A
X837,"Lesion autoinfligida intencionalmente por otros medios especificados, granja",,010A,120A
X838,"Lesion autoinfligida intencionalmente por otros medios especificados, otro lugar especificado",,010A,120A
X839,"Lesion autoinfligida intencionalmente por otros medios especificados, lugar no especificado",,010A,120A
X840,"Lesion autoinfligida intencionalmente por medios no especificados, vivienda",,010A,120A
X841,"Lesion autoinfligida intencionalmente por medios no especificados, institucion residencial",,010A,120A
X842,"Lesion autoinfligida intencionalmente por medios no especificados, escuelas, otras instituciones y areas administrativas  publicas",,010A,120A
X843,"Lesion autoinfligida intencionalmente por medios no especificados, areas de deporte y atletismo",,010A,120A
X844,"Lesion autoinfligida intencionalmente por medios no especificados, calles y carreteras",,010A,120A
X845,"Lesion autoinfligida intencionalmente por medios no especificados, comercio y area de servicios",,010A,120A
X846,"Lesion autoinfligida intencionalmente por medios no especificados, area industrial y de la construccion",,010A,120A
X847,"Lesion autoinfligida intencionalmente por medios no especificados, granja",,010A,120A
X848,"Lesion autoinfligida intencionalmente por medios no especificados, otro lugar especificado",,010A,120A
X849,"Lesion autoinfligida intencionalmente por medios no especificados, lugar no especificado",,010A,120A
X850,"Agresion con drogas, medicamentos y sustancias biologicas, vivienda",,,
X851,"Agresion con drogas, medicamentos y sustancias biologicas, institucion residencial",,,
X852,"Agresion con drogas, medicamentos y sustancias biologicas, escuelas, otras instituciones y areas administrativas  publicas",,,
X853,"Agresion con drogas, medicamentos y sustancias biologicas, areas de deporte y atletismo",,,
X854,"Agresion con drogas, medicamentos y sustancias biologicas, calles y carreteras",,,
X855,"Agresion con drogas, medicamentos y sustancias biologicas, comercio y area de servicios",,,
X856,"Agresion con drogas, medicamentos y sustancias biologicas, area industrial y de la construccion",,,
X857,"Agresion con drogas, medicamentos y sustancias biologicas, granja",,,
X858,"Agresion con drogas, medicamentos y sustancias biologicas, otro lugar especificado",,,
X859,"Agresion con drogas, medicamentos y sustancias biologicas, lugar no especificado",,,
X860,"Agresion con sustancia corrosiva, vivienda",,,
X861,"Agresion con sustancia corrosiva, institucion residencial",,,
X862,"Agresion con sustancia corrosiva, escuelas, otras instituciones y areas administrativas  publicas",,,
X863,"Agresion con sustancia corrosiva, areas de deporte y atletismo",,,
X864,"Agresion con sustancia corrosiva, calles y carreteras",,,
X865,"Agresion con sustancia corrosiva, comercio y area de servicios",,,
X866,"Agresion con sustancia corrosiva, area industrial y de la construccion",,,
X867,"Agresion con sustancia corrosiva, granja",,,
X868,"Agresion con sustancia corrosiva, otro lugar especificado",,,
X869,"Agresion con sustancia corrosiva, lugar no especificado",,,
X870,"Agresion con plaguicidas, vivienda",,,
X871,"Agresion con plaguicidas, institucion residencial",,,
X872,"Agresion con plaguicidas, escuelas, otras instituciones y areas administrativas  publicas",,,
X873,"Agresion con plaguicidas, areas de deporte y atletismo",,,
X874,"Agresion con plaguicidas, calles y carreteras",,,
X875,"Agresion con plaguicidas, comercio y area de servicios",,,
X876,"Agresion con plaguicidas, area industrial y de la construccion",,,
X877,"Agresion con plaguicidas, granja",,,
X878,"Agresion con plaguicidas, otro lugar especificado",,,
X879,"Agresion con plaguicidas, lugar no especificado",,,
X880,"Agresion con gases y vapores, vivienda",,,
X881,"Agresion con gases y vapores, institucion residencial",,,
X882,"Agresion con gases y vapores, escuelas, otras instituciones y areas administrativas  publicas",,,
X883,"Agresion con gases y vapores, areas de deporte y atletismo",,,
X884,"Agresion con gases y vapores, calles y carreteras",,,
X885,"Agresion con gases y vapores, comercio y area de servicios",,,
X886,"Agresion con gases y vapores, area industrial y de la construccion",,,
X887,"Agresion con gases y vapores, granja",,,
X888,"Agresion con gases y vapores, otro lugar especificado",,,
X889,"Agresion con gases y vapores, lugar no especificado",,,
X890,"Agresion con otros productos quimicos y sustancias nocivas especificadas, vivienda",,,
X891,"Agresion con otros productos quimicos y sustancias nocivas especificadas, institucion residencial",,,
X892,"Agresion con otros productos quimicos y sustancias nocivas especificadas, escuelas, otras instituciones y areas administrativas  publicas",,,
X893,"Agresion con otros productos quimicos y sustancias nocivas especificadas, areas de deporte y atletismo",,,
X894,"Agresion con otros productos quimicos y sustancias nocivas especificadas, calles y carreteras",,,
X895,"Agresion con otros productos quimicos y sustancias nocivas especificadas, comercio y area de servicios",,,
X896,"Agresion con otros productos quimicos y sustancias nocivas especificadas, area industrial y de la construccion",,,
X897,"Agresion con otros productos quimicos y sustancias nocivas especificadas, granja",,,
X898,"Agresion con otros productos quimicos y sustancias nocivas especificadas, otro lugar especificado",,,
X899,"Agresion con otros productos quimicos y sustancias nocivas especificadas, lugar no especificado",,,
X900,"Agresion con productos quimicos y sustancias nocivas no especificadas, vivienda",,,
X901,"Agresion con productos quimicos y sustancias nocivas no especificadas, institucion residencial",,,
X902,"Agresion con productos quimicos y sustancias nocivas no especificadas, escuelas, otras instituciones y areas administrativas  publicas",,,
X903,"Agresion con productos quimicos y sustancias nocivas no especificadas, areas de deporte y atletismo",,,
X904,"Agresion con productos quimicos y sustancias nocivas no especificadas, calles y carreteras",,,
X905,"Agresion con productos quimicos y sustancias nocivas no especificadas, comercio y area de servicios",,,
X906,"Agresion con productos quimicos y sustancias nocivas no especificadas, area industrial y de la construccion",,,
X907,"Agresion con productos quimicos y sustancias nocivas no especificadas, granja",,,
X908,"Agresion con productos quimicos y sustancias nocivas no especificadas, otro lugar especificado",,,
X909,"Agresion con productos quimicos y sustancias nocivas no especificadas, lugar no especificado",,,
X910,"Agresion por ahorcamiento, estrangulamiento y sofocacion, vivienda",,,
X911,"Agresion por ahorcamiento, estrangulamiento y sofocacion, institucion residencial",,,
X912,"Agresion por ahorcamiento, estrangulamiento y sofocacion, escuelas, otras instituciones y areas administrativas  publicas",,,
X913,"Agresion por ahorcamiento, estrangulamiento y sofocacion, areas de deporte y atletismo",,,
X914,"Agresion por ahorcamiento, estrangulamiento y sofocacion, calles y carreteras",,,
X915,"Agresion por ahorcamiento, estrangulamiento y sofocacion, comercio y area de servicios",,,
X916,"Agresion por ahorcamiento, estrangulamiento y sofocacion, area industrial y de la construccion",,,
X917,"Agresion por ahorcamiento, estrangulamiento y sofocacion, granja",,,
X918,"Agresion por ahorcamiento, estrangulamiento y sofocacion, otro lugar especificado",,,
X919,"Agresion por ahorcamiento, estrangulamiento y sofocacion, lugar no especificado",,,
X920,"Agresion por ahogamiento y sumersion, vivienda",,,
X921,"Agresion por ahogamiento y sumersion, institucion residencial",,,
X922,"Agresion por ahogamiento y sumersion, escuelas, otras instituciones y areas administrativas  publicas",,,
X923,"Agresion por ahogamiento y sumersion, areas de deporte y atletismo",,,
X924,"Agresion por ahogamiento y sumersion, calles y carreteras",,,
X925,"Agresion por ahogamiento y sumersion, comercio y area de servicios",,,
X926,"Agresion por ahogamiento y sumersion, area industrial y de la construccion",,,
X927,"Agresion por ahogamiento y sumersion, granja",,,
X928,"Agresion por ahogamiento y sumersion, otro lugar especificado",,,
X929,"Agresion por ahogamiento y sumersion, lugar no especificado",,,
X930,"Agresion con disparo de arma corta, vivienda",,,
X931,"Agresion con disparo de arma corta, institucion residencial",,,
X932,"Agresion con disparo de arma corta, escuelas, otras instituciones y areas administrativas  publicas",,,
X933,"Agresion con disparo de arma corta, areas de deporte y atletismo",,,
X934,"Agresion con disparo de arma corta, calles y carreteras",,,
X935,"Agresion con disparo de arma corta, comercio y area de servicios",,,
X936,"Agresion con disparo de arma corta, area industrial y de la construccion",,,
X937,"Agresion con disparo de arma corta, granja",,,
X938,"Agresion con disparo de arma corta, otro lugar especificado",,,
X939,"Agresion con disparo de arma corta, lugar no especificado",,,
X940,"Agresion con disparo de rifle, escopeta y arma larga, vivienda",,,
X941,"Agresion con disparo de rifle, escopeta y arma larga, institucion residencial",,,
X942,"Agresion con disparo de rifle, escopeta y arma larga, escuelas, otras instituciones y areas administrativas  publicas",,,
X943,"Agresion con disparo de rifle, escopeta y arma larga, areas de deporte y atletismo",,,
X944,"Agresion con disparo de rifle, escopeta y arma larga, calles y carreteras",,,
X945,"Agresion con disparo de rifle, escopeta y arma larga, comercio y area de servicios",,,
X946,"Agresion con disparo de rifle, escopeta y arma larga, area industrial y de la construccion",,,
X947,"Agresion con disparo de rifle, escopeta y arma larga, granja",,,
X948,"Agresion con disparo de rifle, escopeta y arma larga, otro lugar especificado",,,
X949,"Agresion con disparo de rifle, escopeta y arma larga, lugar no especificado",,,
X950,"Agresion con disparo de otras armas de fuego, y las no especificadas, vivienda",,,
X951,"Agresion con disparo de otras armas de fuego, y las no especificadas, institucion residencial",,,
X952,"Agresion con disparo de otras armas de fuego, y las no especificadas, escuelas, otras instituciones y areas administrativas  publicas",,,
X953,"Agresion con disparo de otras armas de fuego, y las no especificadas, areas de deporte y atletismo",,,
X954,"Agresion con disparo de otras armas de fuego, y las no especificadas, calles y carreteras",,,
X955,"Agresion con disparo de otras armas de fuego, y las no especificadas, comercio y area de servicios",,,
X956,"Agresion con disparo de otras armas de fuego, y las no especificadas, area industrial y de la construccion",,,
X957,"Agresion con disparo de otras armas de fuego, y las no especificadas, granja",,,
X958,"Agresion con disparo de otras armas de fuego, y las no especificadas, otro lugar especificado",,,
X959,"Agresion con disparo de otras armas de fuego, y las no especificadas, lugar no especificado",,,
X960,"Agresion con material explosivo, vivienda",,,
X961,"Agresion con material explosivo, institucion residencial",,,
X962,"Agresion con material explosivo, escuelas, otras instituciones y areas administrativas  publicas",,,
X963,"Agresion con material explosivo, areas de deporte y atletismo",,,
X964,"Agresion con material explosivo, calles y carreteras",,,
X965,"Agresion con material explosivo, comercio y area de servicios",,,
X966,"Agresion con material explosivo, area industrial y de la construccion",,,
X967,"Agresion con material explosivo, granja",,,
X968,"Agresion con material explosivo, otro lugar especificado",,,
X969,"Agresion con material explosivo, lugar no especificado",,,
X970,"Agresion con humo, fuego y llamas, vivienda",,,
X971,"Agresion con humo, fuego y llamas, institucion residencial",,,
X972,"Agresion con humo, fuego y llamas, escuelas, otras instituciones y areas administrativas  publicas",,,
X973,"Agresion con humo, fuego y llamas, areas de deporte y atletismo",,,
X974,"Agresion con humo, fuego y llamas, calles y carreteras",,,
X975,"Agresion con humo, fuego y llamas, comercio y area de servicios",,,
X976,"Agresion con humo, fuego y llamas, area industrial y de la construccion",,,
X977,"Agresion con humo, fuego y llamas, granja",,,
X978,"Agresion con humo, fuego y llamas, otro lugar especificado",,,
X979,"Agresion con humo, fuego y llamas, lugar no especificado",,,
X980,"Agresion con vapor de agua, vapores y objetos calientes, vivienda",,,
X981,"Agresion con vapor de agua, vapores y objetos calientes, institucion residencial",,,
X982,"Agresion con vapor de agua, vapores y objetos calientes, escuelas, otras instituciones y areas administrativas  publicas",,,
X983,"Agresion con vapor de agua, vapores y objetos calientes, areas de deporte y atletismo",,,
X984,"Agresion con vapor de agua, vapores y objetos calientes, calles y carreteras",,,
X985,"Agresion con vapor de agua, vapores y objetos calientes, comercio y area de servicios",,,
X986,"Agresion con vapor de agua, vapores y objetos calientes, area industrial y de la construccion",,,
X987,"Agresion con vapor de agua, vapores y objetos calientes, granja",,,
X988,"Agresion con vapor de agua, vapores y objetos calientes, otro lugar especificado",,,
X989,"Agresion con vapor de agua, vapores y objetos calientes, lugar no especificado",,,
X990,"Agresion con objeto cortante, vivienda",,,
X991,"Agresion con objeto cortante, institucion residencial",,,
X992,"Agresion con objeto cortante, escuelas, otras instituciones y areas administrativas  publicas",,,
X993,"Agresion con objeto cortante, areas de deporte y atletismo",,,
X994,"Agresion con objeto cortante, calles y carreteras",,,
X995,"Agresion con objeto cortante, comercio y area de servicios",,,
X996,"Agresion con objeto cortante, area industrial y de la construccion",,,
X997,"Agresion con objeto cortante, granja",,,
X998,"Agresion con objeto cortante, otro lugar especificado",,,
X999,"Agresion con objeto cortante, lugar no especificado",,,
Y000,"Agresion con objeto romo o sin filo, vivienda",,,
Y001,"Agresion con objeto romo o sin filo, institucion residencial",,,
Y002,"Agresion con objeto romo o sin filo, escuelas, otras instituciones y areas administrativas publicas",,,
Y003,"Agresion con objeto romo o sin filo, areas de deporte y atletismo",,,
Y004,"Agresion con objeto romo o sin filo, calles y carreteras",,,
Y005,"Agresion con objeto romo o sin filo, comercio y area de servicios",,,
Y006,"Agresion con objeto romo o sin filo, area industrial y de la construccion",,,
Y007,"Agresion con objeto romo o sin filo, granja",,,
Y008,"Agresion con objeto romo o sin filo, otro lugar especificado",,,
Y009,"Agresion con objeto romo o sin filo, lugar no especificado",,,
Y010,"Agresion por empujon desde un lugar elevado, vivienda",,,
Y011,"Agresion por empujon desde un lugar elevado, institucion residencial",,,
Y012,"Agresion por empujon desde un lugar elevado, escuelas, otras instituciones y areas administrativas  publicas",,,
Y013,"Agresion por empujon desde un lugar elevado, areas de deporte y atletismo",,,
Y014,"Agresion por empujon desde un lugar elevado, calles y carreteras",,,
Y015,"Agresion por empujon desde un lugar elevado, comercio y area de servicios",,,
Y016,"Agresion por empujon desde un lugar elevado, area industrial y de la construccion",,,
Y017,"Agresion por empujon desde un lugar elevado, granja",,,
Y018,"Agresion por empujon desde un lugar elevado, otro lugar especificado",,,
Y019,"Agresion por empujon desde un lugar elevado, lugar no especificado",,,
Y020,"Agresion por empujar o colocar a la victima delante de objeto en movimiento, vivienda",,,
Y021,"Agresion por empujar o colocar a la victima delante de objeto en movimiento, institucion residencial",,,
Y022,"Agresion por empujar o colocar a la victima delante de objeto en movimiento, escuelas, otras instituciones y areas administrativas  publicas",,,
Y023,"Agresion por empujar o colocar a la victima delante de objeto en movimiento, areas de deporte y atletismo",,,
Y024,"Agresion por empujar o colocar a la victima delante de objeto en movimiento, calles y carreteras",,,
Y025,"Agresion por empujar o colocar a la victima delante de objeto en movimiento, comercio y area de servicios",,,
Y026,"Agresion por empujar o colocar a la victima delante de objeto en movimiento, area industrial y de la construccion",,,
Y027,"Agresion por empujar o colocar a la victima delante de objeto en movimiento, granja",,,
Y028,"Agresion por empujar o colocar a la victima delante de objeto en movimiento, otro lugar especificado",,,
Y029,"Agresion por empujar o colocar a la victima delante de objeto en movimiento, lugar no especificado",,,
Y030,"Agresion por colision de vehiculo de motor, vivienda",,,
Y031,"Agresion por colision de vehiculo de motor, institucion residencial",,,
Y032,"Agresion por colision de vehiculo de motor, escuelas, otras instituciones y areas administrativas  publicas",,,
Y033,"Agresion por colision de vehiculo de motor, areas de deporte y atletismo",,,
Y034,"Agresion por colision de vehiculo de motor, calles y carreteras",,,
Y035,"Agresion por colision de vehiculo de motor, comercio y area de servicios",,,
Y036,"Agresion por colision de vehiculo de motor, area industrial y de la construccion",,,
Y037,"Agresion por colision de vehiculo de motor, granja",,,
Y038,"Agresion por colision de vehiculo de motor, otro lugar especificado",,,
Y039,"Agresion por colision de vehiculo de motor, lugar no especificado",,,
Y040,"Agresion con fuerza corporal, vivienda",,,
Y041,"Agresion con fuerza corporal, institucion residencial",,,
Y042,"Agresion con fuerza corporal, escuelas, otras instituciones y areas administrativas publicas",,,
Y043,"Agresion con fuerza corporal, areas de deporte y atletismo",,,
Y044,"Agresion con fuerza corporal, calles y carreteras",,,
Y045,"Agresion con fuerza corporal, comercio y area de servicios",,,
Y046,"Agresion con fuerza corporal, area industrial y de la construccion",,,
Y047,"Agresion con fuerza corporal, granja",,,
Y048,"Agresion con fuerza corporal, otro lugar especificado",,,
Y049,"Agresion con fuerza corporal, lugar no especificado",,,
Y050,"Agresion sexual con fuerza corporal, vivienda",,,
Y051,"Agresion sexual con fuerza corporal, institucion residencial",,,
Y052,"Agresion sexual con fuerza corporal, escuelas, otras instituciones y areas administrativas  publicas",,,
Y053,"Agresion sexual con fuerza corporal, areas de deporte y atletismo",,,
Y054,"Agresion sexual con fuerza corporal, calles y carreteras",,,
Y055,"Agresion sexual con fuerza corporal, comercio y area de servicios",,,
Y056,"Agresion sexual con fuerza corporal, area industrial y de la construccion",,,
Y057,"Agresion sexual con fuerza corporal, granja",,,
Y058,"Agresion sexual con fuerza corporal, otro lugar especificado",,,
Y059,"Agresion sexual con fuerza corporal, lugar no especificado",,,
Y060,Negligencia y abandono por esposo o pareja,,,
Y061,Negligencia y abandono por padre o madre,,,
Y062,Negligencia y abandono por conocido o amigo,,,
Y068,Negligencia y abandono por otra persona especificada,,,
Y069,Negligencia y abandono por persona no especificada,,,
Y070,Otros maltratos por esposo o pareja,,,
Y071,Otros maltratos por padre o madre,,,
Y072,Otros maltratos por conocido o amigo,,,
Y073,Otros maltratos por autoridades oficiales,,,
Y078,Otros maltratos por otra persona especificada,,,
Y079,Otros maltratos por persona no especificada,,,
Y080,"Agresion por otros medios especificados, vivienda",,,
Y081,"Agresion por otros medios especificados, institucion residencial",,,
Y082,"Agresion por otros medios especificados, escuelas, otras instituciones y areas administrativas publicas",,,
Y083,"Agresion por otros medios especificados, areas de deporte y atletismo",,,
Y084,"Agresion por otros medios especificados, calles y carreteras",,,
Y085,"Agresion por otros medios especificados, comercio y area de servicios",,,
Y086,"Agresion por otros medios especificados, area industrial y de la construccion",,,
Y087,"Agresion por otros medios especificados, granja",,,
Y088,"Agresion por otros medios especificados, otro lugar especificado",,,
Y089,"Agresion por otros medios especificados, lugar no especificado",,,
Y090,"Agresion por medios no especificados, vivienda",,,
Y091,"Agresion por medios no especificados, institucion residencial",,,
Y092,"Agresion por medios no especificados, escuelas, otras instituciones y areas administrativas publicas",,,
Y093,"Agresion por medios no especificados, areas de deporte y atletismo",,,
Y094,"Agresion por medios no especificados, calles y carreteras",,,
Y095,"Agresion por medios no especificados, comercio y area de servicios",,,
Y096,"Agresion por medios no especificados, area industrial y de la construccion",,,
Y097,"Agresion por medios no especificados, granja",,,
Y098,"Agresion por medios no especificados, otro lugar especificado",,,
Y099,"Agresion por medios no especificados, lugar no especificado",,,
Y100,"Envenenamiento por, y exposicion a analgesicos no narcoticos, antipireticos y antirreumaticos, de intencion no determinada, vivienda",,,
Y101,"Envenenamiento por, y exposicion a analgesicos no narcoticos, antipireticos y antirreumaticos, de intencion no determinada, institucion residencial",,,
Y102,"Envenenamiento por, y exposicion a analgesicos no narcoticos, antipireticos y antirreumaticos, de intencion no determinada, escuelas, otras instituciones y areas administrativas publicas",,,
Y103,"Envenenamiento por, y exposicion a analgesicos no narcoticos, antipireticos y antirreumaticos, de intencion no determinada, areas de deporte y atletismo",,,
Y104,"Envenenamiento por, y exposicion a analgesicos no narcoticos, antipireticos y antirreumaticos, de intencion no determinada, calles y carreteras",,,
Y105,"Envenenamiento por, y exposicion a analgesicos no narcoticos, antipireticos y antirreumaticos, de intencion no determinada, comercio y area de servicios",,,
Y106,"Envenenamiento por, y exposicion a analgesicos no narcoticos, antipireticos y antirreumaticos, de intencion no determinada, area industrial y de la construccion",,,
Y107,"Envenenamiento por, y exposicion a analgesicos no narcoticos, antipireticos y antirreumaticos, de intencion no determinada, granja",,,
Y108,"Envenenamiento por, y exposicion a analgesicos no narcoticos, antipireticos y antirreumaticos, de intencion no determinada, otro lugar especificado",,,
Y109,"Envenenamiento por, y exposicion a analgesicos no narcoticos, antipireticos y antirreumaticos, de intencion no determinada, lugar no especificado",,,
Y110,"Envenenamiento por, y exposicion a drogas antiepilepticas, sedantes, hipnoticas, antiparkinsonianas y psicotropicas, no clasificadas en otra parte, de intencion no determinada, vivienda",,,
Y111,"Envenenamiento por, y exposicion a drogas antiepilepticas, sedantes, hipnoticas, antiparkinsonianas y psicotropicas, no clasificadas en otra parte, de intencion no determinada, institucion residencial",,,
Y112,"Envenenamiento por, y exposicion a drogas antiepilepticas, sedantes, hipnoticas, antiparkinsonianas y psicotropicas, no clasificadas en otra parte, de intencion no determinada, escuelas, otras instituciones y areas administrativas publicas",,,
Y113,"Envenenamiento por, y exposicion a drogas antiepilepticas, sedantes, hipnoticas, antiparkinsonianas y psicotropicas, no clasificadas en otra parte, de intencion no determinada, areas de deporte y atletismo",,,
Y114,"Envenenamiento por, y exposicion a drogas antiepilepticas, sedantes, hipnoticas, antiparkinsonianas y psicotropicas, no clasificadas en otra parte, de intencion no determinada, calles y carreteras",,,
Y115,"Envenenamiento por, y exposicion a drogas antiepilepticas, sedantes, hipnoticas, antiparkinsonianas y psicotropicas, no clasificadas en otra parte, de intencion no determinada, comercio y area de servicios",,,
Y116,"Envenenamiento por, y exposicion a drogas antiepilepticas, sedantes, hipnoticas, antiparkinsonianas y psicotropicas, no clasificadas en otra parte, de intencion no determinada, area industrial y de la construccion",,,
Y117,"Envenenamiento por, y exposicion a drogas antiepilepticas, sedantes, hipnoticas, antiparkinsonianas y psicotropicas, no clasificadas en otra parte, de intencion no determinada, granja",,,
Y118,"Envenenamiento por, y exposicion a drogas antiepilepticas, sedantes, hipnoticas, antiparkinsonianas y psicotropicas, no clasificadas en otra parte, de intencion no determinada, otro lugar especificado",,,
Y119,"Envenenamiento por, y exposicion a drogas antiepilepticas, sedantes, hipnoticas, antiparkinsonianas y psicotropicas, no clasificadas en otra parte, de intencion no determinada, lugar no especificado",,,
Y120,"Envenenamiento por, y exposicion a narcoticos y psicodislepticos [alucinogenos], no clasificados en otra parte, de intencion no determinada, vivienda",,,
Y121,"Envenenamiento por, y exposicion a narcoticos y psicodislepticos [alucinogenos], no clasificados en otra parte, de intencion no determinada, institucion residencial",,,
Y122,"Envenenamiento por, y exposicion a narcoticos y psicodislepticos [alucinogenos], no clasificados en otra parte, de intencion no determinada, escuelas, otras instituciones y areas administrativas publicas",,,
Y123,"Envenenamiento por, y exposicion a narcoticos y psicodislepticos [alucinogenos], no clasificados en otra parte, de intencion no determinada, areas de deporte y atletismo",,,
Y124,"Envenenamiento por, y exposicion a narcoticos y psicodislepticos [alucinogenos], no clasificados en otra parte, de intencion no determinada, calles y carreteras",,,
Y125,"Envenenamiento por, y exposicion a narcoticos y psicodislepticos [alucinogenos], no clasificados en otra parte, de intencion no determinada, comercio y area de servicios",,,
Y126,"Envenenamiento por, y exposicion a narcoticos y psicodislepticos [alucinogenos], no clasificados en otra parte, de intencion no determinada, area industrial y de la construccion",,,
Y127,"Envenenamiento por, y exposicion a narcoticos y psicodislepticos [alucinogenos], no clasificados en otra parte, de intencion no determinada, granja",,,
Y128,"Envenenamiento por, y exposicion a narcoticos y psicodislepticos [alucinogenos], no clasificados en otra parte, de intencion no determinada, otro lugar especificado",,,
Y129,"Envenenamiento por, y exposicion a narcoticos y psicodislepticos [alucinogenos], no clasificados en otra parte, de intencion no determinada, lugar no especificado",,,
Y130,"Envenenamiento por, y exposicion a otras drogas que actuan sobre el sistema nervioso autonomo, de intencion no determinada, vivienda",,,
Y131,"Envenenamiento por, y exposicion a otras drogas que actuan sobre el sistema nervioso autonomo, de intencion no determinada, institucion residencial",,,
Y132,"Envenenamiento por, y exposicion a otras drogas que actuan sobre el sistema nervioso autonomo, de intencion no determinada, escuelas, otras instituciones y areas administrativas publicas",,,
Y133,"Envenenamiento por, y exposicion a otras drogas que actuan sobre el sistema nervioso autonomo, de intencion no determinada, areas de deporte y atletismo",,,
Y134,"Envenenamiento por, y exposicion a otras drogas que actuan sobre el sistema nervioso autonomo, de intencion no determinada, calles y carreteras",,,
Y135,"Envenenamiento por, y exposicion a otras drogas que actuan sobre el sistema nervioso autonomo, de intencion no determinada, comercio y area de servicios",,,
Y136,"Envenenamiento por, y exposicion a otras drogas que actuan sobre el sistema nervioso autonomo, de intencion no determinada, area industrial y de la construccion",,,
Y137,"Envenenamiento por, y exposicion a otras drogas que actuan sobre el sistema nervioso autonomo, de intencion no determinada, granja",,,
Y138,"Envenenamiento por, y exposicion a otras drogas que actuan sobre el sistema nervioso autonomo, de intencion no determinada, otro lugar especificado",,,
Y139,"Envenenamiento por, y exposicion a otras drogas que actuan sobre el sistema nervioso autonomo, de intencion no determinada, lugar no especificado",,,
Y140,"Envenenamiento por, y exposicion a otras drogas, medicamentos y sustancias biologicas, y las no especificadas, de intencion no determinada, vivienda",,,
Y141,"Envenenamiento por, y exposicion a otras drogas, medicamentos y sustancias biologicas, y las no especificadas, de intencion no determinada, institucion residencial",,,
Y142,"Envenenamiento por, y exposicion a otras drogas, medicamentos y sustancias biologicas, y las no especificadas, de intencion no determinada, escuelas, otras instituciones y areas administrativas publicas",,,
Y143,"Envenenamiento por, y exposicion a otras drogas, medicamentos y sustancias biologicas, y las no especificadas, de intencion no determinada, areas de deporte y atletismo",,,
Y144,"Envenenamiento por, y exposicion a otras drogas, medicamentos y sustancias biologicas, y las no especificadas, de intencion no determinada, calles y carreteras",,,
Y145,"Envenenamiento por, y exposicion a otras drogas, medicamentos y sustancias biologicas, y las no especificadas, de intencion no determinada, comercio y area de servicios",,,
Y146,"Envenenamiento por, y exposicion a otras drogas, medicamentos y sustancias biologicas, y las no especificadas, de intencion no determinada, area industrial y de la construccion",,,
Y147,"Envenenamiento por, y exposicion a otras drogas, medicamentos y sustancias biologicas, y las no especificadas, de intencion no determinada, granja",,,
Y148,"Envenenamiento por, y exposicion a otras drogas, medicamentos y sustancias biologicas, y las no especificadas, de intencion no determinada, otro lugar especificado",,,
Y149,"Envenenamiento por, y exposicion a otras drogas, medicamentos y sustancias biologicas, y las no especificadas, de intencion no determinada, lugar no especificado",,,
Y150,"Envenenamiento por, y exposicion al alcohol, de intencion no determinada, vivienda",,,
Y151,"Envenenamiento por, y exposicion al alcohol, de intencion no determinada, institucion residencial",,,
Y152,"Envenenamiento por, y exposicion al alcohol, de intencion no determinada, escuelas, otras instituciones y areas administrativas publicas",,,
Y153,"Envenenamiento por, y exposicion al alcohol, de intencion no determinada, areas de deporte y atletismo",,,
Y154,"Envenenamiento por, y exposicion al alcohol, de intencion no determinada, calles y carreteras",,,
Y155,"Envenenamiento por, y exposicion al alcohol, de intencion no determinada, comercio y area de servicios",,,
Y156,"Envenenamiento por, y exposicion al alcohol, de intencion no determinada, area industrial y de la construccion",,,
Y157,"Envenenamiento por, y exposicion al alcohol, de intencion no determinada, granja",,,
Y158,"Envenenamiento por, y exposicion al alcohol, de intencion no determinada, otro lugar especificado",,,
Y159,"Envenenamiento por, y exposicion al alcohol, de intencion no determinada, lugar no especificado",,,
Y160,"Envenenamiento por, y exposicion a disolventes organicos e hidrocarburos halogenados y sus vapores, de intencion no determinada, vivienda",,,
Y161,"Envenenamiento por, y exposicion a disolventes organicos e hidrocarburos halogenados y sus vapores, de intencion no determinada, institucion residencial",,,
Y162,"Envenenamiento por, y exposicion a disolventes organicos e hidrocarburos halogenados y sus vapores, de intencion no determinada, escuelas, otras instituciones y areas administrativas publicas",,,
Y163,"Envenenamiento por, y exposicion a disolventes organicos e hidrocarburos halogenados y sus vapores, de intencion no determinada, areas de deporte y atletismo",,,
Y164,"Envenenamiento por, y exposicion a disolventes organicos e hidrocarburos halogenados y sus vapores, de intencion no determinada, calles y carreteras",,,
Y165,"Envenenamiento por, y exposicion a disolventes organicos e hidrocarburos halogenados y sus vapores, de intencion no determinada, comercio y area de servicios",,,
Y166,"Envenenamiento por, y exposicion a disolventes organicos e hidrocarburos halogenados y sus vapores, de intencion no determinada, area industrial y de la construccion",,,
Y167,"Envenenamiento por, y exposicion a disolventes organicos e hidrocarburos halogenados y sus vapores, de intencion no determinada, granja",,,
Y168,"Envenenamiento por, y exposicion a disolventes organicos e hidrocarburos halogenados y sus vapores, de intencion no determinada, otro lugar especificado",,,
Y169,"Envenenamiento por, y exposicion a disolventes organicos e hidrocarburos halogenados y sus vapores, de intencion no determinada, lugar no especificado",,,
Y170,"Envenenamiento por, y  exposicion a otros gases y vapores, de intencion no determinada, vivienda",,,
Y171,"Envenenamiento por, y  exposicion a otros gases y vapores, de intencion no determinada, institucion residencial",,,
Y172,"Envenenamiento por, y  exposicion a otros gases y vapores, de intencion no determinada, escuelas, otras instituciones y areas administrativas publicas",,,
Y173,"Envenenamiento por, y  exposicion a otros gases y vapores, de intencion no determinada, areas de deporte y atletismo",,,
Y174,"Envenenamiento por, y  exposicion a otros gases y vapores, de intencion no determinada, calles y carreteras",,,
Y175,"Envenenamiento por, y  exposicion a otros gases y vapores, de intencion no determinada, comercio y area de servicios",,,
Y176,"Envenenamiento por, y  exposicion a otros gases y vapores, de intencion no determinada, area industrial y de la construccion",,,
Y177,"Envenenamiento por, y  exposicion a otros gases y vapores, de intencion no determinada, granja",,,
Y178,"Envenenamiento por, y  exposicion a otros gases y vapores, de intencion no determinada, otro lugar especificado",,,
Y179,"Envenenamiento por, y  exposicion a otros gases y vapores, de intencion no determinada, lugar no especificado",,,
Y180,"Envenenamiento por, y exposicion a plaguicidas, de intencion no determinada, vivienda",,,
Y181,"Envenenamiento por, y exposicion a plaguicidas, de intencion no determinada, institucion residencial",,,
Y182,"Envenenamiento por, y exposicion a plaguicidas, de intencion no determinada, escuelas, otras instituciones y areas administrativas publicas",,,
Y183,"Envenenamiento por, y exposicion a plaguicidas, de intencion no determinada, areas de deporte y atletismo",,,
Y184,"Envenenamiento por, y exposicion a plaguicidas, de intencion no determinada, calles y carreteras",,,
Y185,"Envenenamiento por, y exposicion a plaguicidas, de intencion no determinada, comercio y area de servicios",,,
Y186,"Envenenamiento por, y exposicion a plaguicidas, de intencion no determinada, area industrial y de la construccion",,,
Y187,"Envenenamiento por, y exposicion a plaguicidas, de intencion no determinada, granja",,,
Y188,"Envenenamiento por, y exposicion a plaguicidas, de intencion no determinada, otro lugar especificado",,,
Y189,"Envenenamiento por, y exposicion a plaguicidas, de intencion no determinada, lugar no especificado",,,
Y190,"Envenenamiento por, y exposicion a otros productos quimicos y sustancias nocivas, y los no especificados, de intencion no determinada, vivienda",,,
Y191,"Envenenamiento por, y exposicion a otros productos quimicos y sustancias nocivas, y los no especificados, de intencion no determinada, institucion residencial",,,
Y192,"Envenenamiento por, y exposicion a otros productos quimicos y sustancias nocivas, y los no especificados, de intencion no determinada, escuelas, otras instituciones y areas administrativas publicas",,,
Y193,"Envenenamiento por, y exposicion a otros productos quimicos y sustancias nocivas, y los no especificados, de intencion no determinada, areas de deporte y atletismo",,,
Y194,"Envenenamiento por, y exposicion a otros productos quimicos y sustancias nocivas, y los no especificados, de intencion no determinada, calles y carreteras",,,
Y195,"Envenenamiento por, y exposicion a otros productos quimicos y sustancias nocivas, y los no especificados, de intencion no determinada, comercio y area de servicios",,,
Y196,"Envenenamiento por, y exposicion a otros productos quimicos y sustancias nocivas, y los no especificados, de intencion no determinada, area industrial y de la construccion",,,
Y197,"Envenenamiento por, y exposicion a otros productos quimicos y sustancias nocivas, y los no especificados, de intencion no determinada, granja",,,
Y198,"Envenenamiento por, y exposicion a otros productos quimicos y sustancias nocivas, y los no especificados, de intencion no determinada, otro lugar especificado",,,
Y199,"Envenenamiento por, y exposicion a otros productos quimicos y sustancias nocivas, y los no especificados, de intencion no determinada, lugar no especificado",,,
Y200,"Ahorcamiento, estrangulamiento y sofocacion, de intencion no determinada, vivienda",,,
Y201,"Ahorcamiento, estrangulamiento y sofocacion, de intencion no determinada, institucion residencial",,,
Y202,"Ahorcamiento, estrangulamiento y sofocacion, de intencion no determinada, escuelas, otras instituciones y areas administrativas publicas",,,
Y203,"Ahorcamiento, estrangulamiento y sofocacion, de intencion no determinada, areas de deporte y atletismo",,,
Y204,"Ahorcamiento, estrangulamiento y sofocacion, de intencion no determinada, calles y carreteras",,,
Y205,"Ahorcamiento, estrangulamiento y sofocacion, de intencion no determinada, comercio y area de servicios",,,
Y206,"Ahorcamiento, estrangulamiento y sofocacion, de intencion no determinada, area industrial y de la construccion",,,
Y207,"Ahorcamiento, estrangulamiento y sofocacion, de intencion no determinada, granja",,,
Y208,"Ahorcamiento, estrangulamiento y sofocacion, de intencion no determinada, otro lugar especificado",,,
Y209,"Ahorcamiento, estrangulamiento y sofocacion, de intencion no determinada, lugar no especificado",,,
Y210,"Ahogamiento y sumersion, de intencion no determinada, vivienda",,,
Y211,"Ahogamiento y sumersion, de intencion no determinada, institucion residencial",,,
Y212,"Ahogamiento y sumersion, de intencion no determinada, escuelas, otras instituciones y areas administrativas publicas",,,
Y213,"Ahogamiento y sumersion, de intencion no determinada, areas de deporte y atletismo",,,
Y214,"Ahogamiento y sumersion, de intencion no determinada, calles y carreteras",,,
Y215,"Ahogamiento y sumersion, de intencion no determinada, comercio y area de servicios",,,
Y216,"Ahogamiento y sumersion, de intencion no determinada, area industrial y de la construccion",,,
Y217,"Ahogamiento y sumersion, de intencion no determinada, granja",,,
Y218,"Ahogamiento y sumersion, de intencion no determinada, otro lugar especificado",,,
Y219,"Ahogamiento y sumersion, de intencion no determinada, lugar no especificado",,,
Y220,"Disparo de arma corta, de intencion no determinada, vivienda",,,
Y221,"Disparo de arma corta, de intencion no determinada, institucion residencial",,,
Y222,"Disparo de arma corta, de intencion no determinada, escuelas, otras instituciones y areas administrativas publicas",,,
Y223,"Disparo de arma corta, de intencion no determinada, areas de deporte y atletismo",,,
Y224,"Disparo de arma corta, de intencion no determinada, calles y carreteras",,,
Y225,"Disparo de arma corta, de intencion no determinada, comercio y area de servicios",,,
Y226,"Disparo de arma corta, de intencion no determinada, area industrial y de la construccion",,,
Y227,"Disparo de arma corta, de intencion no determinada, granja",,,
Y228,"Disparo de arma corta, de intencion no determinada, otro lugar especificado",,,
Y229,"Disparo de arma corta, de intencion no determinada, lugar no especificado",,,
Y230,"Disparo de rifle, escopeta y arma larga, de intencion no determinada, vivienda",,,
Y231,"Disparo de rifle, escopeta y arma larga, de intencion no determinada, institucion residencial",,,
Y232,"Disparo de rifle, escopeta y arma larga, de intencion no determinada, escuelas, otras instituciones y areas administrativas publicas",,,
Y233,"Disparo de rifle, escopeta y arma larga, de intencion no determinada, areas de deporte y atletismo",,,
Y234,"Disparo de rifle, escopeta y arma larga, de intencion no determinada, calles y carreteras",,,
Y235,"Disparo de rifle, escopeta y arma larga, de intencion no determinada, comercio y area de servicios",,,
Y236,"Disparo de rifle, escopeta y arma larga, de intencion no determinada, area industrial y de la construccion",,,
Y237,"Disparo de rifle, escopeta y arma larga, de intencion no determinada, granja",,,
Y238,"Disparo de rifle, escopeta y arma larga, de intencion no determinada, otro lugar especificado",,,
Y239,"Disparo de rifle, escopeta y arma larga, de intencion no determinada, lugar no especificado",,,
Y240,"Disparo de otras armas de fuego y las no especificadas, de intencion no determinada, vivienda",,,
Y241,"Disparo de otras armas de fuego, y las no especificadas, de intencion no determinada, institucion residencial",,,
Y242,"Disparo de otras armas de fuego, y las no especificadas, de intencion no determinada, escuelas, otras instituciones y areas administrativas  publicas",,,
Y243,"Disparo de otras armas de fuego, y las no especificadas, de intencion no determinada, areas de deporte y atletismo",,,
Y244,"Disparo de otras armas de fuego, y las no especificadas, de intencion no determinada, calles y carreteras",,,
Y245,"Disparo de otras armas de fuego, y las no especificadas, de intencion no determinada, comercio y area de servicios",,,
Y246,"Disparo de otras armas de fuego, y las no especificadas, de intencion no determinada, area industrial y de la construccion",,,
Y247,"Disparo de otras armas de fuego, y las no especificadas, de intencion no determinada, granja",,,
Y248,"Disparo de otras armas de fuego, y las no especificadas, de intencion no determinada, otro lugar especificado",,,
Y249,"Disparo de otras armas de fuego, y las no especificadas, de intencion no determinada, lugar no especificado",,,
Y250,"Contacto traumatico con material explosivo, de intencion no determinada, vivienda",,,
Y251,"Contacto traumatico con material explosivo, de intencion no determinada, institucion residencial",,,
Y252,"Contacto traumatico con material explosivo, de intencion no determinada, escuelas, otras instituciones y areas administrativas publicas",,,
Y253,"Contacto traumatico con material explosivo, de intencion no determinada, areas de deporte y atletismo",,,
Y254,"Contacto traumatico con material explosivo, de intencion no determinada, calles y carreteras",,,
Y255,"Contacto traumatico con material explosivo, de intencion no determinada, comercio y area de servicios",,,
Y256,"Contacto traumatico con material explosivo, de intencion no determinada, area industrial y de la construccion",,,
Y257,"Contacto traumatico con material explosivo, de intencion no determinada, granja",,,
Y258,"Contacto traumatico con material explosivo, de intencion no determinada, otro lugar especificado",,,
Y259,"Contacto traumatico con material explosivo, de intencion no determinada, lugar no especificado",,,
Y260,"Exposicion al humo, fuego y llamas, de intencion no determinada, vivienda",,,
Y261,"Exposicion al humo, fuego y llamas, de intencion no determinada, institucion residencial",,,
Y262,"Exposicion al humo, fuego y llamas, de intencion no determinada, escuelas, otras instituciones y areas administrativas publicas",,,
Y263,"Exposicion al humo, fuego y llamas, de intencion no determinada, areas de deporte y atletismo",,,
Y264,"Exposicion al humo, fuego y llamas, de intencion no determinada, calles y carreteras",,,
Y265,"Exposicion al humo, fuego y llamas, de intencion no determinada, comercio y area de servicios",,,
Y266,"Exposicion al humo, fuego y llamas, de intencion no determinada, area industrial y de la construccion",,,
Y267,"Exposicion al humo, fuego y llamas, de intencion no determinada, granja",,,
Y268,"Exposicion al humo, fuego y llamas, de intencion no determinada, otro lugar especificado",,,
Y269,"Exposicion al humo, fuego y llamas, de intencion no determinada, lugar no especificado",,,
Y270,"Contacto con vapor de agua, vapores y objetos calientes, de intencion no determinada, vivienda",,,
Y271,"Contacto con vapor de agua, vapores y objetos calientes, de intencion no determinada, institucion residencial",,,
Y272,"Contacto con vapor de agua, vapores y objetos calientes, de intencion no determinada, escuelas, otras instituciones y areas administrativas publicas",,,
Y273,"Contacto con vapor de agua, vapores y objetos calientes, de intencion no determinada, areas de deporte y atletismo",,,
Y274,"Contacto con vapor de agua, vapores y objetos calientes, de intencion no determinada, calles y carreteras",,,
Y275,"Contacto con vapor de agua, vapores y objetos calientes, de intencion no determinada, comercio y area de servicios",,,
Y276,"Contacto con vapor de agua, vapores y objetos calientes, de intencion no determinada, area industrial y de la construccion",,,
Y277,"Contacto con vapor de agua, vapores y objetos calientes, de intencion no determinada, granja",,,
Y278,"Contacto con vapor de agua, vapores y objetos calientes, de intencion no determinada, otro lugar especificado",,,
Y279,"Contacto con vapor de agua, vapores y objetos calientes, de intencion no determinada, lugar no especificado",,,
Y280,"Contacto traumatico con objeto cortante, de intencion no determinada, vivienda",,,
Y281,"Contacto traumatico con objeto cortante, de intencion no determinada, institucion residencial",,,
Y282,"Contacto traumatico con objeto cortante, de intencion no determinada, escuelas, otras instituciones y areas administrativas publicas",,,
Y283,"Contacto traumatico con objeto cortante, de intencion no determinada, areas de deporte y atletismo",,,
Y284,"Contacto traumatico con objeto cortante, de intencion no determinada, calles y carreteras",,,
Y285,"Contacto traumatico con objeto cortante, de intencion no determinada, comercio y area de servicios",,,
Y286,"Contacto traumatico con objeto cortante, de intencion no determinada, area industrial y de la construccion",,,
Y287,"Contacto traumatico con objeto cortante, de intencion no determinada, granja",,,
Y288,"Contacto traumatico con objeto cortante, de intencion no determinada, otro lugar especificado",,,
Y289,"Contacto traumatico con objeto cortante, de intencion no determinada, lugar no especificado",,,
Y290,"Contacto traumatico con objeto romo o sin filo, de intencion no determinada, vivienda",,,
Y291,"Contacto traumatico con objeto romo o sin filo, de intencion no determinada, institucion residencial",,,
Y292,"Contacto traumatico con objeto romo o sin filo, de intencion no determinada, escuelas, otras instituciones y areas administrativas publicas",,,
Y293,"Contacto traumatico con objeto romo o sin filo, de intencion no determinada, areas de deporte y atletismo",,,
Y294,"Contacto traumatico con objeto romo o sin filo, de intencion no determinada, calles y carreteras",,,
Y295,"Contacto traumatico con objeto romo o sin filo, de intencion no determinada, comercio y area de servicios",,,
Y296,"Contacto traumatico con objeto romo o sin filo, de intencion no determinada, area industrial y de la construccion",,,
Y297,"Contacto traumatico con objeto romo o sin filo, de intencion no determinada, granja",,,
Y298,"Contacto traumatico con objeto romo o sin filo, de intencion no determinada, otro lugar especificado",,,
Y299,"Contacto traumatico con objeto romo o sin filo, de intencion no determinada, lugar no especificado",,,
Y300,"Caida, salto o empujon desde lugar elevado, de intencion no determinada, vivienda",,,
Y301,"Caida, salto o empujon desde lugar elevado, de intencion no determinada, institucion residencial",,,
Y302,"Caida, salto o empujon desde lugar elevado, de intencion no determinada, escuelas, otras instituciones y areas administrativas publicas",,,
Y303,"Caida, salto o empujon desde lugar elevado, de intencion no determinada, areas de deporte y atletismo",,,
Y304,"Caida, salto o empujon desde lugar elevado, de intencion no determinada, calles y carreteras",,,
Y305,"Caida, salto o empujon desde lugar elevado, de intencion no determinada, comercio y area de servicios",,,
Y306,"Caida, salto o empujon desde lugar elevado, de intencion no determinada, area industrial y de la construccion",,,
Y307,"Caida, salto o empujon desde lugar elevado, de intencion no determinada, granja",,,
Y308,"Caida, salto o empujon desde lugar elevado, de intencion no determinada, otro lugar especificado",,,
Y309,"Caida, salto o empujon desde lugar elevado, de intencion no determinada, lugar no especificado",,,
Y310,"Caida, permanencia o carrera delante o hacia objeto en movimiento, de intencion no determinada, vivienda",,,
Y311,"Caida, permanencia o carrera delante o hacia objeto en movimiento, de intencion no determinada, institucion residencial",,,
Y312,"Caida, permanencia o carrera delante o hacia objeto en movimiento, de intencion no determinada, escuelas, otras instituciones y areas administrativas publicas",,,
Y313,"Caida, permanencia o carrera delante o hacia objeto en movimiento, de intencion no determinada, areas de deporte y atletismo",,,
Y314,"Caida, permanencia o carrera delante o hacia objeto en movimiento, de intencion no determinada, calles y carreteras",,,
Y315,"Caida, permanencia o carrera delante o hacia objeto en movimiento, de intencion no determinada, comercio y area de servicios",,,
Y316,"Caida, permanencia o carrera delante o hacia objeto en movimiento, de intencion no determinada, area industrial y de la construccion",,,
Y317,"Caida, permanencia o carrera delante o hacia objeto en movimiento, de intencion no determinada, granja",,,
Y318,"Caida, permanencia o carrera delante o hacia objeto en movimiento, de intencion no determinada, otro lugar especificado",,,
Y319,"Caida, permanencia o carrera delante o hacia objeto en movimiento, de intencion no determinada, lugar no especificado",,,
Y320,"Colision de vehiculo de motor, de intencion no determinada, vivienda",,,
Y321,"Colision de vehiculo de motor, de intencion no determinada, institucion residencial",,,
Y322,"Colision de vehiculo de motor, de intencion no determinada, escuelas, otras instituciones y areas administrativas publicas",,,
Y323,"Colision de vehiculo de motor, de intencion no determinada, areas de deporte y atletismo",,,
Y324,"Colision de vehiculo de motor, de intencion no determinada, calles y carreteras",,,
Y325,"Colision de vehiculo de motor, de intencion no determinada, comercio y area de servicios",,,
Y326,"Colision de vehiculo de motor, de intencion no determinada, area industrial y de la construccion",,,
Y327,"Colision de vehiculo de motor, de intencion no determinada, granja",,,
Y328,"Colision de vehiculo de motor, de intencion no determinada, otro lugar especificado",,,
Y329,"Colision de vehiculo de motor, de intencion no determinada, lugar no especificado",,,
Y330,"Otros eventos especificados, de intencion no determinada, vivienda",,,
Y331,"Otros eventos especificados, de intencion no determinada, institucion residencial",,,
Y332,"Otros eventos especificados, de intencion no determinada, escuelas, otras instituciones y areas administrativas publicas",,,
Y333,"Otros eventos especificados, de intencion no determinada, areas de deporte y atletismo",,,
Y334,"Otros eventos especificados, de intencion no determinada, calles y carreteras",,,
Y335,"Otros eventos especificados, de intencion no determinada, comercio y area de servicios",,,
Y336,"Otros eventos especificados, de intencion no determinada, area industrial y de la construccion",,,
Y337,"Otros eventos especificados, de intencion no determinada, granja",,,
Y338,"Otros eventos especificados, de intencion no determinada, otro lugar especificado",,,
Y339,"Otros eventos especificados, de intencion no determinada, lugar no especificado",,,
Y340,"Evento no especificado, de intencion no determinada, vivienda",,,
Y341,"Evento no especificado, de intencion no determinada, institucion residencial",,,
Y342,"Evento no especificado, de intencion no determinada, escuelas, otras instituciones y areas administrativas publicas",,,
Y343,"Evento no especificado, de intencion no determinada, areas de deporte y atletismo",,,
Y344,"Evento no especificado, de intencion no determinada, calles y carreteras",,,
Y345,"Evento no especificado, de intencion no determinada, comercio y area de servicios",,,
Y346,"Evento no especificado, de intencion no determinada, area industrial y de la construccion",,,
Y347,"Evento no especificado, de intencion no determinada, granja",,,
Y348,"Evento no especificado, de intencion no determinada, otro lugar especificado",,,
Y349,"Evento no especificado, de intencion no determinada, lugar no especificado",,,
Y350,Intervencion legal con disparo de arma de fuego,,,
Y351,Intervencion legal con explosivos,,,
Y352,Intervencion legal con gas,,,
Y353,Intervencion legal con objetos romos o sin filo,,,
Y354,Intervencion legal con objetos cortantes,,,
Y355,Ejecucion legal,,,
Y356,Intervencion legal con otros medios especificados,,,
Y357,"Intervencion legal, medios no especificados",,,
Y360,Operaciones de guerra con explosion de armamento naval,,,
Y361,Operaciones de guerra con destruccion de aeronave,,,
Y362,Operaciones de guerra con otras explosiones y esquirlas,,,
Y363,Operaciones de guerra con fuego y sustancias incendiarias y calientes,,,
Y364,Operaciones de guerra con disparo de arma de fuego y otras formas de guerra convencional,,,
Y365,Operaciones de guerra con armas nucleares,,,
Y366,Operaciones de guerra con armas biologicas,,,
Y367,Operaciones de guerra con armas quimicas y otras formas de guerra no convencional,,,
Y368,Operaciones de guerra que ocurren despues del cese de hostilidades,,,
Y369,Operacion de guerra no especificada,,,
Y400,Efectos adversos de penicilinas,,,
Y401,Efectos adversos de cefalosporinas y otros antibioticos beta-lactamicos,,,
Y402,Efectos adversos del grupo de cloramfenicol,,,
Y403,Efectos adversos de los macrolidos,,,
Y404,Efectos adversos de tetraciclinas,,,
Y405,Efectos adversos de aminoglucosidos,,,
Y406,Efectos adversos de rifamicinas,,,
Y407,Efectos adversos de antibioticos antimicoticos usados sistemicamente,,,
Y408,Efectos adversos de otros antibioticos sistemicos,,,
Y409,Efectos adversos de antibiotico sistemico no especificado,,,
Y410,Efectos adversos de sulfonamidas,,,
Y411,Efectos adversos de drogas antimicobacterianas,,,
Y412,Efectos adversos de  drogas antipaludicas y agentes que actuan sobre otros protozoarios de la sangre,,,
Y413,Efectos adversos de otras drogas antiprotozoarias,,,
Y414,Efectos adversos de antihelminticos,,,
Y415,Efectos adversos de drogas antivirales,,,
Y418,Efectos adversos de  otros antiinfecciosos y antiparastarios sistemicos  especificados,,,
Y419,Efectos adversos de  antiinfecciosos y antiparasitarios sistemicos no especificados,,,
Y420,Efectos adversos de  glucocorticoides y analogos sinteticos,,,
Y421,Efectos adversos de hormonas tiroideas y sustitutos,,,
Y422,Efectos adversos de drogas antitiroideas,,,
Y423,Efectos adversos de  drogas hipoglucemiantes orales e insulina [antidiabeticas],,,
Y424,Efectos adversos de anticonceptivos orales,,,
Y425,Efectos adversos de otros estrogenos y progestagenos,,,
Y426,"Efectos adversos de  antigonadotropinas, antiestrogenos y antiandrogenos, no clasificados en otra parte",,,
Y427,Efectos adversos de  androgenos y congeneres anabolicos,,,
Y428,Efectos adversos de  otras hormonas y sus sustitutos sinteticos  y las no especificadas,,,
Y429,Efectos adversos de  otras hormonas antagonistas y las no especificadas,,,
Y430,Efectos adversos de antialergicos y antiemeticos,,,
Y431,Efectos adversos de antimetabolitos antineoplasicos,,,
Y432,Efectos adversos de productos naturales antineoplasicos,,,
Y433,Efectos adversos de otras drogas antineoplasicas,,,
Y434,Efectos adversos de agentes inmunosupresores,,,
Y435,Efectos adversos de agentes acidificantes y alcalinizantes,,,
Y436,Efectos adversos de enzimas no clasificadas en otra parte,,,
Y438,Efectos adversos de otros agentes sistemicos primarios no clasificados en otra parte,,,
Y439,Efectos adversos de agente sistemico primario no especificado,,,
Y440,Efectos  adversos de preparaciones con hierro y otros preparados contra la anemia hipocromica,,,
Y441,"Efectos adversos de vitamina  B12,  acido folico y otros preparados contra la anemia megaloblastica",,,
Y442,Efectos adversos de anticoagulantes,,,
Y443,"Efectos adversos de antagonistas de anticoagulantes, vitamina K y otros coagulantes",,,
Y444,Efectos adversos de drogas antitromboticas [inhibidoras de la agregacion plaquetaria],,,
Y445,Efectos adversos de drogas tromboliticas,,,
Y446,Efectos adversos de sangre natural y productos sanguineos,,,
Y447,Efectos adversos de los sustitutos del plasma,,,
Y449,"Efectos adversos de otros agentes que afectan los constituyentes de la sangre, y los no especificados",,,
Y450,Efectos adversos de opiaceos y analgesicos  relacionados,,,
Y451,Efectos adversos de salicilatos,,,
Y452,Efectos adversos de derivados del acido propionico,,,
Y453,Efectos adversos de  otras drogas antiinflamatorias  no esteroides [DAINE],,,
Y454,Efectos adversos de los antirreumaticos,,,
Y455,Efectos adversos de los derivados del 4-aminofenol,,,
Y458,Efectos adversos de otros analgesicos y antipireticos,,,
Y459,"Efectos adversos de  drogas analgesicas, antipireticas y antiinflamatorias no especificadas",,,
Y460,Efectos adversos de succinamidas,,,
Y461,Efectos adversos de oxazolidinadionas,,,
Y462,Efectos adversos de derivados de la hidantoina,,,
Y463,Efectos adversos de desoxibarbituricos,,,
Y464,Efectos adversos de iminoestilbenos,,,
Y465,Efectos adversos del acido valproico,,,
Y466,"Efectos adversos de otros antiepilepticos, y los no especificados",,,
Y467,Efectos adversos de drogas antiparkinsonianas,,,
Y468,Efectos adversos de drogas antiespasticas,,,
Y470,"Efectos adversos de barbituricos, no clasificados en otra parte",,,
Y471,Efectos adversos de benzodiazepinas,,,
Y472,Efectos adversos de derivados clorales,,,
Y473,Efectos adversos de paraldehido,,,
Y474,Efectos adversos de compuestos del bromo,,,
Y475,"Efectos adversos de mezclas sedantes e hipnoticas, no clasificados en otra parte",,,
Y478,"Efectos adversos de otras drogas sedantes, hipnoticas y ansioliticas",,,
Y479,"Efectos adversos de  drogas sedantes, hipnoticas y ansioliticas no especificadas",,,
Y480,Efectos adversos de gases anestesicos por inhalacion,,,
Y481,Efectos adversos de gases anestesicos parenterales,,,
Y482,"Efectos adversos de otros gases anestesicos generales, y los no especificados",,,
Y483,Efectos adversos de gases anestesicos locales,,,
Y484,Efectos adversos de anestesicos no especificados,,,
Y485,Efectos adversos de gases terapeuticos,,,
Y490,Efectos adversos de antidepresivos triciclicos y tetraciclicos,,,
Y491,Efectos adversos de antidepresivos inhibidores de la monoaminooxidasa,,,
Y492,"Efectos adversos de otros antidepresivos, y los no especificados",,,
Y493,Efectos adversos de antipsicoticos y neurolepticos fenotiazinicos,,,
Y494,Efectos adversos de neurolepticos de la butirofenona y tioxantina,,,
Y495,Efectos adversos de otros antipsicoticos y neurolepticos,,,
Y496,Efectos adversos de psicodislepticos [alucinogenos],,,
Y497,Efectos adversos de psicoestimulantes con abuso potencial,,,
Y498,"Efectos adversos de otras drogas psicotropicas,  no clasificadas en otra parte",,,
Y499,Efectos adversos de drogas psicotropicas no especificadas,,,
Y500,Efectos adversos de analepticos,,,
Y501,Efectos adversos de antagonistas de opiaceos,,,
Y502,"Efectos adversos de metilxantinas, no clasificados en otra parte",,,
Y508,Efectos adversos de otros estimulantes del sistema nervioso central,,,
Y509,Efectos adversos de  estimulante no especificado del sistema nervioso central,,,
Y510,Efectos adversos de agentes anticolinesterasa,,,
Y511,Efectos adversos de  otros parasimpaticomimeticos [colinergicos],,,
Y512,"Efectos adversos de  drogas bloqueadoras ganglionares, no clasificadas en otra parte",,,
Y513,"Efectos adversos de  parasimpaticoliticos [anticolinergicos y antimuscarinicos] y espasmoliticos, no clasificados en otra parte",,,
Y514,"Efectos adversos de  agonistas [estimulantes] predominantemente alfa-adrenergicos, no clasificados en otra parte",,,
Y515,"Efectos adversos de  agonistas [estimulantes] predominantemente beta-adrenergicos, no clasificados en otra parte",,,
Y516,"Efectos adversos de  antagonistas [bloqueadores] alfa-adrenergicos, no clasificados en otra parte",,,
Y517,"Efectos adversos de  antagonistas  [bloqueadores] beta-adrenergicos, no clasificados en otra parte",,,
Y518,"Efectos adversos de  agentes bloqueadores neuro-adrenergicos que actuan centralmente, no clasificados en otra parte",,,
Y519,"Efectos adversos  otras drogas que afectan primariamente el sistema nervioso autonomo, y las no especificadas",,,
Y520,Efectos adversos de glucosidos cardiotonicos y drogas de accion similar,,,
Y521,Efectos  adversos de bloqueadores del canal del calcio,,,
Y522,"Efectos adversos de otras drogas antiarritmicas, no clasificadas en otra parte",,,
Y523,"Efectos adversos  de vasodilatadores coronarios, no clasificados en otra parte",,,
Y524,Efectos adversos  de inhibidores de enzima convertidora angiotensina,,,
Y525,"Efectos adversos  de otras drogas antihipertencivas, no clasificadas en otra parte",,,
Y526,Efectos adversos  de drogas antihiperlipidemicas y antiarterioscleroticas,,,
Y527,Efectos adversos  de vasodilatadores perifericos,,,
Y528,"Efectos adversos  de drogas antivaricosas, inclusive agentes esclerosantes",,,
Y529,"Efectos adversos  otros agentes que afectan primariamente el sistema cardiovascular, y los no especificados",,,
Y530,Efectos adversos  de bloqueadores de los receptores H2 de histamina,,,
Y531,Efectos adversos  otras drogas antiacidas e inhibidoras de la secrecion gastrica,,,
Y532,Efectos adversos  de laxantes estimulantes,,,
Y533,Efectos adversos  de laxantes salinos y osmoticos,,,
Y534,Efectos adversos  de otros laxantes,,,
Y535,Efectos adversos de digestivos,,,
Y536,Efectos adversos de drogas antidiarreicas,,,
Y537,Efectos adversos de emeticos,,,
Y538,Efectos adversos de otros agentes que afectan primariamente al sistema gastrointestinal,,,
Y539,"Efectos adversos de otros agentes que afectan el sistema gastrointestinal, no especificados",,,
Y540,Efectos adversos de mineralocorticoides,,,
Y541,Efectos adversos de los bloqueadores de mineralocorticoides [antagonistas de la aldosterona],,,
Y542,Efectos adversos de los inhibidores de la anhidrasa carbonica,,,
Y543,Efectos adversos de los derivados de la benzotiadiazina,,,
Y544,"Efectos adversos de diureticos de asa [""high-ceiling""]",,,
Y545,Efectos adversos de otros diureticos,,,
Y546,"Efectos adversos de agentes electroliticos, caloricos y del equilibrio hidrico",,,
Y547,Efectos adversos de agentes que afectan la calcificacion,,,
Y548,Efectos adversos de agentes que afectan el metabolismo del acido urico,,,
Y549,"Efectos adversos de sales minerales, no clasificadas en otra parte",,,
Y550,Efectos adversos de drogas oxitocicas,,,
Y551,Efectos adversos de relajantes de los musculos estriados [agentes bloqueadores neuromusculares],,,
Y552,"Efectos adversos de otros agentes que actuan primariamente sobre los musculos, y los no especificados",,,
Y553,Efectos adversos de antitusigenos,,,
Y554,Efectos adversos de expectorantes,,,
Y555,Efectos adversos de drogas contra el resfriado comun,,,
Y556,"Efectos adversos de antiasmaticos, no clasificados en otra parte",,,
Y557,"Efectos adversos de otros agentes que actuan primariamente sobre el sistema respiratorio, y los no especificados",,,
Y560,"Efectos adversos de drogas antimicoticas, antiinfecciosas, y antiinflamatorias de uso local, no clasificadas en otra parte",,,
Y561,Efectos adversos de antipruriginosos,,,
Y562,Efectos adversos de astringentes y detergentes locales,,,
Y563,"Efectos adversos de emolientes, demulcentes y protectores",,,
Y564,"Efectos adversos de drogas y preparados queratoliticos, queratoplasticos y otros para el tratamiento del cabello",,,
Y565,Efectos adversos de drogas y preparados oftalmologicos,,,
Y566,Efectos adversos de drogas y preparados otorrinolaringologicos,,,
Y567,"Efectos adversos de drogas dentales, de aplicacion topica",,,
Y568,Efectos adversos de otros agentes topicos,,,
Y569,Efectos adversos de otros agentes topicos no especificados,,,
Y570,Efectos adversos de depresores del apetito [anorexicos],,,
Y571,Efectos adversos de drogas lipotropicas,,,
Y572,"Efectos adversos de antidotos y agentes quelantes, no clasificados en otra parte",,,
Y573,Efectos adversos de disuasivos del alcohol,,,
Y574,Efectos adversos de excipientes farmaceuticos,,,
Y575,Efectos adversos de medios de contraste para rayos X,,,
Y576,Efectos adversos de otros agentes diagnosticos,,,
Y577,"Efectos adversos de vitaminas, no clasificadas en otra parte",,,
Y578,Efectos adversos de otras drogas y medicamentos,,,
Y579,Efectos adversos de drogas o medicamentos no especificados,,,
Y580,Efectos adversos de la vacuna BCG,,,
Y581,Efectos adversos de la vacuna tifoidea y paratifoidea,,,
Y582,Efectos adversos de la vacuna contra el colera,,,
Y583,Efectos adversos de la vacuna contra la peste,,,
Y584,Efectos adversos de la vacuna contra el tetanos,,,
Y585,Efectos adversos de la vacuna contra la difteria,,,
Y586,"Efectos adversos de la vacuna contra tos ferina, inclusive combinaciones  con componente pertusis",,,
Y588,"Efectos adversos de vacunas bacterianas mixtas, excepto combinaciones con un componente pertusis",,,
Y589,"Efectos adversos de otras vacunas bacterianas, y las no especificadas",,,
Y590,Efectos adversos de vacunas virales,,,
Y591,Efectos adversos de vacunas contra rickettssias,,,
Y592,Efectos adversos de vacunas antiprotozoarias,,,
Y593,Efectos adversos de la inmunoglobulina,,,
Y598,Efectos adversos de otras vacunas y sustancias biologicas especificadas,,,
Y599,Efectos adversos de vacunas o sustancias biologicas no especificadas,,,
Y600,Incidente durante operacion quirurgica,,,
Y601,Incidente durante infusion o transfusion,,,
Y602,Incidente durante dialisis renal u otra perfucion,,,
Y603,Incidente durante inyeccion o inmunizacion,,,
Y604,Incidente durante examen endoscopico,,,
Y605,Incidente durante cateterizacion cardiaca,,,
Y606,"Incidente durante aspiracion, puncion y otra cateterizacion",,,
Y607,Incidente durante administracion de enema,,,
Y608,Incidente durante otras atenciones medicas y quirurgicas,,,
Y609,Incidente durante atencion medica y quirurgica no especificada,,,
Y610,Objeto extrano dejado accidentalmente en el cuerpo durante operacion quirurgica,,,
Y611,Objeto extrano dejado accidentalmente en el cuerpo durante infusion o transfusion,,,
Y612,Objeto extrano dejado accidentalmente en el cuerpo durante dialisis renal u otra perfusion,,,
Y613,Objeto extrano dejado accidentalmente en el cuerpo durante inyeccion o inmunizacion,,,
Y614,Objeto extrano dejado accidentalmente en el cuerpo durante examen endoscopico,,,
Y615,Objeto extrano dejado accidentalmente en el cuerpo durante cateterizacion cardiaca,,,
Y616,"Objeto extrano dejado accidentalmente en el cuerpo durante aspiracion, puncion y otra cateterizacion",,,
Y617,Objeto extrano dejado accidentalmente en el cuerpo durante remocion de cateter o taponamiento,,,
Y618,Objeto extrano dejado accidentalmente en el cuerpo durante otras atenciones medicas y quirurgicas,,,
Y619,Objeto extrano dejado accidentalmente en el cuerpo durante atencion medica y quirurgica no especificada,,,
Y620,Fallas en la esterilizacion durante operacion quirurgica,,,
Y621,Fallas en la esterilizacion durante infusion o transfusion,,,
Y622,Fallas en la esterilizacion durante dialisis renal u otra perfusion,,,
Y623,Fallas en la esterilizacion durante inyeccion o inmunizacion,,,
Y624,Fallas en la esterilizacion durante examen endoscopico,,,
Y625,Fallas en la esterilizacion durante cateterizacion cardiaca,,,
Y626,"Fallas en la esterilizacion durante aspiracion, puncion y otra cateterizacion",,,
Y628,Fallas en la esterilizacion durante otras atenciones medicas y quirurgicas,,,
Y629,Fallas en la esterilizacion durante atencion medica y quirurgica no especificada,,,
Y630,Excesiva cantidad de sangre u otro liquido administrado durante una infusion o transfusion,,,
Y631,Dilucion incorrecta de liquido durante una infusion,,,
Y632,Sobredosis de radiacion administrada durante terapia,,,
Y633,Exposicion inadvertida del paciente a radiacion durante atencion medica,,,
Y634,Falla en la dosificacion en electrochoque o en choque insulinico,,,
Y635,"Falla en el control de temperatura, en taponamientos y aplicaciones locales",,,
Y636,"No administracion de drogas, medicamentos o sustancias biologicas necesarias",,,
Y638,Falla en la dosificacion durante otras atenciones medicas y quirurgicas,,,
Y639,Falla en la dosificacion durante atencion medica y quirurgica no especificada,,,
Y640,Medicamento o sustancia biologica contaminado en infusion o transfusion,,,
Y641,"Medicamento o sustancia biologica contaminado, inyectado o usado para inmunizacion",,,
Y648,"Medicamento o sustancia biologica contaminado, administrado por otros medios",,,
Y649,"Medicamento o sustancia biologica contaminado, administrado por medios no especificados",,,
Y650,Sangre incompatible usada en transfusion,,,
Y651,Liquido erroneo usado en infusion,,,
Y652,Falla en la sutura o ligadura durante operacion quirurgica,,,
Y653,Tubo endotraqueal colocado erroneamente durante procedimiento anestesico,,,
Y654,Falla en la introduccion o remocion de otro tubo o instrumento,,,
Y655,Realizacion de una operacion inadecuada,,,
Y658,Otros incidentes especificados durante la atencion medica y quirurgica,,,
Y66X,No administracion de la atencion medica y quirurgica,,,
Y69X,Incidentes no especificados durante la atencion medica y quirurgica,,,
Y700,"Dispositivos de anestesiologia asociados con incidentes adversos, dispositivos de diagnostico y monitoreo",,,
Y701,"Dispositivos de anestesiologia asociados con incidentes adversos, dispositivos terapeuticos (no quirurgicos) y de rehabilitacion",,,
Y702,"Dispositivos de anestesiologia asociados con incidentes adversos, dispositivos protesicos y otros implantes, materiales y accesorios",,,
Y703,"Dispositivos de anestesiologia asociados con incidentes adversos, instrumentos quirurgicos, dispositivos y materiales (inclusive suturas)",,,
Y708,"Dispositivos de anestesiologia asociados con incidentes adversos, dispositivos diversos, no clasificados en otra parte",,,
Y710,"Dispositivos cardiovasculares asociados con incidentes adversos, dispositivos de diagnostico y monitoreo",,,
Y711,"Dispositivos cardiovasculares asociados con incidentes adversos, dispositivos terapeuticos (no quirurgicos) y de rehabilitacion",,,
Y712,"Dispositivos cardiovasculares asociados con incidentes adversos, dispositivos protesicos y otros implantes, materiales y accesorios",,,
Y713,"Dispositivos cardiovasculares asociados con incidentes adversos, instrumentos quirurgicos, dispositivos y materiales (inclusive suturas)",,,
Y718,"Dispositivos cardiovasculares asociados con incidentes adversos, dispositivos diversos, no clasificados en otra parte",,,
Y720,"Dispositivos otorrinolaringologicos asociados con incidentes adversos, dispositivos de diagnostico y monitoreo",,,
Y721,"Dispositivos otorrinolaringologicos asociados con incidentes adversos, dispositivos terapeuticos (no quirurgicos) y de rehabilitacion",,,
Y722,"Dispositivos otorrinolaringologicos asociados con incidentes adversos, dispositivos protesicos y otros implantes, materiales y accesorios",,,
Y723,"Dispositivos otorrinolaringologicos asociados con incidentes adversos, instrumentos quirurgicos, dispositivos y materiales (inclusive suturas)",,,
Y728,"Dispositivos otorrinolaringologicos asociados con incidentes adversos, dispositivos diversos, no clasificados en otra parte",,,
Y730,"Dispositivos de gastroenterologia y urologia asociados con incidentes adversos, dispositivos de diagnostico y monitoreo",,,
Y731,"Dispositivos de gastroenterologia y urologia asociados con incidentes adversos, dispositivos terapeuticos (no quirurgicos) y de rehabilitacion",,,
Y732,"Dispositivos de gastroenterologia y urologia asociados con incidentes adversos, dispositivos protesicos y otros implantes, materiales y accesorios",,,
Y733,"Dispositivos de gastroenterologia y urologia asociados con incidentes adversos, instrumentos quirurgicos, dispositivos y materiales (inclusive suturas)",,,
Y738,"Dispositivos de gastroenterologia y urologia asociados con incidentes adversos, dispositivos diversos, no clasificados en otra parte",,,
Y740,"Dispositivos para uso hospitalario general y personal asociados con incidentes adversos, dispositivos de diagnostico y monitoreo",,,
Y741,"Dispositivos para uso hospitalario general y personal asociados con incidentes adversos, dispositivos terapeuticos (no quirurgicos) y de rehabilitacion",,,
Y742,"Dispositivos para uso hospitalario general y personal asociados con incidentes adversos, dispositivos protesicos y otros implantes, materiales y accesorios",,,
Y743,"Dispositivos para uso hospitalario general y personal asociados con incidentes adversos, instrumentos quirurgicos, dispositivos y materiales (inclusive suturas)",,,
Y748,"Dispositivos para uso hospitalario general y personal asociados con incidentes adversos, dispositivos diversos, no clasificados en otra parte",,,
Y750,"Dispositivos neurologicos asociados con incidentes adversos, dispositivos de diagnostico y monitoreo",,,
Y751,"Dispositivos neurologicos asociados con incidentes adversos, dispositivos terapeuticos (no quirurgicos) y de rehabilitacion",,,
Y752,"Dispositivos neurologicos asociados con incidentes adversos, dispositivos protesicos y otros implantes, materiales y accesorios",,,
Y753,"Dispositivos neurologicos asociados con incidentes adversos, instrumentos quirurgicos, dispositivos y materiales (inclusive suturas)",,,
Y758,"Dispositivos neurologicos asociados con incidentes adversos, dispositivos diversos, no clasificados en otra parte",,,
Y760,"Dispositivos ginecologicos y obstetricos asociados con incidentes adversos, dispositivos de diagnostico y monitoreo",2,010A,120A
Y761,"Dispositivos ginecologicos y obstetricos asociados con incidentes adversos, dispositivos terapeuticos (no quirurgicos) y de rehabilitacion",2,010A,120A
Y762,"Dispositivos ginecologicos y obstetricos asociados con incidentes adversos, dispositivos protesicos y otros implantes, materiales y accesorios",2,010A,120A
Y763,"Dispositivos ginecologicos y obstetricos asociados con incidentes adversos, instrumentos quirurgicos, dispositivos y materiales (inclusive suturas)",2,010A,120A
Y768,"Dispositivos ginecologicos y obstetricos asociados con incidentes adversos, dispositivos diversos, no clasificados en otra parte",2,010A,120A
Y770,"Dispositivos oftalmicos asociados con incidentes adversos, dispositivos de diagnostico y monitoreo",,,
Y771,"Dispositivos oftalmicos asociados con incidentes adversos, dispositivos terapeuticos (no quirurgicos) y de rehabilitacion",,,
Y772,"Dispositivos oftalmicos asociados con incidentes adversos, dispositivos protesicos y otros implantes, materiales y accesorios",,,
Y773,"Dispositivos oftalmicos asociados con incidentes adversos, instrumentos quirurgicos, dispositivos y materiales (inclusive suturas)",,,
Y778,"Dispositivos oftalmicos asociados con incidentes adversos, dispositivos diversos, no clasificados en otra parte",,,
Y780,"Aparatos radiologicos asociados con incidentes adversos, dispositivos de diagnostico y monitoreo",,,
Y781,"Aparatos radiologicos asociados con incidentes adversos, dispositivos terapeuticos (no quirurgicos) y de rehabilitacion",,,
Y782,"Aparatos radiologicos asociados con incidentes adversos, dispositivos protesicos y otros implantes, materiales y accesorios",,,
Y783,"Aparatos radiologicos asociados con incidentes adversos, instrumentos quirurgicos, dispositivos y materiales (inclusive suturas)",,,
Y788,"Aparatos radiologicos asociados con incidentes adversos, dispositivos diversos, no clasificados en otra parte",,,
Y790,"Dispositivos ortopedicos asociados con incidentes adversos, dispositivos de diagnostico y monitoreo",,,
Y791,"Dispositivos ortopedicos asociados con incidentes adversos, dispositivos terapeuticos (no quirurgicos) y de rehabilitacion",,,
Y792,"Dispositivos ortopedicos asociados con incidentes adversos, dispositivos protesicos y otros implantes, materiales y accesorios",,,
Y793,"Dispositivos ortopedicos asociados con incidentes adversos, instrumentos quirurgicos, dispositivos y materiales (inclusive suturas)",,,
Y798,"Dispositivos ortopedicos asociados con incidentes adversos, dispositivos diversos, no clasificados en otra parte",,,
Y800,"Aparatos de medicina fisica asociados con incidentes adversos, dispositivos de diagnostico y monitoreo",,,
Y801,"Aparatos de medicina fisica asociados con incidentes adversos, dispositivos terapeuticos (no quirurgicos) y de rehabilitacion",,,
Y802,"Aparatos de medicina fisica asociados con incidentes adversos, dispositivos protesicos y otros implantes, materiales y accesorios",,,
Y803,"Aparatos de medicina fisica asociados con incidentes adversos, instrumentos quirurgicos, dispositivos y materiales (inclusive suturas)",,,
Y808,"Aparatos de medicina fisica asociados con incidentes adversos, dispositivos diversos, no clasificados en otra parte",,,
Y810,"Dispositivos de cirugia general y plastica asociados con incidentes adversos, dispositivos de diagnostico y monitoreo",,,
Y811,"Dispositivos de cirugia general y plastica asociados con incidentes adversos, dispositivos terapeuticos (no quirurgicos) y de rehabilitacion",,,
Y812,"Dispositivos de cirugia general y plastica asociados con incidentes adversos, dispositivos protesicos y otros implantes, materiales y accesorios",,,
Y813,"Dispositivos de cirugia general y plastica asociados con incidentes adversos, instrumentos quirurgicos, dispositivos y materiales (inclusive suturas)",,,
Y818,"Dispositivos de cirugia general y plastica asociados con incidentes adversos, dispositivos diversos, no clasificados en otra parte",,,
Y820,"Otros dispositivos medicos, y los no especificados, asociados con incidentes adversos, dispositivos de diagnostico y monitoreo",,,
Y821,"Otros dispositivos medicos, y los no especificados, asociados con incidentes adversos, dispositivos terapeuticos (no quirurgicos) y de rehabilitacion",,,
Y822,"Otros dispositivos medicos, y los no especificados, asociados con incidentes adversos, dispositivos protesicos y otros implantes, materiales y accesorios",,,
Y823,"Otros dispositivos medicos, y los no especificados, asociados con incidentes adversos, instrumentos quirurgicos, dispositivos y materiales (inclusive suturas)",,,
Y828,"Otros dispositivos medicos, y los no especificados, asociados con incidentes adversos, dispositivos diversos, no clasificados en otra parte",,,
Y830,Operacion quirurgica con trasplante de un organo completo,,,
Y831,Operacion quirurgica con implante de un dispositivo artificial interno,,,
Y832,"Operacion quirurgica con anastomosis, derivacion o injerto",,,
Y833,Operacion quirurgica con formacion de estoma externo,,,
Y834,Otra cirugia reconstructiva,,,
Y835,Amputacion de miembro(s),,,
Y836,Remocion de otro organo (parcial) (total),,,
Y838,Otros procedimientos quirurgicos,,,
Y839,Procedimiento quirurgico no especificado,,,
Y840,Cateterizacion cardiaca,,,
Y841,Dialisis renal,,,
Y842,Procedimiento radiologico y radioterapia,,,
Y843,Terapia por choque,,,
Y844,Aspiracion de liquidos,,,
Y845,Insercion de sonda gastrica o duodenal,,,
Y846,Cateterizacion urinaria,,,
Y847,Muestra de sangre,,,
Y848,Otros procedimientos medicos,,,
Y849,Procedimiento medico no especificado,,,
Y850,Secuelas de accidente de vehiculo de motor,,,
Y859,"Secuelas de otros accidentes de transporte, y los no especificados",,,
Y86X,Secuelas de otros accidentes,,,
Y870,Secuelas de lesiones autoinfligidas,,,
Y871,Secuelas de agresiones,,,
Y872,Secuelas de eventos de intencion no determinada,,,
Y880,"Secuelas de efectos adversos causados por drogas, medicamentos y sustancias biologicas en su uso terapeutico",,,
Y881,Secuelas de incidentes ocurridos al paciente durante procedimientos medicos y quirurgicos,,,
Y882,Secuelas de incidentes adversos asociados con dispositivos medicos en uso diagnostico y  terapeutico,,,
Y883,"Secuelas de procedimientos medicos y quirurgicos como la causa de reaccion anormal del paciente o de complicacion posterior, sin mencion de incidente en el momento de efectuar el procedimiento",,,
Y890,Secuelas de intervencion legal,,,
Y891,Secuelas de operaciones de guerra,,,
Y899,Secuelas de causa externa no especificada,,,
Y900,Nivel de alcohol en la sangre menor de 20 mg/100 ml,,,
Y901,Nivel de alcohol en la sangre de 20 a 39 mg/100 ml,,,
Y902,Nivel de alcohol en la sangre de 40 a 59 mg/100 ml,,,
Y903,Nivel de alcohol en la sangre de 60 a 79 mg/100 ml,,,
Y904,Nivel de alcohol en la sangre de 80 a 99 mg/100 ml,,,
Y905,Nivel de alcohol en la sangre de 100 a 119 mg/100 ml,,,
Y906,Nivel de alcohol en la sangre de 120 a 199 mg/100 ml,,,
Y907,Nivel de alcohol en la sangre de 200 a 239 mg/100 ml,,,
Y908,Nivel de alcohol en la sangre de 240 mg/100 ml o mas,,,
Y909,"Presencia de alcohol en la sangre, nivel no especificado",,,
Y910,Intoxicacion alcoholica leve,,,
Y911,Intoxicacion alcoholica moderada,,,
Y912,Intoxicacion alcoholica severa,,,
Y913,Intoxicacion alcoholica muy severa,,,
Y919,"Alcoholismo, nivel de intoxicacion no especificado",,,
Y95X,Afeccion nosocomial,,,
Y96X,Afeccion relacionada con el trabajo,,,
Y97X,Afeccion relacionada con la contaminacion ambiental,,,
Y98X,Afeccion relacionada con el estilo de vida,,,
Z000,Examen medico general,,,
Z001,Control de salud de rutina del nino,,000H,004A
Z002,Examen durante el periodo de crecimiento rapido en la infancia,,005A,009A
Z003,Examen del estado de desarrollo del adolescente,,010A,017A
Z004,"Examen psiquiatrico general, no clasificado en otra parte",,,
Z005,Examen de donante potencial de organo o tejido,,,
Z006,Examen para comparacion y control normales en programa de investigacion clinica,,,
Z008,Otros examenes generales,,,
Z010,Examen de ojos y de la vision,,,
Z011,Examen de oidos y de la audicion,,,
Z012,Examen odontologico,,,
Z013,Examen de la presion sanguinea,,,
Z014,Examen ginecologico (general) (de rutina),2,010A,120A
Z015,Pruebas de sensibilizacion y diagnostico cutaneo,,,
Z016,"Examen radiologico, no clasificado en otra parte",,,
Z017,Examen de laboratorio,,,
Z018,Otros examenes especiales especificados,,,
Z019,Examen especial no especificado,,,
Z020,Examen para admision a instituciones educativas,,,
Z021,Examen preempleo,,,
Z022,Examen para admision a instituciones residenciales,,,
Z023,Examen para reclutamiento en las fuerzas armadas,,,
Z024,Examen para obtencion de licencia de conducir,,,
Z025,Examen para participacion en competencias deportivas,,,
Z026,Examen para fines de seguros,,,
Z027,Extension de certificado medico,,,
Z028,Otros examenes para fines administrativos,,,
Z029,"Examen para fines administrativos, no especificado",,,
Z030,Observacion por sospecha de tuberculosis,,,
Z031,Observacion por sospecha de tumor maligno,,,
Z032,Observacion por sospecha de trastorno mental y del comportamiento,,,
Z033,Observacion por sospecha de trastorno del sistema nervioso,,,
Z034,Observacion por sospecha de infarto de miocardio,,,
Z035,Observacion por sospecha de otras enfermedades cardiovasculares,,,
Z036,Observacion por sospecha de efectos toxicos de sustancias ingeridas,,,
Z038,Observacion por sospecha de otras enfermedades y afecciones,,,
Z039,Observacion por sospecha de enfermedad o afeccion no especificada,,,
Z040,Prueba de alcohol o drogas en la sangre,,,
Z041,Examen y observacion consecutivos a accidente de transporte,,,
Z042,Examen y observacion consecutivos a accidente de trabajo,,012A,085A
Z043,Examen y observacion consecutivos a otro accidente,,,
Z044,Examen y observacion consecutivos a denuncia de violacion y seduccion,,,
Z045,Examen y observacion consecutivos a otra lesion infligida,,,
Z046,"Examen psiquiatrico general, solicitado por una autoridad",,,
Z048,Examen y observacion por otras razones especificadas,,,
Z049,Examen y observacion por razones no especificadas,,,
Z080,Examen de seguimiento consecutivo a cirugia por tumor maligno,,,
Z081,Examen de seguimiento consecutivo a radioterapia por tumor maligno,,,
Z082,Examen de seguimiento consecutivo a quimioterapia por tumor maligno,,,
Z087,Examen de seguimiento consecutivo a tratamiento combinado por tumor maligno,,,
Z088,Examen de seguimiento consecutivo a otro tratamiento por tumor maligno,,,
Z089,Examen de seguimiento consecutivo a tratamiento no especificado por tumor maligno,,,
Z090,Examen de seguimiento consecutivo a cirugia por otras afecciones,,,
Z091,Examen de seguimiento consecutivo a radioterapia por otras afecciones,,,
Z092,Examen de seguimiento consecutivo a quimioterapia por otras afecciones,,,
Z093,Examen de seguimiento consecutivo a psicoterapia,,,
Z094,Examen de seguimiento consecutivo a tratamiento de fractura,,,
Z097,Examen de seguimiento consecutivo a tratamiento combinado por otras afecciones,,,
Z098,Examen de seguimiento consecutivo a otro tratamiento por otras afecciones,,,
Z099,Examen de seguimiento consecutivo a tratamiento no especificado por otras afecciones,,,
Z100,Examen de salud ocupacional,,,
Z101,Control general de salud de rutina de residentes de instituciones,,,
Z102,Control general de salud de rutina a miembros de las fuerzas armadas,,,
Z103,Control general de salud de rutina a integrantes de equipos deportivos,,,
Z108,Otros controles generales de salud de rutina de otras subpoblaciones definidas,,,
Z110,Examen de pesquisa especial para enfermedades infecciosas intestinales,,,
Z111,Examen de pesquisa especial para tuberculosis respiratoria,,,
Z112,Examen de pesquisa especial para otras enfermedades bacterianas,,,
Z113,Examen de pesquisa especial para infecciones de transmision predominantemente sexual,,,
Z114,Examen de pesquisa especial para el virus de la inmunodeficiencia humana [VIH],,,
Z115,Examen de pesquisa especial para otras enfermedades virales,,,
Z116,Examen de pesquisa especial para otras enfermedades debidas a protozoarios y helmintos,,,
Z118,Examen de pesquisa especial para otras enfermedades infecciosas y parasitarias especificadas,,,
Z119,Examen de pesquisa especial para enfermedades infecciosas y parasitarias no especificadas,,,
Z120,Examen de pesquisa especial para tumor de estomago,,,
Z121,Examen de pesquisa especial para tumor del intestino,,,
Z122,Examen de pesquisa especial para tumores de organos respiratorios,,,
Z123,Examen de pesquisa especial para tumor de la mama,,,
Z124,Examen de pesquisa especial para tumor del cuello uterino,2,010A,120A
Z125,Examen de pesquisa especial para tumor de la prostata,1,020A,120A
Z126,Examen de pesquisa especial para tumor de la vejiga,,,
Z128,Examen de pesquisa especial para tumores de otros sitios,,,
Z129,Examen de pesquisa especial para tumor de sitio no especificado,,,
Z130,Examen de pesquisa especial para enfermedades de la sangre y organos hematopoyeticos y ciertos trastornos del mecanismo de la inmunidad,,,
Z131,Examen de pesquisa especial para diabetes mellitus,,,
Z132,Examen de pesquisa especial para trastornos de la nutricion,,,
Z133,Examen de pesquisa especial para trastornos mentales y del comportamiento,,,
Z134,Examen de pesquisa especial para ciertos trastornos del desarrollo en el nino,,000H,009A
Z135,Examen de pesquisa especial para trastornos del ojo y del oido,,,
Z136,Examen de pesquisa especial para trastornos cardiovasculares,,,
Z137,"Examen de pesquisa especial para malformaciones congenitas, deformidades y anomalias cromosomicas",,,
Z138,Examen de pesquisa especial para otras enfermedades y trastornos especificados,,,
Z139,"Examen de pesquisa especial, no especificado",,,
Z200,Contacto con y exposicion a enfermedades infecciosas intestinales,,,
Z201,Contacto con y exposicion a tuberculosis,,,
Z202,Contacto con y exposicion a enfermedades infecciosas con un modo de transmision predominantemente sexual,,,
Z203,Contacto con y exposicion a rabia,,,
Z204,Contacto con y exposicion a rubeola,,,
Z205,Contacto con y exposicion a hepatitis viral,,,
Z206,Contacto con y exposicion al virus de la inmunodeficiencia humana [VIH],,,
Z207,"Contacto con y exposicion a pediculosis, acariasis y otras infestaciones",,,
Z208,Contacto con y exposicion a otras enfermedades transmisibles,,,
Z209,Contacto con y exposicion a enfermedades transmisibles no especificadas,,,
Z21X,Estado de infeccion asintomatica por el virus de la inmunodeficiencia humana [VIH],,,
Z220,Portador del agente de la fiebre tifoidea,,,
Z221,Portador de agentes de otras enfermedades infecciosas intestinales,,,
Z222,Portador del agente de la difteria,,,
Z223,Portador de agentes de otras enfermedades bacterianas especificadas,,,
Z224,Portador de agentes de enfermedades infecciosas con un modo de transmision predominantemente sexual,,,
Z225,Portador de agentes de hepatitis viral,,,
Z226,Portador del virus humano T-linfotropico tipo 1 [VHTL-1],,,
Z228,Portador de agentes de otras enfermedades infecciosas,,,
Z229,Portador de  agente de enfermedad infecciosa no especificada,,,
Z230,Necesidad de inmunizacion solo contra el colera,,,
Z231,Necesidad de inmunizacion solo contra la tifoidea-paratifoidea [TAB],,,
Z232,Necesidad de inmunizacion contra la tuberculosis [BCG],,000H,015A
Z233,Necesidad de inmunizacion contra la peste,,,
Z234,Necesidad de inmunizacion contra la tularemia,,,
Z235,Necesidad de inmunizacion solo contra el tetanos,,,
Z236,Necesidad de inmunizacion solo contra la difteria,,000H,004A
Z237,Necesidad de inmunizacion solo contra la tos ferina,,000H,004A
Z238,Necesidad de inmunizacion solo contra otra enfermedad bacteriana,,,
Z240,Necesidad de inmunizacion contra la poliomielitis,,000H,004A
Z241,Necesidad de inmunizacion contra la encefalitis viral transmitida por artropodos,,,
Z242,Necesidad de inmunizacion contra la rabia,,,
Z243,Necesidad de inmunizacion contra la fiebre amarilla,,,
Z244,Necesidad de inmunizacion solo contra el sarampion,,006M,014A
Z245,Necesidad de inmunizacion solo contra la rubeola,,,
Z246,Necesidad de inmunizacion contra la hepatitis viral,,,
Z250,Necesidad de inmunizacion solo contra la parotiditis,,,
Z251,Necesidad de inmunizacion contra la influenza [gripe],,,
Z258,Necesidad de inmunizacion contra otras enfermedades virales unicas especificadas,,,
Z260,Necesidad de inmunizacion contra la leishmaniasis,,,
Z268,Necesidad de inmunizacion contra otras enfermedades infecciosas unicas especificadas,,,
Z269,Necesidad de inmunizacion contra enfermedad infecciosa no especificada,,,
Z270,Necesidad de inmunizacion contra el colera y la tifoidea-paratifoidea [colera + TAB],,,
Z271,Necesidad de inmunizacion contra difteria-pertussis-tetanos combinados [DPT],,000H,004A
Z272,Necesidad de inmunizacion contra difteria-pertussis-tetanos y tifoidea-paratifoidea [DPT + TAB],,,
Z273,Necesidad de inmunizacion contra difteria-pertussis-tetanos y poliomielitis [DPT + polio],,000H,004A
Z274,Necesidad de inmunizacion contra sarampion-parotiditis-rubeola- [SPR] [MMR],,006A,010A
Z278,Necesidad de inmunizacion contra otras combinaciones de enfermedades infecciosas,,,
Z279,Necesidad de inmunizacion contra combinaciones no especificadas de enfermedades infecciosas,,,
Z280,Inmunizacion no realizada por contraindicacion,,,
Z281,"Inmunizacion no realizada por decision del paciente, por motivos de creencia o presion de grupo",,,
Z282,"Inmunizacion no realizada por decision del paciente, por otras razones y las no especificadas",,,
Z288,Inmunizacion no realizada por otras razones,,,
Z289,Inmunizacion no realizada por razon no especificada,,,
Z290,Aislamiento,,,
Z291,Inmunoterapia profilactica,,,
Z292,Otra quimioterapia profilactica,,,
Z298,Otras medidas profilacticas especificadas,,,
Z299,Medida profilactica no especificada,,,
Z300,Consejo y asesoramiento general sobre la anticoncepcion,,010A,054A
Z301,Insercion de dispositivo anticonceptivo (intrauterino),2,010A,054A
Z302,Esterilizacion,,,
Z303,Extraccion menstrual,2,010A,054A
Z304,Supervision del uso de drogas anticonceptivas,,010A,054A
Z305,Supervision del uso de dispositivo anticonceptivo (intrauterino),2,010A,054A
Z308,Otras atenciones especificadas para la anticoncepcion,,,
Z309,"Asistencia para la anticoncepcion, no especificada",,,
Z310,Tuboplastia o vasoplastia posterior a esterilizacion,,,
Z311,Inseminacion artificial,2,020A,035A
Z312,Fecundacion in vitro,2,020A,035A
Z313,Otros metodos de atencion para la fecundacion,,020A,035A
Z314,Investigacion y prueba para la procreacion,,020A,050A
Z315,Asesoramiento genetico,,,
Z316,Consejo y asesoramiento general sobre la procreacion,,,
Z318,Otra atencion especificada para la procreacion,,,
Z319,Atencion no especificada relacionada con la procreacion,,,
Z320,Embarazo (aun) no confirmado,2,010A,054A
Z321,Embarazo confirmado,2,010A,054A
Z33X,"Estado de embarazo, incidental",2,010A,054A
Z340,Supervision de primer embarazo normal,2,010A,054A
Z348,Supervision de otros embarazos normales,2,010A,054A
Z349,Supervision de embarazo normal no especificado,2,010A,054A
Z350,Supervision de embarazo con historia de esterilidad,2,010A,054A
Z351,Supervision de embarazo con historia de aborto,2,010A,054A
Z352,Supervision de embarazo con otro riesgo en la historia obstetrica o reproductiva,2,010A,054A
Z353,Supervision de embarazo con historia de insuficiente atencion prenatal,2,010A,054A
Z354,Supervision de embarazo con gran multiparidad,2,010A,054A
Z355,Supervision de primigesta anosa,2,010A,054A
Z356,Supervision de primigesta muy joven,2,010A,054A
Z357,Supervision de embarazo de alto riesgo debido a problemas sociales,2,010A,054A
Z358,Supervision de otros embarazos de alto riesgo,2,010A,054A
Z359,"Supervision de embarazo de alto riesgo, sin otra especificacion",2,010A,054A
Z360,Pesquisa prenatal para anomalias cromosomicas,2,010A,054A
Z361,Pesquisa prenatal para medir niveles elevados de alfafetoproteinas,2,010A,054A
Z362,Otras pesquisas prenatales basadas en amniocentesis,2,010A,054A
Z363,Pesquisa prenatal de malformaciones usando ultrasonido y otros metodos fisicos,2,010A,054A
Z364,Pesquisa prenatal del retardo del crecimiento fetal usando ultrasonido y otros metodos fisicos,2,010A,054A
Z365,Pesquisa prenatal para isoinmunizacion,2,010A,054A
Z368,Otras pesquisas prenatales especificas,2,010A,054A
Z369,"Pesquisa prenatal, sin otra especificacion",2,010A,054A
Z370,"Nacido vivo, unico",,010A,054A
Z371,"Nacido muerto, unico",,010A,054A
Z372,"Gemelos, ambos nacidos vivos",,010A,054A
Z373,"Gemelos, un nacido vivo y un nacido muerto",,010A,054A
Z374,"Gemelos, ambos nacidos muertos",,010A,054A
Z375,"Otros nacimientos multiples, todos nacidos vivos",,010A,054A
Z376,"Otros nacimientos multiples, algunos nacidos vivos",,010A,054A
Z377,"Otros nacimientos multiples, todos nacidos muertos",,010A,054A
Z379,Producto del parto no especificado,,010A,054A
Z380,"Producto unico, nacido en hospital",,000H,027D
Z381,"Producto unico, nacido fuera de hospital",,000H,027D
Z382,"Producto unico, lugar de nacimiento no especificado",,000H,027D
Z383,"Gemelos, nacidos en hospital",,000H,027D
Z384,"Gemelos, nacidos fuera de hospital",,000H,027D
Z385,"Gemelos, lugar de nacimiento no especificado",,000H,027D
Z386,"Otros nacimientos multiples, en hospital",,000H,027D
Z387,"Otros nacimientos multiples, fuera del hospital",,000H,027D
Z388,"Otros nacimientos multiples, lugar de nacimiento no especificado",,000H,027D
Z390,Atencion y examen inmediatamente despues del parto,2,010A,054A
Z391,Atencion y examen de madre en periodo de lactancia,2,010A,054A
Z392,"Seguimiento postparto, de rutina",2,010A,054A
Z400,Cirugia profilactica por factores de riesgo relacionados con tumores malignos,,,
Z408,Otra cirugia profilactica,,,
Z409,Cirugia profilactica no especificada,,,
Z410,Trasplante de pelo,,,
Z411,Otras cirugias plasticas por razones esteticas,,,
Z412,Circuncision ritual o de rutina,,,
Z413,Perforacion de la oreja,,,
Z418,Otros procedimientos para otros propositos que no sean los de mejorar el estado de salud,,,
Z419,Procedimiento no especificado para otros propositos que no sean los de mejorar el estado de salud,,,
Z420,Cuidados posteriores a la cirugia plastica de la cabeza y del cuello,,,
Z421,Cuidados posteriores a la cirugia plastica de la mama,,,
Z422,Cuidados posteriores a la cirugia plastica de otras partes especificadas del tronco,,,
Z423,Cuidados posteriores a la cirugia plastica de las extremidades superiores,,,
Z424,Cuidados posteriores a la cirugia plastica de las extremidades inferiores,,,
Z428,Cuidados posteriores a la cirugia plastica de otras partes especificadas del cuerpo,,,
Z429,Cuidados posteriores a la cirugia plastica no especificada,,,
Z430,Atencion de traqueostomia,,,
Z431,Atencion de gastrostomia,,,
Z432,Atencion de ileostomia,,,
Z433,Atencion de colostomia,,,
Z434,Atencion de otros orificios artificiales de las vias digestivas,,,
Z435,Atencion de cistostomia,,,
Z436,Atencion de otros orificios artificiales de las vias urinarias,,,
Z437,Atencion de vagina artificial,2,,
Z438,Atencion de otros orificios artificiales,,,
Z439,Atencion de orificio artificial no especificado,,,
Z440,Prueba y ajuste de brazo artificial (completo) (parcial),,,
Z441,Prueba y ajuste de pierna artificial (completa) (parcial),,,
Z442,Prueba y ajuste de ojo artificial,,,
Z443,Prueba y ajuste de protesis mamaria externa,,,
Z448,Prueba y ajuste de otros dispositivos protesicos externos,,,
Z449,Prueba y ajuste de dispositivo protesico externo no especificado,,,
Z450,Asistencia y ajuste de dispositivos cardiacos,,,
Z451,Asistencia y ajuste de bomba de infusion,,,
Z452,Asistencia y ajuste de dispositivos de acceso vascular,,,
Z453,Asistencia y ajuste de dispositivo auditivo implantado,,,
Z458,Asistencia y ajuste de otros dispositivos implantados,,,
Z459,Asistencia y ajuste de dispositivo implantado no especificado,,,
Z460,Prueba y ajuste de anteojos y lentes de contacto,,,
Z461,Prueba y ajuste de audifonos,,,
Z462,Prueba y ajuste de otros dispositivos relacionados con el sistema nervioso y los sentidos especiales,,,
Z463,Prueba y ajuste de protesis dental,,,
Z464,Prueba y ajuste de dispositivo ortodoncico,,,
Z465,Prueba y ajuste de ileostomia u otro dispositivo intestinal,,,
Z466,Prueba y ajuste de dispositivo urinario,,,
Z467,Prueba y ajuste de dispositivo ortopedico,,,
Z468,Prueba y ajuste de otros dispositivos especificados,,,
Z469,Prueba y ajuste de dispositivo no especificado,,,
Z470,Cuidados posteriores a la extraccion de placa u otro dispositivo de fijacion interna en fractura,,,
Z478,Otros cuidados especificados posteriores a la ortopedia,,,
Z479,"Cuidado posterior a la ortopedia, no especificado",,,
Z480,Atencion de los apositos y suturas,,,
Z488,Otros cuidados especificados posteriores a la cirugia,,,
Z489,"Cuidado posterior a la cirugia, no especificado",,,
Z490,Cuidados preparatorios para dialisis,,,
Z491,Dialisis extracorporea,,,
Z492,Otras dialisis,,,
Z500,Rehabilitacion cardiaca,,,
Z501,Otras terapias fisicas,,,
Z502,Rehabilitacion del alcoholico,,,
Z503,Rehabilitacion del drogadicto,,,
Z504,"Psicoterapia, no clasificada en otra parte",,,
Z505,Terapia del lenguaje,,,
Z506,Adiestramiento ortoptico,,,
Z507,"Terapia ocupacional y rehabilitacion vocacional, no clasificada en otra parte",,,
Z508,Atencion por otros procedimientos de rehabilitacion,,,
Z509,"Atencion por procedimiento de rehabilitacion, no especificada",,,
Z510,Sesion de radioterapia,,,
Z511,Sesion de quimioterapia por tumor,,,
Z512,Otra quimioterapia,,,
Z513,Transfusion de sangre sin diagnostico informado,,,
Z514,"Atencion preparatoria para tratamiento subsecuente, no clasificado en otra parte",,,
Z515,Atencion paliativa,,,
Z516,Desensibilizacion a alergenos,,,
Z518,Otras atenciones medicas especificadas,,,
Z519,"Atencion medica, no especificada",,,
Z520,Donante de sangre,,,
Z521,Donante de piel,,,
Z522,Donante de hueso,,,
Z523,Donante de medula osea,,,
Z524,Donante de rinon,,,
Z525,Donante de cornea,,,
Z526,Donante de higado,,,
Z527,Donante de corazon,,,
Z528,Donante de otros organos o tejidos,,,
Z529,Donante de organo o tejido no especificado,,,
Z530,Procedimiento no realizado por contraindicacion,,,
Z531,"Procedimiento no realizado por decision del paciente, por razones de creencia o presion de grupo",,,
Z532,"Procedimiento no realizado por decision del paciente, por otras razones y las no especificadas",,,
Z538,Procedimiento no realizado por otras razones,,,
Z539,Procedimiento no realizado por razon no especificada,,,
Z540,Convalecencia consecutiva a cirugia,,,
Z541,Convalecencia consecutiva a radioterapia,,,
Z542,Convalecencia consecutiva a quimioterapia,,,
Z543,Convalecencia consecutiva a psicoterapia,,,
Z544,Convalecencia consecutiva a tratamiento de fractura,,,
Z547,Convalecencia consecutiva a tratamiento combinado,,,
Z548,Convalecencia consecutiva a otros tratamientos,,,
Z549,Convalecencia consecutiva a tratamiento no especificado,,,
Z550,Problemas relacionados con el analfabetismo o bajo nivel de instruccion,,,
Z551,Problemas relacionados con la educacion no disponible o inaccesible,,,
Z552,Problemas relacionados con la falla en los examenes,,,
Z553,Problemas relacionados con el bajo rendimiento escolar,,,
Z554,Problemas relacionados con la inadaptacion educacional y desavenencias con maestros y companeros,,,
Z558,Otros problemas relacionados con la educacion y la alfabetizacion,,,
Z559,Problema no especificado relacionado con la educacion y la alfabetizacion,,,
Z560,"Problemas relacionados con el desempleo, no especificados",,,
Z561,Problemas relacionados con el cambio de empleo,,,
Z562,Problemas relacionados con amenaza de perdida del empleo,,,
Z563,Problemas relacionados con horario estresante de trabajo,,,
Z564,Problemas relacionados con desavenencias con el jefe y los companeros de trabajo,,,
Z565,Problemas relacionados con el trabajo incompatible,,,
Z566,Otros problemas de tension fisica o mental relacionadas con el trabajo,,,
Z567,Otros problemas y los no especificados relacionados con el empleo,,,
Z570,Exposicion ocupacional al ruido,,,
Z571,Exposicion ocupacional a la radiacion,,,
Z572,Exposicion ocupacional al polvo,,,
Z573,Exposicion ocupacional a otro contaminante del aire,,,
Z574,Exposicion ocupacional a agentes toxicos en agricultura,,,
Z575,Exposicion ocupacional a agentes toxicos en otras industrias,,,
Z576,Exposicion ocupacional a temperatura extrema,,,
Z577,Exposicion ocupacional a la vibracion,,,
Z578,Exposicion ocupacional a otros factores de riesgo,,,
Z579,Exposicion ocupacional a factor de riesgo no especificado,,,
Z580,Exposicion al ruido,,,
Z581,Exposicion al aire contaminado,,,
Z582,Exposicion al agua contaminada,,,
Z583,Exposicion al suelo contaminado,,,
Z584,Exposicion a la radiacion,,,
Z585,Exposicion a otras contaminaciones del ambiente fisico,,,
Z586,Suministro inadecuado de agua potable,,,
Z587,Exposicion al humo del tabaco,,,
Z588,Otros problemas relacionados con el ambiente fisico,,,
Z589,Problema no especificado relacionado con el ambiente fisico,,,
Z590,Problemas relacionados con la falta de vivienda,,,
Z591,Problemas relacionados con vivienda inadecuada,,,
Z592,Problemas caseros y con vecinos e inquilinos,,,
Z593,Problemas relacionados con persona que reside en una institucion,,,
Z594,Problemas relacionados con la falta de alimentos adecuados,,,
Z595,Problemas relacionados con pobreza extrema,,,
Z596,Problemas relacionados con bajos ingresos,,,
Z597,Problemas relacionados con seguridad social y sostenimiento insuficientes para el bienestar,,,
Z598,Otros problemas relacionados con la vivienda y las circunstancias economicas,,,
Z599,Problemas no especificados relacionados con la vivienda y las circunstancias economicas,,,
Z600,Problemas relacionados con el ajuste a las transiciones del ciclo vital,,,
Z601,Problemas relacionados con situacion familiar atipica,,,
Z602,Problemas relacionados con persona que vive sola,,,
Z603,Problemas relacionados con la adaptacion cultural,,,
Z604,Problemas relacionados con exclusion y rechazo social,,,
Z605,Problemas relacionados con la discriminacion y persecucion percibidas,,,
Z608,Otros problemas relacionados con el ambiente social,,,
Z609,Problema no especificado relacionado con el ambiente social,,,
Z610,Problemas relacionados con la perdida de relacion afectiva en la infancia,,000H,009A
Z611,Problemas relacionados con el alejamiento del hogar en la infancia,,000H,009A
Z612,Problemas relacionados con alteracion en el patron de la relacion familiar en la infancia,,000H,009A
Z613,Problemas relacionados con eventos que llevaron a la perdida de la autoestima en la infancia,,000H,009A
Z614,Problemas relacionados con el abuso sexual del nino por persona dentro del grupo de apoyo primario,,000H,009A
Z615,Problemas relacionados con el abuso sexual del nino por persona ajena al grupo de apoyo primario,,000H,009A
Z616,Problemas relacionados con abuso fisico del nino,,000H,009A
Z617,Problemas relacionados con experiencias personales atemorizantes en la infancia,,,
Z618,Problemas relacionados con otras experiencias negativas en la infancia,,,
Z619,Problemas relacionados con experiencia negativa no especificada en la infancia,,,
Z620,Problemas relacionados con la supervision o el control inadecuados de los padres,,000H,009A
Z621,Problemas relacionados con la sobreproteccion de los padres,,000H,009A
Z622,Problemas relacionados con la crianza en institucion,,000H,009A
Z623,Problemas relacionados con hostilidad y reprobacion al nino,,000H,009A
Z624,Problemas relacionados con el abandono emocional del nino,,000H,009A
Z625,Otros problemas relacionados con negligencia en la crianza del nino,,000H,009A
Z626,Problemas relacionados con presiones inapropiadas de los padres y otras anormalidades en la calidad de la crianza,,000H,009A
Z628,Otros problemas especificados y relacionados con la crianza del nino,,000H,009A
Z629,Problema no especificado relacionado con la crianza del nino,,000H,009A
Z630,Problemas en la relacion entre esposos o pareja,,012A,120A
Z631,Problemas en la relacion con los padres y los familiares politicos,,,
Z632,Problemas relacionados con el apoyo familiar inadecuado,,,
Z633,Problemas relacionados con la ausencia de un miembro de la familia,,,
Z634,Problemas relacionados con la desaparicion o muerte de un miembro de la familia,,,
Z635,Problemas relacionados con la ruptura familiar por separacion o divorcio,,,
Z636,"Problemas relacionados con familiar dependiente, necesitado de cuidado en la casa",,,
Z637,Problemas relacionados con otros hechos estresantes que afectan a la familia y al hogar,,,
Z638,Otros problemas especificados relacionados con el grupo primario de apoyo,,,
Z639,Problema no especificado relacionado con el grupo primario de apoyo,,,
Z640,Problemas relacionados con embarazo no deseado,,010A,054A
Z641,Problemas relacionados con la multiparidad,,010A,054A
Z642,"Problemas relacionados con la solicitud o aceptacion de intervenciones fisicas, nutricionales y quimicas, conociendo su riesgo y peligro",,,
Z643,"Problemas relacionados con la solicitud o aceptacion de intervenciones psicologicas o de la conducta, conociendo su riesgo y peligro",,,
Z644,Problemas relacionados con el desacuerdo con consejeros,,,
Z650,Problemas relacionados con culpabilidad en procedimientos civiles o criminales sin prision,,,
Z651,Problemas relacionados con prision y otro encarcelamiento,,,
Z652,Problemas relacionados con la liberacion de la prision,,,
Z653,Problemas relacionados con otras circunstancias legales,,,
Z654,Problemas relacionados con victima de crimen o terrorismo,,,
Z655,"Problemas relacionados con la exposicion a desastre, guerra u otras hostilidades",,,
Z658,Otros problemas especificados relacionados con circunstanciancias psicosociales,,,
Z659,Problemas relacionados con circunstancias psicosociales no especificadas,,,
Z700,Consulta relacionada con la actitud sexual,,010A,085A
Z701,Consulta relacionada con la orientacion y conducta sexual del paciente,,010A,085A
Z702,Consulta relacionada con la orientacion y conducta sexual de una tercera persona,,010A,085A
Z703,"Consulta relacionada con preocupaciones combinadas sobre la actitud, la conducta y la orientacion sexuales",,010A,085A
Z708,Otras consultas sexuales especificas,,010A,085A
Z709,"Consulta sexual, no especificada",,010A,085A
Z710,Persona que consulta en nombre de otra persona,,,
Z711,"Persona que teme estar enferma, a quien no se hace diagnostico",,018A,120A
Z712,Persona que consulta para la explicacion de hallazgos de investigacion,,,
Z713,Consulta para instruccion y vigilancia de la dieta,,,
Z714,Consulta para asesoria y vigilancia por abuso de alcohol,,,
Z715,Consulta para asesoria y vigilancia por abuso de drogas,,,
Z716,Consulta para asesoria por abuso de tabaco,,,
Z717,Consulta para asesoria sobre el virus de la inmunodeficiencia humana [VIH],,,
Z718,Otras consultas especificadas,,,
Z719,"Consulta, no especificada",,,
Z720,Problemas relacionados con el uso del tabaco,,,
Z721,Problemas relacionados con el uso del alcohol,,,
Z722,Problemas relacionados con el uso de drogas,,,
Z723,Problemas relacionados con falta de ejercicio fisico,,,
Z724,Problemas relacionados con la dieta y habitos alimentarios inapropiados,,,
Z725,Problemas relacionados con la conducta sexual de alto riesgo,,,
Z726,Problemas relacionados con el juego y las apuestas,,,
Z728,Otros problemas relacionados con el estilo de vida,,,
Z729,Problema no especificado relacionado con el estilo de vida,,,
Z730,Problemas relacionados con la enfermedad consuntiva,,,
Z731,Problemas relacionados con la acentuacion de rasgos de la personalidad,,,
Z732,Problemas relacionados con la falta de relajacion y descanso,,,
Z733,"Problemas relacionados con el estres, no clasificados en otra parte",,,
Z734,"Problemas relacionados con habilidades sociales inadecuadas, no clasificados en otra parte",,,
Z735,"Problemas relacionados con el conflicto del rol social, no clasificados en otra parte",,,
Z736,Problemas relacionados con la limitacion de las actividades debido a discapacidad,,,
Z738,Otros problemas relacionados con dificultades con el modo de vida,,,
Z739,Problemas no especificados relacionados con dificultades con el modo de vida,,,
Z740,Necesidad de asistencia debida a movilidad reducida,,,
Z741,Problemas relacionados con la necesidad de ayuda para el cuidado personal,,,
Z742,Problemas relacionados con la necesidad de asistencia domiciliaria y que ningun otro miembro del hogar puede proporcionar,,,
Z743,Problemas relacionados con la necesidad de supervision continua,,,
Z748,Otros problemas relacionados con dependencia del prestador de servicios,,,
Z749,Problema no especificado relacionado con dependencia del prestador de servicios,,,
Z750,Problemas relacionados con servicio medico no disponible en el domicilio,,,
Z751,Problemas relacionados con persona esperando admision en una institucion apropiada en otro lugar,,,
Z752,Problemas relacionados con persona en otro periodo de espera para investigacion y tratamiento,,,
Z753,Problemas relacionados con atencion de salud no disponible o inaccesible,,,
Z754,Problemas relacionados con otros servicios asistenciales no disponibles o inaccesibles,,,
Z755,Problemas relacionados con la atencion durante vacaciones de la familia,,,
Z758,Otros problemas relacionados con servicios medicos y de salud,,,
Z759,Problema no especificado relacionado con servicios medicos y de salud,,,
Z760,Consulta para repeticion de receta,,,
Z761,Consulta para atencion y supervision de la salud del nino abandonado,,000H,014A
Z762,Consulta para atencion y supervision de la salud de otros ninos o lactantes sanos,,000H,014A
Z763,Persona sana que acompana al enfermo,,,
Z764,Otro huesped en servicios de salud,,,
Z765,Persona que consulta con simulacion consciente [simulador],,,
Z768,Persona en contacto con los servicios de salud en otras circunstancias especificadas,,,
Z769,Persona en contacto con los servicios de salud en circunstancias no especificadas,,,
Z800,Historia familiar de tumor maligno de organos digestivos,,,
Z801,"Historia familiar de tumor maligno de traquea, bronquios y pulmon",,,
Z802,Historia familiar de tumor maligno de otros organos respiratorios e intratoracicos,,,
Z803,Historia familiar de tumor maligno de mama,,,
Z804,Historia familiar de tumor maligno de organos genitales,,,
Z805,Historia familiar de tumor maligno de vias urinarias,,,
Z806,Historia familiar de leucemia,,,
Z807,"Historia familiar de otros tumores malignos del tejido linfoide, hematopoyetico y tejidos relacionados",,,
Z808,Historia familiar de tumor maligno de otros organos o sistemas especificados,,,
Z809,"Historia familiar de tumor maligno, de sitio no especificado",,,
Z810,Historia familiar de retardo mental,,,
Z811,Historia familiar de abuso de alcohol,,,
Z812,Historia familiar de abuso del tabaco,,,
Z813,Historia familiar de abuso de otras sustancias psicoactivas,,,
Z814,Historia familiar de abuso de otras sustancias,,,
Z818,Historia familiar de otros trastornos mentales y del comportamiento,,,
Z820,Historia familiar de epilepsia y otras enfermedades del sistema nervioso,,,
Z821,Historia familiar de ceguera o perdida de la vision,,,
Z822,Historia familiar de sordera o perdida de la audicion,,,
Z823,Historia familiar de apoplejia,,,
Z824,Historia familiar de enfermedad isquemica del corazon y otras enfermedades del sistema circulatorio,,,
Z825,Historia familiar de asma y de otras enfermedades cronicas de las vias respiratorias inferiores,,,
Z826,Historia familiar de artritis y otras enfermedades del sistema osteomuscular y tejido conjuntivo,,,
Z827,"Historia familiar de malformaciones congenitas, deformidades y otras anomalias cromosomicas",,,
Z828,Historia familiar de otras discapacidades y enfermedades cronicas incapacitantes no clasificadas en otra parte,,,
Z830,Historia familiar de infeccion por el virus de la inmunodeficiencia humana [VIH],,,
Z831,Historia familiar de otras enfermedades infecciosas y parasitarias,,,
Z832,Historia familiar de enfermedades de la sangre y de los organos hematopoyeticos y de ciertos trastornos del mecanismo inmunologico,,,
Z833,Historia familiar de diabetes mellitus,,,
Z834,"Historia familiar de otras enfermedades endocrinas, nutricionales y metabolicas",,,
Z835,Historia familiar de trastornos de los ojos y de los oidos,,,
Z836,Historia familiar de enfermedades del sistema respiratorio,,,
Z837,Historia familiar de enfermedades del sistema digestivo,,,
Z840,Historia familiar de enfermedades de la piel y del tejido subcutaneo,,,
Z841,Historia familiar de trastornos del rinon y del ureter,,,
Z842,Historia familiar de otras enfermedades del sistema genitourinario,,,
Z843,Historia familiar de consanguinidad,,,
Z848,Historia familiar de otras afecciones especificadas,,,
Z850,Historia personal de tumor maligno de organos digestivos,,,
Z851,"Historia personal de tumor maligno de traquea, bronquios y pulmon",,,
Z852,Historia personal de tumor maligno de otros organos respiratorios e intratoracicos,,,
Z853,Historia personal de tumor maligno de mama,,,
Z854,Historia personal de tumor maligno de organos genitales,,,
Z855,Historia personal de tumor maligno de vias urinarias,,,
Z856,Historia personal de leucemia,,,
Z857,"Historia personal de otros tumores malignos del tejido linfoide, hematopoyetico y tejidos relacionados",,,
Z858,Historia personal de tumor maligno de otros organos y sistemas,,,
Z859,"Historia personal de tumor maligno, de sitio no especificado",,,
Z860,Historia personal de otros tumores,,,
Z861,Historia personal de enfermedades infecciosas y parasitarias,,,
Z862,Historia personal de enfermedades de la sangre y de los organos hematopoyeticos y de ciertos trastornos del mecanismo inmunologico,,,
Z863,"Historia personal de enfermedades endocrinas, nutricionales y metabolicas",,,
Z864,Historia personal de abuso de sustancias psicoactivas,,,
Z865,Historia personal de otros trastornos mentales o del comportamiento,,,
Z866,Historia personal de enfermedades del sistema nervioso y de los organos de los sentidos,,,
Z867,Historia personal de enfermedades del sistema circulatorio,,,
Z870,Historia personal de enfermedades del sistema respiratorio,,,
Z871,Historia personal de enfermedades del sistema digestivo,,,
Z872,Historia personal de enfermedades de la piel y del tejido subcutaneo,,,
Z873,Historia personal de enfermedades del sistema osteomuscular y del tejido conjuntivo,,,
Z874,Historia personal de enfermedades del sistema genitourinario,,,
Z875,"Historia personal de complicaciones del embarazo, del parto y del puerperio",2,010A,054A
Z876,Historia personal de ciertas afecciones originadas en el periodo perinatal,,,
Z877,"Historia personal de malformaciones congenitas, deformidades y anomalias cromosomicas",,,
Z878,Historia personal de otras afecciones especificadas,,,
Z880,Historia personal de alergia a penicilina,,,
Z881,Historia personal de alergia a otros agentes antibioticos,,,
Z882,Historia personal de alergia a sulfonamidas,,,
Z883,Historia personal de alergia a otros agentes antiinfecciosos,,,
Z884,Historia personal de alergia a agente anestesico,,,
Z885,Historia personal de alergia a agente narcotico,,,
Z886,Historia personal de alergia a agente analgesico,,,
Z887,Historia personal de alergia a suero o vacuna,,,
Z888,"Historia personal de alergia a otras drogas, medicamentos y sustancias biologicas",,,
Z889,"Historia personal de alergia a drogas, medicamentos y sustancias biologicas no especificadas",,,
Z890,"Ausencia adquirida de dedo(s), [incluido el pulgar], unilateral",,,
Z891,Ausencia adquirida de mano y muneca,,,
Z892,Ausencia adquirida de miembro superior por arriba de la muneca,,,
Z893,Ausencia adquirida de ambos miembros superiores [cualquier nivel],,,
Z894,Ausencia adquirida de pie y tobillo,,,
Z895,Ausencia adquirida de pierna a nivel de o debajo de la rodilla,,,
Z896,Ausencia adquirida de pierna por arriba de la rodilla,,,
Z897,"Ausencia adquirida de ambos miembros inferiores [cualquier nivel, excepto dedos del pie solamente]",,,
Z898,Ausencia adquirida de miembros superiores e inferiores [cualquier nivel],,,
Z899,Ausencia adquirida de miembros no especificados,,,
Z900,Ausencia adquirida de parte de la cabeza y del cuello,,,
Z901,Ausencia adquirida de mama(s),,,
Z902,Ausencia adquirida (de parte) del pulmon,,,
Z903,Ausencia adquirida de parte del estomago,,,
Z904,Ausencia adquirida de otras partes del tubo digestivo,,,
Z905,Ausencia adquirida de rinon,,,
Z906,Ausencia adquirida de otras partes de las vias urinarias,,,
Z907,Ausencia adquirida de organo(s) genital(es),,,
Z908,Ausencia adquirida de otros organos,,,
Z910,"Historia personal de alergia, no debida a drogas ni a sustancias biologicas",,,
Z911,Historia personal de incumplimiento del regimen o tratamiento medico,,,
Z912,Historia personal de higiene personal deficiente,,,
Z913,Historia personal de ciclo sueno-vigilia no saludable,,,
Z914,"Historia personal de trauma psicologico, no clasificado en otra parte",,,
Z915,Historia personal de lesion autoinfligida intencionalmente,,,
Z916,Historia personal de otro trauma fisico,,,
Z918,"Historia personal de otros factores de riesgo, no clasificados en otra parte",,,
Z920,Historia personal de anticoncepcion,,010A,085A
Z921,Historia personal de uso (presente) de anticoagulantes por largo tiempo,,,
Z922,Historia personal de uso (presente) de otros medicamentos por largo tiempo,,,
Z923,Historia personal de irradiacion,,,
Z924,Historia personal de cirugia mayor no clasificada en otra parte,,,
Z925,Historia personal de medidas de rehabilitacion,,,
Z926,Historia personal de quimioterapia por enfermedad neoplasica,,,
Z928,Historia personal de otros tratamientos medicos,,,
Z929,Historia personal de tratamiento medico no especificado,,,
Z930,Traqueostomia,,,
Z931,Gastrostomia,,,
Z932,Ileostomia,,,
Z933,Colostomia,,,
Z934,Otros orificios artificiales del tubo gastrointestinal,,,
Z935,Cistostomia,,,
Z936,Otros orificios artificiales de las vias urinarias,,,
Z938,Otras aberturas artificiales,,,
Z939,"Abertura artificial, no especificada",,,
Z940,Trasplante de rinon,,,
Z941,Trasplante de corazon,,,
Z942,Trasplante de pulmon,,,
Z943,Trasplante de corazon y pulmones,,,
Z944,Trasplante de higado,,,
Z945,Trasplante de piel,,,
Z946,Trasplante de hueso,,,
Z947,Trasplante de cornea,,,
Z948,Otros organos y tejidos trasplantados,,,
Z949,organo o tejido trasplantado no especificado,,,
Z950,Presencia de dispositivos cardiacos electronicos,,,
Z951,Presencia de derivacion aortocoronaria,,,
Z952,Presencia de valvula cardiaca protesica,,,
Z953,Presencia de valvula cardiaca xenogenica,,,
Z954,Presencia de otros reemplazos de valvula cardiaca,,,
Z955,"Presencia de angioplastia, injertos y protesis coronarias",,,
Z958,Presencia de otros injertos y protesis cardiovasculares,,,
Z959,Presencia de injertos e implantes cardiovasculares no especificados,,,
Z960,Presencia de implante urogenital,,,
Z961,Presencia de lentes intraoculares,,,
Z962,Presencia de implantes oticos y auditivos,,,
Z963,Presencia de laringe artificial,,,
Z964,Presencia de implantes endocrinos,,,
Z965,Presencia de implantes de raiz de diente y de mandibula,,,
Z966,Presencia de implante ortopedico articular,,,
Z967,Presencia de otros implantes de tendones y huesos,,,
Z968,Presencia de otros implantes funcionales especificados,,,
Z969,Presencia de implantes funcionales no especificados,,,
Z970,Presencia de ojo artificial,,,
Z971,Presencia de miembro artificial (completo) (parcial),,,
Z972,Presencia de dispositivo protesico dental (completo) (parcial),,001A,120A
Z973,Presencia de anteojos y lentes de contacto,,,
Z974,Presencia de audifono externo,,,
Z975,Presencia de dispositivo anticonceptivo (intrauterino),2,010A,054A
Z978,Presencia de otros dispositivos especificados,,,
Z980,Estado de derivacion intestinal o anastomosis,,,
Z981,Estado de artrodesis,,,
Z982,Presencia de dispositivo para drenaje de liquido cefalorraquideo,,,
Z988,Otros estados postquirurgicos especificados,,,
Z990,Dependencia de aspirador,,,
Z991,Dependencia de respirador,,,
Z992,Dependencia de dialisis renal,,,
Z993,Dependencia de silla de ruedas,,,
Z994,Dependencia de corazón artificial,,,
Z998,Dependencia de otras maquinas y dispositivos capacitantes,,,
Z999,"Dependencia de maquina y dispositivo capacitante, no especificada",,,
U049,"Sindrome respiratorio agudo grave [SRAG], no especificado",,,
U060,Uso emergente de U06.0,,,
U061,Uso emergente de U06.1,,,
U062,Uso emergente de U06.2,,,
U063,Uso emergente de U06.3,,,
U064,Uso emergente de U06.4,,,
U065,Uso emergente de U06.5,,,
U066,Uso emergente de U06.6,,,
U067,Uso emergente de U06.7,,,
U068,Uso emergente de U06.8,,,
U069,"Enfermedad por virus Zika, no especificado
[Fiebre por virus Zika; Infección por el virus Zika; Encefalitis Zika]",,,
U070,Uso emergente de U07.0,,,
U071,Uso emergente de U07.1,,,
U072,Uso emergente de U07.2,,,
U073,Uso emergente de U07.3,,,
U074,Uso emergente de U07.4,,,
U075,Uso emergente de U07.5,,,
U076,Uso emergente de U07.6,,,
U077,Uso emergente de U07.7,,,
U078,Uso emergente de U07.8,,,
U079,Uso emergente de U07.9,,,
U820,Resistencia a penicilina ,,,
U821,Resistencia a meticilina,,,
U822,Resistencia a betalactamasa de espectro extendido (BLEE),,,
U828,Resistencia a otros antibióticos betaláctamicos,,,
U829,"Resistencia a antibióticos betaláctamicos, no especificados",,,
U830,Resistencia a vancomicina,,,
U831,Resistencia a otros antibióticos similares a vancomicina,,,
U832,Resistencia a quinolonas,,,
U837,Resistencia a múltiples antibióticos,,,
U838,Resistencia a otros antibióticos únicos especificados,,,
U839,Resistencia a antibióticos no especificados,,,
U840,Resistencia a drogas antiparasitarias,,,
U841,Resistencia a drogas antimicóticas,,,
U842,Resistencia a drogas antivirales,,,
U843,Resistencia a drogas antituberculosas,,,
U847,Resistencia a múltiples drogas antimicrobianas,,,
U848,Resistencia a otras drogas antimicrobianas especificadas,,,
U849,Resistencia a drogas antimicrobianas no especificadas,,,
U85X,Resistencia a drogas antineoplásicas,,,